path	kind	purpose
AndroidManifest.xml	manifest	Android 包、组件、权限和启动声明
assets/config.json	config	Cocos 入口、版本和屏幕配置
assets/res/app/activity/bg.png	game resource	游戏 UI、场景、图标或玩法资源
assets/res/app/activity/bg_seven.png	game resource	游戏 UI、场景、图标或玩法资源
assets/res/app/activity/btn_disabled.png	game resource	游戏 UI、场景、图标或玩法资源
assets/res/app/activity/btn_disabled1.png	game resource	游戏 UI、场景、图标或玩法资源
assets/res/app/activity/btn_disabled10.png	game resource	游戏 UI、场景、图标或玩法资源
assets/res/app/activity/btn_disabled12.png	game resource	游戏 UI、场景、图标或玩法资源
assets/res/app/activity/btn_disabled13.png	game resource	游戏 UI、场景、图标或玩法资源
assets/res/app/activity/btn_disabled14.png	game resource	游戏 UI、场景、图标或玩法资源
assets/res/app/activity/btn_disabled15.png	game resource	游戏 UI、场景、图标或玩法资源
assets/res/app/activity/btn_disabled16.png	game resource	游戏 UI、场景、图标或玩法资源
assets/res/app/activity/btn_disabled17.png	game resource	游戏 UI、场景、图标或玩法资源
assets/res/app/activity/btn_disabled18.png	game resource	游戏 UI、场景、图标或玩法资源
assets/res/app/activity/btn_disabled19.png	game resource	游戏 UI、场景、图标或玩法资源
assets/res/app/activity/btn_disabled2.png	game resource	游戏 UI、场景、图标或玩法资源
assets/res/app/activity/btn_disabled20.png	game resource	游戏 UI、场景、图标或玩法资源
assets/res/app/activity/btn_disabled22.png	game resource	游戏 UI、场景、图标或玩法资源
assets/res/app/activity/btn_disabled23.png	game resource	游戏 UI、场景、图标或玩法资源
assets/res/app/activity/btn_disabled5.png	game resource	游戏 UI、场景、图标或玩法资源
assets/res/app/activity/btn_disabled6.png	game resource	游戏 UI、场景、图标或玩法资源
assets/res/app/activity/btn_disabled7.png	game resource	游戏 UI、场景、图标或玩法资源
assets/res/app/activity/btn_disabled8.png	game resource	游戏 UI、场景、图标或玩法资源
assets/res/app/activity/btn_disabled9.png	game resource	游戏 UI、场景、图标或玩法资源
assets/res/app/activity/btn_normal.png	game resource	游戏 UI、场景、图标或玩法资源
assets/res/app/activity/btn_normal1.png	game resource	游戏 UI、场景、图标或玩法资源
assets/res/app/activity/btn_normal10.png	game resource	游戏 UI、场景、图标或玩法资源
assets/res/app/activity/btn_normal12.png	game resource	游戏 UI、场景、图标或玩法资源
assets/res/app/activity/btn_normal13.png	game resource	游戏 UI、场景、图标或玩法资源
assets/res/app/activity/btn_normal14.png	game resource	游戏 UI、场景、图标或玩法资源
assets/res/app/activity/btn_normal15.png	game resource	游戏 UI、场景、图标或玩法资源
assets/res/app/activity/btn_normal16.png	game resource	游戏 UI、场景、图标或玩法资源
assets/res/app/activity/btn_normal17.png	game resource	游戏 UI、场景、图标或玩法资源
assets/res/app/activity/btn_normal18.png	game resource	游戏 UI、场景、图标或玩法资源
assets/res/app/activity/btn_normal19.png	game resource	游戏 UI、场景、图标或玩法资源
assets/res/app/activity/btn_normal2.png	game resource	游戏 UI、场景、图标或玩法资源
assets/res/app/activity/btn_normal20.png	game resource	游戏 UI、场景、图标或玩法资源
assets/res/app/activity/btn_normal22.png	game resource	游戏 UI、场景、图标或玩法资源
assets/res/app/activity/btn_normal23.png	game resource	游戏 UI、场景、图标或玩法资源
assets/res/app/activity/btn_normal5.png	game resource	游戏 UI、场景、图标或玩法资源
assets/res/app/activity/btn_normal6.png	game resource	游戏 UI、场景、图标或玩法资源
assets/res/app/activity/btn_normal7.png	game resource	游戏 UI、场景、图标或玩法资源
assets/res/app/activity/btn_normal8.png	game resource	游戏 UI、场景、图标或玩法资源
assets/res/app/activity/btn_normal9.png	game resource	游戏 UI、场景、图标或玩法资源
assets/res/app/activity/btn_pressed.png	game resource	游戏 UI、场景、图标或玩法资源
assets/res/app/activity/bubble.png	game resource	游戏 UI、场景、图标或玩法资源
assets/res/app/activity/card1.png	game resource	游戏 UI、场景、图标或玩法资源
assets/res/app/activity/card2.png	game resource	游戏 UI、场景、图标或玩法资源
assets/res/app/activity/card3.png	game resource	游戏 UI、场景、图标或玩法资源
assets/res/app/activity/double_tag1.png	game resource	游戏 UI、场景、图标或玩法资源
assets/res/app/activity/double_tag2.png	game resource	游戏 UI、场景、图标或玩法资源
assets/res/app/activity/energy.png	game resource	游戏 UI、场景、图标或玩法资源
assets/res/app/activity/equal.png	game resource	游戏 UI、场景、图标或玩法资源
assets/res/app/activity/finger.png	game resource	游戏 UI、场景、图标或玩法资源
assets/res/app/activity/food.png	game resource	游戏 UI、场景、图标或玩法资源
assets/res/app/activity/food_tx1.plist	game resource	游戏 UI、场景、图标或玩法资源
assets/res/app/activity/food_tx1.png	game resource	游戏 UI、场景、图标或玩法资源
assets/res/app/activity/food_tx2.plist	game resource	游戏 UI、场景、图标或玩法资源
assets/res/app/activity/food_tx2.png	game resource	游戏 UI、场景、图标或玩法资源
assets/res/app/activity/frame.png	game resource	游戏 UI、场景、图标或玩法资源
assets/res/app/activity/frame1.png	game resource	游戏 UI、场景、图标或玩法资源
assets/res/app/activity/icon.png	game resource	游戏 UI、场景、图标或玩法资源
assets/res/app/activity/icon_frame.png	game resource	游戏 UI、场景、图标或玩法资源
assets/res/app/activity/img_brackets.png	game resource	游戏 UI、场景、图标或玩法资源
assets/res/app/activity/label1.png	game resource	游戏 UI、场景、图标或玩法资源
assets/res/app/activity/label2.png	game resource	游戏 UI、场景、图标或玩法资源
assets/res/app/activity/label3.png	game resource	游戏 UI、场景、图标或玩法资源
assets/res/app/activity/label4.png	game resource	游戏 UI、场景、图标或玩法资源
assets/res/app/activity/label5.png	game resource	游戏 UI、场景、图标或玩法资源
assets/res/app/activity/label6.png	game resource	游戏 UI、场景、图标或玩法资源
assets/res/app/activity/label_frame.png	game resource	游戏 UI、场景、图标或玩法资源
assets/res/app/activity/pic_double.png	game resource	游戏 UI、场景、图标或玩法资源
assets/res/app/activity/pic_gift.png	game resource	游戏 UI、场景、图标或玩法资源
assets/res/app/activity/tab_btn1.png	game resource	游戏 UI、场景、图标或玩法资源
assets/res/app/activity/tab_btn2.png	game resource	游戏 UI、场景、图标或玩法资源
assets/res/app/activity/text1.png	game resource	游戏 UI、场景、图标或玩法资源
assets/res/app/activity/text2.png	game resource	游戏 UI、场景、图标或玩法资源
assets/res/app/activity/text_bg.png	game resource	游戏 UI、场景、图标或玩法资源
assets/res/app/activity/text_frame.png	game resource	游戏 UI、场景、图标或玩法资源
assets/res/app/activity/vip/bg.png	game resource	游戏 UI、场景、图标或玩法资源
assets/res/app/activity/vip/btn_gift1.png	game resource	游戏 UI、场景、图标或玩法资源
assets/res/app/activity/vip/btn_gift2.png	game resource	游戏 UI、场景、图标或玩法资源
assets/res/app/activity/vip/btn_vip_gift1.png	game resource	游戏 UI、场景、图标或玩法资源
assets/res/app/activity/vip/btn_vip_gift2.png	game resource	游戏 UI、场景、图标或玩法资源
assets/res/app/activity/vip/btn_week_gift1.png	game resource	游戏 UI、场景、图标或玩法资源
assets/res/app/activity/vip/btn_week_gift2.png	game resource	游戏 UI、场景、图标或玩法资源
assets/res/app/activity/vip/pic_vip.png	game resource	游戏 UI、场景、图标或玩法资源
assets/res/app/activity/vip/title_vip.png	game resource	游戏 UI、场景、图标或玩法资源
assets/res/app/activity_buddha/btn_mutiple1.png	game resource	游戏 UI、场景、图标或玩法资源
assets/res/app/activity_buddha/btn_mutiple2.png	game resource	游戏 UI、场景、图标或玩法资源
assets/res/app/activity_buddha/btn_single1.png	game resource	游戏 UI、场景、图标或玩法资源
assets/res/app/activity_buddha/btn_single2.png	game resource	游戏 UI、场景、图标或玩法资源
assets/res/app/activity_buddha/frame.png	game resource	游戏 UI、场景、图标或玩法资源
assets/res/app/activity_buddha/frame_cost.png	game resource	游戏 UI、场景、图标或玩法资源
assets/res/app/activity_buddha/frame_rank.png	game resource	游戏 UI、场景、图标或玩法资源
assets/res/app/activity_buddha/icon_1066.png	game resource	游戏 UI、场景、图标或玩法资源
assets/res/app/activity_buddha/icon_1068.png	game resource	游戏 UI、场景、图标或玩法资源
assets/res/app/activity_buddha/icon_1087.png	game resource	游戏 UI、场景、图标或玩法资源
assets/res/app/activity_buddha/icon_1092.png	game resource	游戏 UI、场景、图标或玩法资源
assets/res/app/activity_buddha/icon_1093.png	game resource	游戏 UI、场景、图标或玩法资源
assets/res/app/activity_buddha/icon_1095.png	game resource	游戏 UI、场景、图标或玩法资源
assets/res/app/activity_buddha/icon_1096.png	game resource	游戏 UI、场景、图标或玩法资源
assets/res/app/activity_buddha/icon_1097.png	game resource	游戏 UI、场景、图标或玩法资源
assets/res/app/activity_buddha/icon_1098.png	game resource	游戏 UI、场景、图标或玩法资源
assets/res/app/activity_buddha/icon_1099.png	game resource	游戏 UI、场景、图标或玩法资源
assets/res/app/activity_buddha/line_horizontal.png	game resource	游戏 UI、场景、图标或玩法资源
assets/res/app/activity_buddha/line_vertical.png	game resource	游戏 UI、场景、图标或玩法资源
assets/res/app/activity_buddha/rank.png	game resource	游戏 UI、场景、图标或玩法资源
assets/res/app/activity_buddha/tip.png	game resource	游戏 UI、场景、图标或玩法资源
assets/res/app/activity_buddha/title.png	game resource	游戏 UI、场景、图标或玩法资源
assets/res/app/activity_collection/bg.png	game resource	游戏 UI、场景、图标或玩法资源
assets/res/app/activity_collection/etc.png	game resource	游戏 UI、场景、图标或玩法资源
assets/res/app/activity_collection/img_bg.png	game resource	游戏 UI、场景、图标或玩法资源
assets/res/app/activity_collection/plus.png	game resource	游戏 UI、场景、图标或玩法资源
assets/res/app/aggress/btn_cancel.png	game resource	游戏 UI、场景、图标或玩法资源
assets/res/app/aggress/btn_check.png	game resource	游戏 UI、场景、图标或玩法资源
assets/res/app/aggress/img_bar_01.png	game resource	游戏 UI、场景、图标或玩法资源
assets/res/app/aggress/img_bar_02.png	game resource	游戏 UI、场景、图标或玩法资源
assets/res/app/aggress/img_boss_background.jpg	game resource	游戏 UI、场景、图标或玩法资源
assets/res/app/aggress/img_boss_bottom.png	game resource	游戏 UI、场景、图标或玩法资源
assets/res/app/aggress/img_boss_friend.png	game resource	游戏 UI、场景、图标或玩法资源
assets/res/app/aggress/img_boss_friends_chosen.png	game resource	游戏 UI、场景、图标或玩法资源
assets/res/app/aggress/img_boss_pop_01.png	game resource	游戏 UI、场景、图标或玩法资源
assets/res/app/aggress/img_boss_pop_02.png	game resource	游戏 UI、场景、图标或玩法资源
assets/res/app/aggress/img_boss_state.png	game resource	游戏 UI、场景、图标或玩法资源
assets/res/app/aggress/img_discover_01.png	game resource	游戏 UI、场景、图标或玩法资源
assets/res/app/aggress/img_discover_02.png	game resource	游戏 UI、场景、图标或玩法资源
assets/res/app/aggress/img_help_01.png	game resource	游戏 UI、场景、图标或玩法资源
assets/res/app/aggress/img_help_02.png	game resource	游戏 UI、场景、图标或玩法资源
assets/res/app/aggress/img_invited.png	game resource	游戏 UI、场景、图标或玩法资源
assets/res/app/aggress/img_kill_01.png	game resource	游戏 UI、场景、图标或玩法资源
assets/res/app/aggress/img_kill_02.png	game resource	游戏 UI、场景、图标或玩法资源
assets/res/app/aggress/img_mvp_01.png	game resource	游戏 UI、场景、图标或玩法资源
assets/res/app/aggress/img_mvp_02.png	game resource	游戏 UI、场景、图标或玩法资源
assets/res/app/aggress/img_title_award_01.png	game resource	游戏 UI、场景、图标或玩法资源
assets/res/app/aggress/img_title_award_02.png	game resource	游戏 UI、场景、图标或玩法资源
assets/res/app/aggress/img_title_award_03.png	game resource	游戏 UI、场景、图标或玩法资源
assets/res/app/aggress/img_title_award_04.png	game resource	游戏 UI、场景、图标或玩法资源
assets/res/app/aggress/title_invite.png	game resource	游戏 UI、场景、图标或玩法资源
assets/res/app/aggress/title_jiangliyulan.png	game resource	游戏 UI、场景、图标或玩法资源
assets/res/app/animation/arrow.plist	game resource	游戏 UI、场景、图标或玩法资源
assets/res/app/animation/arrow.png	game resource	游戏 UI、场景、图标或玩法资源
assets/res/app/animation/circle_tx.plist	game resource	游戏 UI、场景、图标或玩法资源
assets/res/app/animation/circle_tx.png	game resource	游戏 UI、场景、图标或玩法资源
assets/res/app/animation/dadouyanwu.plist	game resource	游戏 UI、场景、图标或玩法资源
assets/res/app/animation/dadouyanwu.png	game resource	游戏 UI、场景、图标或玩法资源
assets/res/app/animation/daochangxiangzi/daochangxiangzi.csb	game resource	游戏 UI、场景、图标或玩法资源
assets/res/app/animation/daochangxiangzi/daochangxiangzi0.plist	game resource	游戏 UI、场景、图标或玩法资源
assets/res/app/animation/daochangxiangzi/daochangxiangzi0.png	game resource	游戏 UI、场景、图标或玩法资源
assets/res/app/animation/first.png	game resource	游戏 UI、场景、图标或玩法资源
assets/res/app/animation/first_recharge.plist	game resource	游戏 UI、场景、图标或玩法资源
assets/res/app/animation/first_recharge.png	game resource	游戏 UI、场景、图标或玩法资源
assets/res/app/animation/game_win/shenglidonghau0.csb	game resource	游戏 UI、场景、图标或玩法资源
assets/res/app/animation/game_win/shenglidonghau0.plist	game resource	游戏 UI、场景、图标或玩法资源
assets/res/app/animation/game_win/shenglidonghau0.png	game resource	游戏 UI、场景、图标或玩法资源
assets/res/app/animation/jiangli.plist	game resource	游戏 UI、场景、图标或玩法资源
assets/res/app/animation/jiangli.png	game resource	游戏 UI、场景、图标或玩法资源
assets/res/app/animation/jiesuo.plist	game resource	游戏 UI、场景、图标或玩法资源
assets/res/app/animation/jiesuo.png	game resource	游戏 UI、场景、图标或玩法资源
assets/res/app/animation/lingqi.plist	game resource	游戏 UI、场景、图标或玩法资源
assets/res/app/animation/lingqi.png	game resource	游戏 UI、场景、图标或玩法资源
assets/res/app/animation/maintain_ani.plist	game resource	游戏 UI、场景、图标或玩法资源
assets/res/app/animation/maintain_ani.png	game resource	游戏 UI、场景、图标或玩法资源
assets/res/app/animation/pointer_tx.plist	game resource	游戏 UI、场景、图标或玩法资源
assets/res/app/animation/pointer_tx.png	game resource	游戏 UI、场景、图标或玩法资源
assets/res/app/animation/shengli_xingxing.plist	game resource	游戏 UI、场景、图标或玩法资源
assets/res/app/animation/shengli_xingxing.png	game resource	游戏 UI、场景、图标或玩法资源
assets/res/app/animation/shengli_zouguang.plist	game resource	游戏 UI、场景、图标或玩法资源
assets/res/app/animation/shengli_zouguang.png	game resource	游戏 UI、场景、图标或玩法资源
assets/res/app/animation/sign.plist	game resource	游戏 UI、场景、图标或玩法资源
assets/res/app/animation/sign.png	game resource	游戏 UI、场景、图标或玩法资源
assets/res/app/animation/siwanglinghun.plist	game resource	游戏 UI、场景、图标或玩法资源
assets/res/app/animation/siwanglinghun.png	game resource	游戏 UI、场景、图标或玩法资源
assets/res/app/animation/suo/suo.csb	game resource	游戏 UI、场景、图标或玩法资源
assets/res/app/animation/suo/suo0.plist	game resource	游戏 UI、场景、图标或玩法资源
assets/res/app/animation/suo/suo0.png	game resource	游戏 UI、场景、图标或玩法资源
assets/res/app/animation/suo2/suo2.csb	game resource	游戏 UI、场景、图标或玩法资源
assets/res/app/animation/suo2/suo20.plist	game resource	游戏 UI、场景、图标或玩法资源
assets/res/app/animation/suo2/suo20.png	game resource	游戏 UI、场景、图标或玩法资源
assets/res/app/animation/sweep.plist	game resource	游戏 UI、场景、图标或玩法资源
assets/res/app/animation/sweep.png	game resource	游戏 UI、场景、图标或玩法资源
assets/res/app/animation/tongguan/tongguan.csb	game resource	游戏 UI、场景、图标或玩法资源
assets/res/app/animation/tongguan/tongguan0.plist	game resource	游戏 UI、场景、图标或玩法资源
assets/res/app/animation/tongguan/tongguan0.png	game resource	游戏 UI、场景、图标或玩法资源
assets/res/app/animation/tower_boom.plist	game resource	游戏 UI、场景、图标或玩法资源
assets/res/app/animation/tower_boom.png	game resource	游戏 UI、场景、图标或玩法资源
assets/res/app/animation/treasure_tx.plist	game resource	游戏 UI、场景、图标或玩法资源
assets/res/app/animation/treasure_tx.png	game resource	游戏 UI、场景、图标或玩法资源
assets/res/app/animation/tx_double_awake.plist	game resource	游戏 UI、场景、图标或玩法资源
assets/res/app/animation/tx_double_awake.png	game resource	游戏 UI、场景、图标或玩法资源
assets/res/app/animation/upgrade_tx.plist	game resource	游戏 UI、场景、图标或玩法资源
assets/res/app/animation/upgrade_tx.png	game resource	游戏 UI、场景、图标或玩法资源
assets/res/app/animation/wofangsiwangyan.plist	game resource	游戏 UI、场景、图标或玩法资源
assets/res/app/animation/wofangsiwangyan.png	game resource	游戏 UI、场景、图标或玩法资源
assets/res/app/animation/zhangjiebaoxiang1/zhangjiebaoxiang1.csb	game resource	游戏 UI、场景、图标或玩法资源
assets/res/app/animation/zhangjiebaoxiang1/zhangjiebaoxiang10.plist	game resource	游戏 UI、场景、图标或玩法资源
assets/res/app/animation/zhangjiebaoxiang1/zhangjiebaoxiang10.png	game resource	游戏 UI、场景、图标或玩法资源
assets/res/app/animation/zhangjiebaoxiang2/zhangjiebaoxiang2.csb	game resource	游戏 UI、场景、图标或玩法资源
assets/res/app/animation/zhangjiebaoxiang2/zhangjiebaoxiang20.plist	game resource	游戏 UI、场景、图标或玩法资源
assets/res/app/animation/zhangjiebaoxiang2/zhangjiebaoxiang20.png	game resource	游戏 UI、场景、图标或玩法资源
assets/res/app/animation/zhangjiebaoxiang3/zhangjiebaoxiang3.csb	game resource	游戏 UI、场景、图标或玩法资源
assets/res/app/animation/zhangjiebaoxiang3/zhangjiebaoxiang30.plist	game resource	游戏 UI、场景、图标或玩法资源
assets/res/app/animation/zhangjiebaoxiang3/zhangjiebaoxiang30.png	game resource	游戏 UI、场景、图标或玩法资源
assets/res/app/animation/zhangjiebaoxiang4/zhangjiebaoxiang4.csb	game resource	游戏 UI、场景、图标或玩法资源
assets/res/app/animation/zhangjiebaoxiang4/zhangjiebaoxiang40.plist	game resource	游戏 UI、场景、图标或玩法资源
assets/res/app/animation/zhangjiebaoxiang4/zhangjiebaoxiang40.png	game resource	游戏 UI、场景、图标或玩法资源
assets/res/app/animation/zhangjiebaoxiang5/zhangjiebaoxiang5.csb	game resource	游戏 UI、场景、图标或玩法资源
assets/res/app/animation/zhangjiebaoxiang5/zhangjiebaoxiang50.plist	game resource	游戏 UI、场景、图标或玩法资源
assets/res/app/animation/zhangjiebaoxiang5/zhangjiebaoxiang50.png	game resource	游戏 UI、场景、图标或玩法资源
assets/res/app/armature/baigujing1/baigujing1.csb	armature	CocosStudio 骨骼、动作和图集
assets/res/app/armature/baigujing1/baigujing10.plist	armature	CocosStudio 骨骼、动作和图集
assets/res/app/armature/baigujing1/baigujing10.png	armature	CocosStudio 骨骼、动作和图集
assets/res/app/armature/baigujing2/baigujing2.csb	armature	CocosStudio 骨骼、动作和图集
assets/res/app/armature/baigujing2/baigujing20.plist	armature	CocosStudio 骨骼、动作和图集
assets/res/app/armature/baigujing2/baigujing20.png	armature	CocosStudio 骨骼、动作和图集
assets/res/app/armature/bailongma1/bailongma1.csb	armature	CocosStudio 骨骼、动作和图集
assets/res/app/armature/bailongma1/bailongma10.plist	armature	CocosStudio 骨骼、动作和图集
assets/res/app/armature/bailongma1/bailongma10.png	armature	CocosStudio 骨骼、动作和图集
assets/res/app/armature/bailongma2/bailongma2.csb	armature	CocosStudio 骨骼、动作和图集
assets/res/app/armature/bailongma2/bailongma20.plist	armature	CocosStudio 骨骼、动作和图集
assets/res/app/armature/bailongma2/bailongma20.png	armature	CocosStudio 骨骼、动作和图集
assets/res/app/armature/bailongma3/bailongma3.csb	armature	CocosStudio 骨骼、动作和图集
assets/res/app/armature/bailongma3/bailongma30.plist	armature	CocosStudio 骨骼、动作和图集
assets/res/app/armature/bailongma3/bailongma30.png	armature	CocosStudio 骨骼、动作和图集
assets/res/app/armature/baiyanmojun1/baiyanmojun1.csb	armature	CocosStudio 骨骼、动作和图集
assets/res/app/armature/baiyanmojun1/baiyanmojun10.plist	armature	CocosStudio 骨骼、动作和图集
assets/res/app/armature/baiyanmojun1/baiyanmojun10.png	armature	CocosStudio 骨骼、动作和图集
assets/res/app/armature/baiyanmojun2/baiyanmojun2.csb	armature	CocosStudio 骨骼、动作和图集
assets/res/app/armature/baiyanmojun2/baiyanmojun20.plist	armature	CocosStudio 骨骼、动作和图集
assets/res/app/armature/baiyanmojun2/baiyanmojun20.png	armature	CocosStudio 骨骼、动作和图集
assets/res/app/armature/benbo1/benbo1.csb	armature	CocosStudio 骨骼、动作和图集
assets/res/app/armature/benbo1/benbo10.plist	armature	CocosStudio 骨骼、动作和图集
assets/res/app/armature/benbo1/benbo10.png	armature	CocosStudio 骨骼、动作和图集
assets/res/app/armature/benbo2/benbo2.csb	armature	CocosStudio 骨骼、动作和图集
assets/res/app/armature/benbo2/benbo20.plist	armature	CocosStudio 骨骼、动作和图集
assets/res/app/armature/benbo2/benbo20.png	armature	CocosStudio 骨骼、动作和图集
assets/res/app/armature/caishen1/caishen1.csb	armature	CocosStudio 骨骼、动作和图集
assets/res/app/armature/caishen1/caishen10.plist	armature	CocosStudio 骨骼、动作和图集
assets/res/app/armature/caishen1/caishen10.png	armature	CocosStudio 骨骼、动作和图集
assets/res/app/armature/caishen2/caishen2.csb	armature	CocosStudio 骨骼、动作和图集
assets/res/app/armature/caishen2/caishen20.plist	armature	CocosStudio 骨骼、动作和图集
assets/res/app/armature/caishen2/caishen20.png	armature	CocosStudio 骨骼、动作和图集
assets/res/app/armature/caishen3/caishen3.csb	armature	CocosStudio 骨骼、动作和图集
assets/res/app/armature/caishen3/caishen30.plist	armature	CocosStudio 骨骼、动作和图集
assets/res/app/armature/caishen3/caishen30.png	armature	CocosStudio 骨骼、动作和图集
assets/res/app/armature/change1/change1.csb	armature	CocosStudio 骨骼、动作和图集
assets/res/app/armature/change1/change10.plist	armature	CocosStudio 骨骼、动作和图集
assets/res/app/armature/change1/change10.png	armature	CocosStudio 骨骼、动作和图集
assets/res/app/armature/change2/change2.csb	armature	CocosStudio 骨骼、动作和图集
assets/res/app/armature/change2/change20.plist	armature	CocosStudio 骨骼、动作和图集
assets/res/app/armature/change2/change20.png	armature	CocosStudio 骨骼、动作和图集
assets/res/app/armature/change3/change3.csb	armature	CocosStudio 骨骼、动作和图集
assets/res/app/armature/change3/change30.plist	armature	CocosStudio 骨骼、动作和图集
assets/res/app/armature/change3/change30.png	armature	CocosStudio 骨骼、动作和图集
assets/res/app/armature/chijiaodaxian1/chijiaodaxian1.csb	armature	CocosStudio 骨骼、动作和图集
assets/res/app/armature/chijiaodaxian1/chijiaodaxian10.plist	armature	CocosStudio 骨骼、动作和图集
assets/res/app/armature/chijiaodaxian1/chijiaodaxian10.png	armature	CocosStudio 骨骼、动作和图集
assets/res/app/armature/chijiaodaxian2/chijiaodaxian2.csb	armature	CocosStudio 骨骼、动作和图集
assets/res/app/armature/chijiaodaxian2/chijiaodaxian20.plist	armature	CocosStudio 骨骼、动作和图集
assets/res/app/armature/chijiaodaxian2/chijiaodaxian20.png	armature	CocosStudio 骨骼、动作和图集
assets/res/app/armature/chijiaodaxian3/chijiaodaxian3.csb	armature	CocosStudio 骨骼、动作和图集
assets/res/app/armature/chijiaodaxian3/chijiaodaxian30.plist	armature	CocosStudio 骨骼、动作和图集
assets/res/app/armature/chijiaodaxian3/chijiaodaxian30.png	armature	CocosStudio 骨骼、动作和图集
assets/res/app/armature/chimeiwangliang1/chimeiwangliang1.csb	armature	CocosStudio 骨骼、动作和图集
assets/res/app/armature/chimeiwangliang1/chimeiwangliang10.plist	armature	CocosStudio 骨骼、动作和图集
assets/res/app/armature/chimeiwangliang1/chimeiwangliang10.png	armature	CocosStudio 骨骼、动作和图集
assets/res/app/armature/chimeiwangliang2/chimeiwangliang2.csb	armature	CocosStudio 骨骼、动作和图集
assets/res/app/armature/chimeiwangliang2/chimeiwangliang20.plist	armature	CocosStudio 骨骼、动作和图集
assets/res/app/armature/chimeiwangliang2/chimeiwangliang20.png	armature	CocosStudio 骨骼、动作和图集
assets/res/app/armature/chiyou1/chiyou1.csb	armature	CocosStudio 骨骼、动作和图集
assets/res/app/armature/chiyou1/chiyou10.plist	armature	CocosStudio 骨骼、动作和图集
assets/res/app/armature/chiyou1/chiyou10.png	armature	CocosStudio 骨骼、动作和图集
assets/res/app/armature/chouyuguai1/chouyuguai1.csb	armature	CocosStudio 骨骼、动作和图集
assets/res/app/armature/chouyuguai1/chouyuguai10.plist	armature	CocosStudio 骨骼、动作和图集
assets/res/app/armature/chouyuguai1/chouyuguai10.png	armature	CocosStudio 骨骼、动作和图集
assets/res/app/armature/chouyuguai2/chouyuguai2.csb	armature	CocosStudio 骨骼、动作和图集
assets/res/app/armature/chouyuguai2/chouyuguai20.plist	armature	CocosStudio 骨骼、动作和图集
assets/res/app/armature/chouyuguai2/chouyuguai20.png	armature	CocosStudio 骨骼、动作和图集
assets/res/app/armature/daomuhuanxiong1/daomuhuanxiong1.csb	armature	CocosStudio 骨骼、动作和图集
assets/res/app/armature/daomuhuanxiong1/daomuhuanxiong10.plist	armature	CocosStudio 骨骼、动作和图集
assets/res/app/armature/daomuhuanxiong1/daomuhuanxiong10.png	armature	CocosStudio 骨骼、动作和图集
assets/res/app/armature/daomumuzei1/daomumuzei1.csb	armature	CocosStudio 骨骼、动作和图集
assets/res/app/armature/daomumuzei1/daomumuzei10.plist	armature	CocosStudio 骨骼、动作和图集
assets/res/app/armature/daomumuzei1/daomumuzei10.png	armature	CocosStudio 骨骼、动作和图集
assets/res/app/armature/daomuxionger1/daomuxionger1.csb	armature	CocosStudio 骨骼、动作和图集
assets/res/app/armature/daomuxionger1/daomuxionger10.plist	armature	CocosStudio 骨骼、动作和图集
assets/res/app/armature/daomuxionger1/daomuxionger10.png	armature	CocosStudio 骨骼、动作和图集
assets/res/app/armature/dapeng1/dapeng1.csb	armature	CocosStudio 骨骼、动作和图集
assets/res/app/armature/dapeng1/dapeng10.plist	armature	CocosStudio 骨骼、动作和图集
assets/res/app/armature/dapeng1/dapeng10.png	armature	CocosStudio 骨骼、动作和图集
assets/res/app/armature/dapeng2/dapeng2.csb	armature	CocosStudio 骨骼、动作和图集
assets/res/app/armature/dapeng2/dapeng20.plist	armature	CocosStudio 骨骼、动作和图集
assets/res/app/armature/dapeng2/dapeng20.png	armature	CocosStudio 骨骼、动作和图集
assets/res/app/armature/daxiangzi1/daxiangzi1.csb	armature	CocosStudio 骨骼、动作和图集
assets/res/app/armature/daxiangzi1/daxiangzi10.plist	armature	CocosStudio 骨骼、动作和图集
assets/res/app/armature/daxiangzi1/daxiangzi10.png	armature	CocosStudio 骨骼、动作和图集
assets/res/app/armature/denglon1/denglon1.csb	armature	CocosStudio 骨骼、动作和图集
assets/res/app/armature/denglon1/denglon10.plist	armature	CocosStudio 骨骼、动作和图集
assets/res/app/armature/denglon1/denglon10.png	armature	CocosStudio 骨骼、动作和图集
assets/res/app/armature/denglon2/denglon2.csb	armature	CocosStudio 骨骼、动作和图集
assets/res/app/armature/denglon2/denglon20.plist	armature	CocosStudio 骨骼、动作和图集
assets/res/app/armature/denglon2/denglon20.png	armature	CocosStudio 骨骼、动作和图集
assets/res/app/armature/dianmu1/dianmu1.csb	armature	CocosStudio 骨骼、动作和图集
assets/res/app/armature/dianmu1/dianmu10.plist	armature	CocosStudio 骨骼、动作和图集
assets/res/app/armature/dianmu1/dianmu10.png	armature	CocosStudio 骨骼、动作和图集
assets/res/app/armature/dianmu2/dianmu2.csb	armature	CocosStudio 骨骼、动作和图集
assets/res/app/armature/dianmu2/dianmu20.plist	armature	CocosStudio 骨骼、动作和图集
assets/res/app/armature/dianmu2/dianmu20.png	armature	CocosStudio 骨骼、动作和图集
assets/res/app/armature/dianmu3/dianmu3.csb	armature	CocosStudio 骨骼、动作和图集
assets/res/app/armature/dianmu3/dianmu30.plist	armature	CocosStudio 骨骼、动作和图集
assets/res/app/armature/dianmu3/dianmu30.png	armature	CocosStudio 骨骼、动作和图集
assets/res/app/armature/dizangwang1/dizangwang1.csb	armature	CocosStudio 骨骼、动作和图集
assets/res/app/armature/dizangwang1/dizangwang10.plist	armature	CocosStudio 骨骼、动作和图集
assets/res/app/armature/dizangwang1/dizangwang10.png	armature	CocosStudio 骨骼、动作和图集
assets/res/app/armature/dizangwang2/dizangwang2.csb	armature	CocosStudio 骨骼、动作和图集
assets/res/app/armature/dizangwang2/dizangwang20.plist	armature	CocosStudio 骨骼、动作和图集
assets/res/app/armature/dizangwang2/dizangwang20.png	armature	CocosStudio 骨骼、动作和图集
assets/res/app/armature/dongdongdawang1/dongdongdawang1.csb	armature	CocosStudio 骨骼、动作和图集
assets/res/app/armature/dongdongdawang1/dongdongdawang10.plist	armature	CocosStudio 骨骼、动作和图集
assets/res/app/armature/dongdongdawang1/dongdongdawang10.png	armature	CocosStudio 骨骼、动作和图集
assets/res/app/armature/erlangshen1/erlangshen1.csb	armature	CocosStudio 骨骼、动作和图集
assets/res/app/armature/erlangshen1/erlangshen10.plist	armature	CocosStudio 骨骼、动作和图集
assets/res/app/armature/erlangshen1/erlangshen10.png	armature	CocosStudio 骨骼、动作和图集
assets/res/app/armature/erlangshen2/erlangshen2.csb	armature	CocosStudio 骨骼、动作和图集
assets/res/app/armature/erlangshen2/erlangshen20.plist	armature	CocosStudio 骨骼、动作和图集
assets/res/app/armature/erlangshen2/erlangshen20.png	armature	CocosStudio 骨骼、动作和图集
assets/res/app/armature/erlangshen3/erlangshen3.csb	armature	CocosStudio 骨骼、动作和图集
assets/res/app/armature/erlangshen3/erlangshen30.plist	armature	CocosStudio 骨骼、动作和图集
assets/res/app/armature/erlangshen3/erlangshen30.png	armature	CocosStudio 骨骼、动作和图集
assets/res/app/armature/fuhu1/fuhu1.csb	armature	CocosStudio 骨骼、动作和图集
assets/res/app/armature/fuhu1/fuhu10.plist	armature	CocosStudio 骨骼、动作和图集
assets/res/app/armature/fuhu1/fuhu10.png	armature	CocosStudio 骨骼、动作和图集
assets/res/app/armature/fuhu2/fuhu2.csb	armature	CocosStudio 骨骼、动作和图集
assets/res/app/armature/fuhu2/fuhu20.plist	armature	CocosStudio 骨骼、动作和图集
assets/res/app/armature/fuhu2/fuhu20.png	armature	CocosStudio 骨骼、动作和图集
assets/res/app/armature/fuhu3/fuhu3.csb	armature	CocosStudio 骨骼、动作和图集
assets/res/app/armature/fuhu3/fuhu30.plist	armature	CocosStudio 骨骼、动作和图集
assets/res/app/armature/fuhu3/fuhu30.png	armature	CocosStudio 骨骼、动作和图集
assets/res/app/armature/hamahuanghou1/hamahuanghou1.csb	armature	CocosStudio 骨骼、动作和图集
assets/res/app/armature/hamahuanghou1/hamahuanghou10.plist	armature	CocosStudio 骨骼、动作和图集
assets/res/app/armature/hamahuanghou1/hamahuanghou10.png	armature	CocosStudio 骨骼、动作和图集
assets/res/app/armature/heibaiwuchang1/heibaiwuchang1.csb	armature	CocosStudio 骨骼、动作和图集
assets/res/app/armature/heibaiwuchang1/heibaiwuchang10.plist	armature	CocosStudio 骨骼、动作和图集
assets/res/app/armature/heibaiwuchang1/heibaiwuchang10.png	armature	CocosStudio 骨骼、动作和图集
assets/res/app/armature/heibaiwuchang2/heibaiwuchang2.csb	armature	CocosStudio 骨骼、动作和图集
assets/res/app/armature/heibaiwuchang2/heibaiwuchang20.plist	armature	CocosStudio 骨骼、动作和图集
assets/res/app/armature/heibaiwuchang2/heibaiwuchang20.png	armature	CocosStudio 骨骼、动作和图集
assets/res/app/armature/heibaiwuchang3/heibaiwuchang3.csb	armature	CocosStudio 骨骼、动作和图集
assets/res/app/armature/heibaiwuchang3/heibaiwuchang30.plist	armature	CocosStudio 骨骼、动作和图集
assets/res/app/armature/heibaiwuchang3/heibaiwuchang30.png	armature	CocosStudio 骨骼、动作和图集
assets/res/app/armature/heifengyaohou1/heifengyaohou1.csb	armature	CocosStudio 骨骼、动作和图集
assets/res/app/armature/heifengyaohou1/heifengyaohou10.plist	armature	CocosStudio 骨骼、动作和图集
assets/res/app/armature/heifengyaohou1/heifengyaohou10.png	armature	CocosStudio 骨骼、动作和图集
assets/res/app/armature/heifengyaohou2/heifengyaohou2.csb	armature	CocosStudio 骨骼、动作和图集
assets/res/app/armature/heifengyaohou2/heifengyaohou20.plist	armature	CocosStudio 骨骼、动作和图集
assets/res/app/armature/heifengyaohou2/heifengyaohou20.png	armature	CocosStudio 骨骼、动作和图集
assets/res/app/armature/heixiongjing1/heixiongjing1.csb	armature	CocosStudio 骨骼、动作和图集
assets/res/app/armature/heixiongjing1/heixiongjing10.plist	armature	CocosStudio 骨骼、动作和图集
assets/res/app/armature/heixiongjing1/heixiongjing10.png	armature	CocosStudio 骨骼、动作和图集
assets/res/app/armature/heixiongjing2/heixiongjing2.csb	armature	CocosStudio 骨骼、动作和图集
assets/res/app/armature/heixiongjing2/heixiongjing20.plist	armature	CocosStudio 骨骼、动作和图集
assets/res/app/armature/heixiongjing2/heixiongjing20.png	armature	CocosStudio 骨骼、动作和图集
assets/res/app/armature/honghaier1/honghaier1.csb	armature	CocosStudio 骨骼、动作和图集
assets/res/app/armature/honghaier1/honghaier10.plist	armature	CocosStudio 骨骼、动作和图集
assets/res/app/armature/honghaier1/honghaier10.png	armature	CocosStudio 骨骼、动作和图集
assets/res/app/armature/honghaier2/honghaier2.csb	armature	CocosStudio 骨骼、动作和图集
assets/res/app/armature/honghaier2/honghaier20.plist	armature	CocosStudio 骨骼、动作和图集
assets/res/app/armature/honghaier2/honghaier20.png	armature	CocosStudio 骨骼、动作和图集
assets/res/app/armature/houtuniangniang1/houtuniangniang1.csb	armature	CocosStudio 骨骼、动作和图集
assets/res/app/armature/houtuniangniang1/houtuniangniang10.plist	armature	CocosStudio 骨骼、动作和图集
assets/res/app/armature/houtuniangniang1/houtuniangniang10.png	armature	CocosStudio 骨骼、动作和图集
assets/res/app/armature/houtuniangniang2/houtuniangniang2.csb	armature	CocosStudio 骨骼、动作和图集
assets/res/app/armature/houtuniangniang2/houtuniangniang20.plist	armature	CocosStudio 骨骼、动作和图集
assets/res/app/armature/houtuniangniang2/houtuniangniang20.png	armature	CocosStudio 骨骼、动作和图集
assets/res/app/armature/houtuniangniang3/houtuniangniang3.csb	armature	CocosStudio 骨骼、动作和图集
assets/res/app/armature/houtuniangniang3/houtuniangniang30.plist	armature	CocosStudio 骨骼、动作和图集
assets/res/app/armature/houtuniangniang3/houtuniangniang30.png	armature	CocosStudio 骨骼、动作和图集
assets/res/app/armature/houyi1/houyi1.csb	armature	CocosStudio 骨骼、动作和图集
assets/res/app/armature/houyi1/houyi10.plist	armature	CocosStudio 骨骼、动作和图集
assets/res/app/armature/houyi1/houyi10.png	armature	CocosStudio 骨骼、动作和图集
assets/res/app/armature/houyi2/houyi2.csb	armature	CocosStudio 骨骼、动作和图集
assets/res/app/armature/houyi2/houyi20.plist	armature	CocosStudio 骨骼、动作和图集
assets/res/app/armature/houyi2/houyi20.png	armature	CocosStudio 骨骼、动作和图集
assets/res/app/armature/houyi3/houyi3.csb	armature	CocosStudio 骨骼、动作和图集
assets/res/app/armature/houyi3/houyi30.plist	armature	CocosStudio 骨骼、动作和图集
assets/res/app/armature/houyi3/houyi30.png	armature	CocosStudio 骨骼、动作和图集
assets/res/app/armature/huangfengguai1/huangfengguai1.csb	armature	CocosStudio 骨骼、动作和图集
assets/res/app/armature/huangfengguai1/huangfengguai10.plist	armature	CocosStudio 骨骼、动作和图集
assets/res/app/armature/huangfengguai1/huangfengguai10.png	armature	CocosStudio 骨骼、动作和图集
assets/res/app/armature/hunshimowang1/hunshimowang1.csb	armature	CocosStudio 骨骼、动作和图集
assets/res/app/armature/hunshimowang1/hunshimowang10.plist	armature	CocosStudio 骨骼、动作和图集
assets/res/app/armature/hunshimowang1/hunshimowang10.png	armature	CocosStudio 骨骼、动作和图集
assets/res/app/armature/jiaoyu1/jiaoyu1.csb	armature	CocosStudio 骨骼、动作和图集
assets/res/app/armature/jiaoyu1/jiaoyu10.plist	armature	CocosStudio 骨骼、动作和图集
assets/res/app/armature/jiaoyu1/jiaoyu10.png	armature	CocosStudio 骨骼、动作和图集
assets/res/app/armature/jiguanren1/jiguanren1.csb	armature	CocosStudio 骨骼、动作和图集
assets/res/app/armature/jiguanren1/jiguanren10.plist	armature	CocosStudio 骨骼、动作和图集
assets/res/app/armature/jiguanren1/jiguanren10.png	armature	CocosStudio 骨骼、动作和图集
assets/res/app/armature/jiguanren2/jiguanren2.csb	armature	CocosStudio 骨骼、动作和图集
assets/res/app/armature/jiguanren2/jiguanren20.plist	armature	CocosStudio 骨骼、动作和图集
assets/res/app/armature/jiguanren2/jiguanren20.png	armature	CocosStudio 骨骼、动作和图集
assets/res/app/armature/jiguanren3/jiguanren3.csb	armature	CocosStudio 骨骼、动作和图集
assets/res/app/armature/jiguanren3/jiguanren30.plist	armature	CocosStudio 骨骼、动作和图集
assets/res/app/armature/jiguanren3/jiguanren30.png	armature	CocosStudio 骨骼、动作和图集
assets/res/app/armature/jijing1/jijing1.csb	armature	CocosStudio 骨骼、动作和图集
assets/res/app/armature/jijing1/jijing10.plist	armature	CocosStudio 骨骼、动作和图集
assets/res/app/armature/jijing1/jijing10.png	armature	CocosStudio 骨骼、动作和图集
assets/res/app/armature/jijing2/jijing2.csb	armature	CocosStudio 骨骼、动作和图集
assets/res/app/armature/jijing2/jijing20.plist	armature	CocosStudio 骨骼、动作和图集
assets/res/app/armature/jijing2/jijing20.png	armature	CocosStudio 骨骼、动作和图集
assets/res/app/armature/jinjiaoyinjiao1/jinjiaoyinjiao1.csb	armature	CocosStudio 骨骼、动作和图集
assets/res/app/armature/jinjiaoyinjiao1/jinjiaoyinjiao10.plist	armature	CocosStudio 骨骼、动作和图集
assets/res/app/armature/jinjiaoyinjiao1/jinjiaoyinjiao10.png	armature	CocosStudio 骨骼、动作和图集
assets/res/app/armature/jinluowang1/jinluowang1.csb	armature	CocosStudio 骨骼、动作和图集
assets/res/app/armature/jinluowang1/jinluowang10.plist	armature	CocosStudio 骨骼、动作和图集
assets/res/app/armature/jinluowang1/jinluowang10.png	armature	CocosStudio 骨骼、动作和图集
assets/res/app/armature/jiulinyuansheng1/jiulinyuansheng1.csb	armature	CocosStudio 骨骼、动作和图集
assets/res/app/armature/jiulinyuansheng1/jiulinyuansheng10.plist	armature	CocosStudio 骨骼、动作和图集
assets/res/app/armature/jiulinyuansheng1/jiulinyuansheng10.png	armature	CocosStudio 骨骼、动作和图集
assets/res/app/armature/jiulinyuansheng2/jiulinyuansheng2.csb	armature	CocosStudio 骨骼、动作和图集
assets/res/app/armature/jiulinyuansheng2/jiulinyuansheng20.plist	armature	CocosStudio 骨骼、动作和图集
assets/res/app/armature/jiulinyuansheng2/jiulinyuansheng20.png	armature	CocosStudio 骨骼、动作和图集
assets/res/app/armature/jiutianxuannv1/jiutianxuannv1.csb	armature	CocosStudio 骨骼、动作和图集
assets/res/app/armature/jiutianxuannv1/jiutianxuannv10.plist	armature	CocosStudio 骨骼、动作和图集
assets/res/app/armature/jiutianxuannv1/jiutianxuannv10.png	armature	CocosStudio 骨骼、动作和图集
assets/res/app/armature/jiutianxuannv2/jiutianxuannv2.csb	armature	CocosStudio 骨骼、动作和图集
assets/res/app/armature/jiutianxuannv2/jiutianxuannv20.plist	armature	CocosStudio 骨骼、动作和图集
assets/res/app/armature/jiutianxuannv2/jiutianxuannv20.png	armature	CocosStudio 骨骼、动作和图集
assets/res/app/armature/jiutianxuannv3/jiutianxuannv3.csb	armature	CocosStudio 骨骼、动作和图集
assets/res/app/armature/jiutianxuannv3/jiutianxuannv30.plist	armature	CocosStudio 骨骼、动作和图集
assets/res/app/armature/jiutianxuannv3/jiutianxuannv30.png	armature	CocosStudio 骨骼、动作和图集
assets/res/app/armature/jiuwei/jiuwei.csb	armature	CocosStudio 骨骼、动作和图集
assets/res/app/armature/jiuwei/jiuwei0.plist	armature	CocosStudio 骨骼、动作和图集
assets/res/app/armature/jiuwei/jiuwei0.png	armature	CocosStudio 骨骼、动作和图集
assets/res/app/armature/jiuweihu1/jiuweihu1.csb	armature	CocosStudio 骨骼、动作和图集
assets/res/app/armature/jiuweihu1/jiuweihu10.plist	armature	CocosStudio 骨骼、动作和图集
assets/res/app/armature/jiuweihu1/jiuweihu10.png	armature	CocosStudio 骨骼、动作和图集
assets/res/app/armature/jiuweihu2/jiuweihu2.csb	armature	CocosStudio 骨骼、动作和图集
assets/res/app/armature/jiuweihu2/jiuweihu20.plist	armature	CocosStudio 骨骼、动作和图集
assets/res/app/armature/jiuweihu2/jiuweihu20.png	armature	CocosStudio 骨骼、动作和图集
assets/res/app/armature/juesekuangtexiao/juesekuangtexiao.csb	armature	CocosStudio 骨骼、动作和图集
assets/res/app/armature/juesekuangtexiao/juesekuangtexiao0.plist	armature	CocosStudio 骨骼、动作和图集
assets/res/app/armature/juesekuangtexiao/juesekuangtexiao0.png	armature	CocosStudio 骨骼、动作和图集
assets/res/app/armature/julingshen1/julingshen1.csb	armature	CocosStudio 骨骼、动作和图集
assets/res/app/armature/julingshen1/julingshen10.plist	armature	CocosStudio 骨骼、动作和图集
assets/res/app/armature/julingshen1/julingshen10.png	armature	CocosStudio 骨骼、动作和图集
assets/res/app/armature/julingshen2/julingshen2.csb	armature	CocosStudio 骨骼、动作和图集
assets/res/app/armature/julingshen2/julingshen20.plist	armature	CocosStudio 骨骼、动作和图集
assets/res/app/armature/julingshen2/julingshen20.png	armature	CocosStudio 骨骼、动作和图集
assets/res/app/armature/julingshen3/julingshen3.csb	armature	CocosStudio 骨骼、动作和图集
assets/res/app/armature/julingshen3/julingshen30.plist	armature	CocosStudio 骨骼、动作和图集
assets/res/app/armature/julingshen3/julingshen30.png	armature	CocosStudio 骨骼、动作和图集
assets/res/app/armature/kuluguai1/kuluguai1.csb	armature	CocosStudio 骨骼、动作和图集
assets/res/app/armature/kuluguai1/kuluguai10.plist	armature	CocosStudio 骨骼、动作和图集
assets/res/app/armature/kuluguai1/kuluguai10.png	armature	CocosStudio 骨骼、动作和图集
assets/res/app/armature/lakenvyao/lakenvyao.csb	armature	CocosStudio 骨骼、动作和图集
assets/res/app/armature/lakenvyao/lakenvyao0.plist	armature	CocosStudio 骨骼、动作和图集
assets/res/app/armature/lakenvyao/lakenvyao0.png	armature	CocosStudio 骨骼、动作和图集
assets/res/app/armature/langren1/langren1.csb	armature	CocosStudio 骨骼、动作和图集
assets/res/app/armature/langren1/langren10.plist	armature	CocosStudio 骨骼、动作和图集
assets/res/app/armature/langren1/langren10.png	armature	CocosStudio 骨骼、动作和图集
assets/res/app/armature/laoshuguai1/laoshuguai1.csb	armature	CocosStudio 骨骼、动作和图集
assets/res/app/armature/laoshuguai1/laoshuguai10.plist	armature	CocosStudio 骨骼、动作和图集
assets/res/app/armature/laoshuguai1/laoshuguai10.png	armature	CocosStudio 骨骼、动作和图集
assets/res/app/armature/leizhenzi1/leizhenzi1.csb	armature	CocosStudio 骨骼、动作和图集
assets/res/app/armature/leizhenzi1/leizhenzi10.plist	armature	CocosStudio 骨骼、动作和图集
assets/res/app/armature/leizhenzi1/leizhenzi10.png	armature	CocosStudio 骨骼、动作和图集
assets/res/app/armature/leizhenzi2/leizhenzi2.csb	armature	CocosStudio 骨骼、动作和图集
assets/res/app/armature/leizhenzi2/leizhenzi20.plist	armature	CocosStudio 骨骼、动作和图集
assets/res/app/armature/leizhenzi2/leizhenzi20.png	armature	CocosStudio 骨骼、动作和图集
assets/res/app/armature/leizhenzi3/leizhenzi3.csb	armature	CocosStudio 骨骼、动作和图集
assets/res/app/armature/leizhenzi3/leizhenzi30.plist	armature	CocosStudio 骨骼、动作和图集
assets/res/app/armature/leizhenzi3/leizhenzi30.png	armature	CocosStudio 骨骼、动作和图集
assets/res/app/armature/lianhuatongzi1/lianhuatongzi1.csb	armature	CocosStudio 骨骼、动作和图集
assets/res/app/armature/lianhuatongzi1/lianhuatongzi10.plist	armature	CocosStudio 骨骼、动作和图集
assets/res/app/armature/lianhuatongzi1/lianhuatongzi10.png	armature	CocosStudio 骨骼、动作和图集
assets/res/app/armature/lianhuatongzi2/lianhuatongzi2.csb	armature	CocosStudio 骨骼、动作和图集
assets/res/app/armature/lianhuatongzi2/lianhuatongzi20.plist	armature	CocosStudio 骨骼、动作和图集
assets/res/app/armature/lianhuatongzi2/lianhuatongzi20.png	armature	CocosStudio 骨骼、动作和图集
assets/res/app/armature/lianhuatongzi3/lianhuatongzi3.csb	armature	CocosStudio 骨骼、动作和图集
assets/res/app/armature/lianhuatongzi3/lianhuatongzi30.plist	armature	CocosStudio 骨骼、动作和图集
assets/res/app/armature/lianhuatongzi3/lianhuatongzi30.png	armature	CocosStudio 骨骼、动作和图集
assets/res/app/armature/linglu1/linglu1.csb	armature	CocosStudio 骨骼、动作和图集
assets/res/app/armature/linglu1/linglu10.plist	armature	CocosStudio 骨骼、动作和图集
assets/res/app/armature/linglu1/linglu10.png	armature	CocosStudio 骨骼、动作和图集
assets/res/app/armature/linglu1Idle/linglu1Idle.csb	armature	CocosStudio 骨骼、动作和图集
assets/res/app/armature/linglu1Idle/linglu1Idle0.plist	armature	CocosStudio 骨骼、动作和图集
assets/res/app/armature/linglu1Idle/linglu1Idle0.png	armature	CocosStudio 骨骼、动作和图集
assets/res/app/armature/liwang1/liwang1.csb	armature	CocosStudio 骨骼、动作和图集
assets/res/app/armature/liwang1/liwang10.plist	armature	CocosStudio 骨骼、动作和图集
assets/res/app/armature/liwang1/liwang10.png	armature	CocosStudio 骨骼、动作和图集
assets/res/app/armature/liwang2/liwang2.csb	armature	CocosStudio 骨骼、动作和图集
assets/res/app/armature/liwang2/liwang20.plist	armature	CocosStudio 骨骼、动作和图集
assets/res/app/armature/liwang2/liwang20.png	armature	CocosStudio 骨骼、动作和图集
assets/res/app/armature/liwang3/liwang3.csb	armature	CocosStudio 骨骼、动作和图集
assets/res/app/armature/liwang3/liwang30.plist	armature	CocosStudio 骨骼、动作和图集
assets/res/app/armature/liwang3/liwang30.png	armature	CocosStudio 骨骼、动作和图集
assets/res/app/armature/longnv1/longnv1.csb	armature	CocosStudio 骨骼、动作和图集
assets/res/app/armature/longnv1/longnv10.plist	armature	CocosStudio 骨骼、动作和图集
assets/res/app/armature/longnv1/longnv10.png	armature	CocosStudio 骨骼、动作和图集
assets/res/app/armature/longnv2/longnv2.csb	armature	CocosStudio 骨骼、动作和图集
assets/res/app/armature/longnv2/longnv20.plist	armature	CocosStudio 骨骼、动作和图集
assets/res/app/armature/longnv2/longnv20.png	armature	CocosStudio 骨骼、动作和图集
assets/res/app/armature/longnv3/longnv3.csb	armature	CocosStudio 骨骼、动作和图集
assets/res/app/armature/longnv3/longnv30.plist	armature	CocosStudio 骨骼、动作和图集
assets/res/app/armature/longnv3/longnv30.png	armature	CocosStudio 骨骼、动作和图集
assets/res/app/armature/longwang1/longwang1.csb	armature	CocosStudio 骨骼、动作和图集
assets/res/app/armature/longwang1/longwang10.plist	armature	CocosStudio 骨骼、动作和图集
assets/res/app/armature/longwang1/longwang10.png	armature	CocosStudio 骨骼、动作和图集
assets/res/app/armature/longwang2/longwang2.csb	armature	CocosStudio 骨骼、动作和图集
assets/res/app/armature/longwang2/longwang20.plist	armature	CocosStudio 骨骼、动作和图集
assets/res/app/armature/longwang2/longwang20.png	armature	CocosStudio 骨骼、动作和图集
assets/res/app/armature/longzhou/longzhou.csb	armature	CocosStudio 骨骼、动作和图集
assets/res/app/armature/longzhou/longzhou0.plist	armature	CocosStudio 骨骼、动作和图集
assets/res/app/armature/longzhou/longzhou0.png	armature	CocosStudio 骨骼、动作和图集
assets/res/app/armature/miaoxianren1/miaoxianren1.csb	armature	CocosStudio 骨骼、动作和图集
assets/res/app/armature/miaoxianren1/miaoxianren10.plist	armature	CocosStudio 骨骼、动作和图集
assets/res/app/armature/miaoxianren1/miaoxianren10.png	armature	CocosStudio 骨骼、动作和图集
assets/res/app/armature/miaoxianren2/miaoxianren2.csb	armature	CocosStudio 骨骼、动作和图集
assets/res/app/armature/miaoxianren2/miaoxianren20.plist	armature	CocosStudio 骨骼、动作和图集
assets/res/app/armature/miaoxianren2/miaoxianren20.png	armature	CocosStudio 骨骼、动作和图集
assets/res/app/armature/miaoxianren3/miaoxianren3.csb	armature	CocosStudio 骨骼、动作和图集
assets/res/app/armature/miaoxianren3/miaoxianren30.plist	armature	CocosStudio 骨骼、动作和图集
assets/res/app/armature/miaoxianren3/miaoxianren30.png	armature	CocosStudio 骨骼、动作和图集
assets/res/app/armature/mumaguai1/mumaguai1.csb	armature	CocosStudio 骨骼、动作和图集
assets/res/app/armature/mumaguai1/mumaguai10.plist	armature	CocosStudio 骨骼、动作和图集
assets/res/app/armature/mumaguai1/mumaguai10.png	armature	CocosStudio 骨骼、动作和图集
assets/res/app/armature/mumaguai2/mumaguai2.csb	armature	CocosStudio 骨骼、动作和图集
assets/res/app/armature/mumaguai2/mumaguai20.plist	armature	CocosStudio 骨骼、动作和图集
assets/res/app/armature/mumaguai2/mumaguai20.png	armature	CocosStudio 骨骼、动作和图集
assets/res/app/armature/niangu1/niangu1.csb	armature	CocosStudio 骨骼、动作和图集
assets/res/app/armature/niangu1/niangu10.plist	armature	CocosStudio 骨骼、动作和图集
assets/res/app/armature/niangu1/niangu10.png	armature	CocosStudio 骨骼、动作和图集
assets/res/app/armature/niangu2/niangu2.csb	armature	CocosStudio 骨骼、动作和图集
assets/res/app/armature/niangu2/niangu20.plist	armature	CocosStudio 骨骼、动作和图集
assets/res/app/armature/niangu2/niangu20.png	armature	CocosStudio 骨骼、动作和图集
assets/res/app/armature/nianguai1/nianguai1.csb	armature	CocosStudio 骨骼、动作和图集
assets/res/app/armature/nianguai1/nianguai10.plist	armature	CocosStudio 骨骼、动作和图集
assets/res/app/armature/nianguai1/nianguai10.png	armature	CocosStudio 骨骼、动作和图集
assets/res/app/armature/nianguai2/nianguai2.csb	armature	CocosStudio 骨骼、动作和图集
assets/res/app/armature/nianguai2/nianguai20.plist	armature	CocosStudio 骨骼、动作和图集
assets/res/app/armature/nianguai2/nianguai20.png	armature	CocosStudio 骨骼、动作和图集
assets/res/app/armature/nianshou1/nianshou1.csb	armature	CocosStudio 骨骼、动作和图集
assets/res/app/armature/nianshou1/nianshou10.plist	armature	CocosStudio 骨骼、动作和图集
assets/res/app/armature/nianshou1/nianshou10.png	armature	CocosStudio 骨骼、动作和图集
assets/res/app/armature/nianshou1Idle/nianshou1Idle.csb	armature	CocosStudio 骨骼、动作和图集
assets/res/app/armature/nianshou1Idle/nianshou1Idle0.plist	armature	CocosStudio 骨骼、动作和图集
assets/res/app/armature/nianshou1Idle/nianshou1Idle0.png	armature	CocosStudio 骨骼、动作和图集
assets/res/app/armature/niumowang1/niumowang1.csb	armature	CocosStudio 骨骼、动作和图集
assets/res/app/armature/niumowang1/niumowang10.plist	armature	CocosStudio 骨骼、动作和图集
assets/res/app/armature/niumowang1/niumowang10.png	armature	CocosStudio 骨骼、动作和图集
assets/res/app/armature/nverguowang1/nverguowang1.csb	armature	CocosStudio 骨骼、动作和图集
assets/res/app/armature/nverguowang1/nverguowang10.plist	armature	CocosStudio 骨骼、动作和图集
assets/res/app/armature/nverguowang1/nverguowang10.png	armature	CocosStudio 骨骼、动作和图集
assets/res/app/armature/nverguowang2/nverguowang2.csb	armature	CocosStudio 骨骼、动作和图集
assets/res/app/armature/nverguowang2/nverguowang20.plist	armature	CocosStudio 骨骼、动作和图集
assets/res/app/armature/nverguowang2/nverguowang20.png	armature	CocosStudio 骨骼、动作和图集
assets/res/app/armature/nvxia1/nvxia1.csb	armature	CocosStudio 骨骼、动作和图集
assets/res/app/armature/nvxia1/nvxia10.plist	armature	CocosStudio 骨骼、动作和图集
assets/res/app/armature/nvxia1/nvxia10.png	armature	CocosStudio 骨骼、动作和图集
assets/res/app/armature/nvxia2/nvxia2.csb	armature	CocosStudio 骨骼、动作和图集
assets/res/app/armature/nvxia2/nvxia20.plist	armature	CocosStudio 骨骼、动作和图集
assets/res/app/armature/nvxia2/nvxia20.png	armature	CocosStudio 骨骼、动作和图集
assets/res/app/armature/nvxia3/nvxia3.csb	armature	CocosStudio 骨骼、动作和图集
assets/res/app/armature/nvxia3/nvxia30.plist	armature	CocosStudio 骨骼、动作和图集
assets/res/app/armature/nvxia3/nvxia30.png	armature	CocosStudio 骨骼、动作和图集
assets/res/app/armature/paozhu1/paozhu1.csb	armature	CocosStudio 骨骼、动作和图集
assets/res/app/armature/paozhu1/paozhu10.plist	armature	CocosStudio 骨骼、动作和图集
assets/res/app/armature/paozhu1/paozhu10.png	armature	CocosStudio 骨骼、动作和图集
assets/res/app/armature/paozhu2/paozhu2.csb	armature	CocosStudio 骨骼、动作和图集
assets/res/app/armature/paozhu2/paozhu20.plist	armature	CocosStudio 骨骼、动作和图集
assets/res/app/armature/paozhu2/paozhu20.png	armature	CocosStudio 骨骼、动作和图集
assets/res/app/armature/paozhuzha/paozhuzha.csb	armature	CocosStudio 骨骼、动作和图集
assets/res/app/armature/paozhuzha/paozhuzha0.plist	armature	CocosStudio 骨骼、动作和图集
assets/res/app/armature/paozhuzha/paozhuzha0.png	armature	CocosStudio 骨骼、动作和图集
assets/res/app/armature/penglaigui1/penglaigui1.csb	armature	CocosStudio 骨骼、动作和图集
assets/res/app/armature/penglaigui1/penglaigui10.plist	armature	CocosStudio 骨骼、动作和图集
assets/res/app/armature/penglaigui1/penglaigui10.png	armature	CocosStudio 骨骼、动作和图集
assets/res/app/armature/penglaigui1Idle/penglaigui1Idle.csb	armature	CocosStudio 骨骼、动作和图集
assets/res/app/armature/penglaigui1Idle/penglaigui1Idle0.plist	armature	CocosStudio 骨骼、动作和图集
assets/res/app/armature/penglaigui1Idle/penglaigui1Idle0.png	armature	CocosStudio 骨骼、动作和图集
assets/res/app/armature/pipajing1/pipajing1.csb	armature	CocosStudio 骨骼、动作和图集
assets/res/app/armature/pipajing1/pipajing10.plist	armature	CocosStudio 骨骼、动作和图集
assets/res/app/armature/pipajing1/pipajing10.png	armature	CocosStudio 骨骼、动作和图集
assets/res/app/armature/pipajing2/pipajing2.csb	armature	CocosStudio 骨骼、动作和图集
assets/res/app/armature/pipajing2/pipajing20.plist	armature	CocosStudio 骨骼、动作和图集
assets/res/app/armature/pipajing2/pipajing20.png	armature	CocosStudio 骨骼、动作和图集
assets/res/app/armature/putilaozu1/putilaozu1.csb	armature	CocosStudio 骨骼、动作和图集
assets/res/app/armature/putilaozu1/putilaozu10.plist	armature	CocosStudio 骨骼、动作和图集
assets/res/app/armature/putilaozu1/putilaozu10.png	armature	CocosStudio 骨骼、动作和图集
assets/res/app/armature/putilaozu2/putilaozu2.csb	armature	CocosStudio 骨骼、动作和图集
assets/res/app/armature/putilaozu2/putilaozu20.plist	armature	CocosStudio 骨骼、动作和图集
assets/res/app/armature/putilaozu2/putilaozu20.png	armature	CocosStudio 骨骼、动作和图集
assets/res/app/armature/qiangdao1/qiangdao1.csb	armature	CocosStudio 骨骼、动作和图集
assets/res/app/armature/qiangdao1/qiangdao10.plist	armature	CocosStudio 骨骼、动作和图集
assets/res/app/armature/qiangdao1/qiangdao10.png	armature	CocosStudio 骨骼、动作和图集
assets/res/app/armature/qiangdao2/qiangdao2.csb	armature	CocosStudio 骨骼、动作和图集
assets/res/app/armature/qiangdao2/qiangdao20.plist	armature	CocosStudio 骨骼、动作和图集
assets/res/app/armature/qiangdao2/qiangdao20.png	armature	CocosStudio 骨骼、动作和图集
assets/res/app/armature/qianliyan1/qianliyan1.csb	armature	CocosStudio 骨骼、动作和图集
assets/res/app/armature/qianliyan1/qianliyan10.plist	armature	CocosStudio 骨骼、动作和图集
assets/res/app/armature/qianliyan1/qianliyan10.png	armature	CocosStudio 骨骼、动作和图集
assets/res/app/armature/qianliyan2/qianliyan2.csb	armature	CocosStudio 骨骼、动作和图集
assets/res/app/armature/qianliyan2/qianliyan20.plist	armature	CocosStudio 骨骼、动作和图集
assets/res/app/armature/qianliyan2/qianliyan20.png	armature	CocosStudio 骨骼、动作和图集
assets/res/app/armature/qianliyan3/qianliyan3.csb	armature	CocosStudio 骨骼、动作和图集
assets/res/app/armature/qianliyan3/qianliyan30.plist	armature	CocosStudio 骨骼、动作和图集
assets/res/app/armature/qianliyan3/qianliyan30.png	armature	CocosStudio 骨骼、动作和图集
assets/res/app/armature/qingdaofu1/qingdaofu1.csb	armature	CocosStudio 骨骼、动作和图集
assets/res/app/armature/qingdaofu1/qingdaofu10.plist	armature	CocosStudio 骨骼、动作和图集
assets/res/app/armature/qingdaofu1/qingdaofu10.png	armature	CocosStudio 骨骼、动作和图集
assets/res/app/armature/qinglong1/qinglong1.csb	armature	CocosStudio 骨骼、动作和图集
assets/res/app/armature/qinglong1/qinglong10.plist	armature	CocosStudio 骨骼、动作和图集
assets/res/app/armature/qinglong1/qinglong10.png	armature	CocosStudio 骨骼、动作和图集
assets/res/app/armature/qinglong1Idle/qinglong1Idle.csb	armature	CocosStudio 骨骼、动作和图集
assets/res/app/armature/qinglong1Idle/qinglong1Idle0.plist	armature	CocosStudio 骨骼、动作和图集
assets/res/app/armature/qinglong1Idle/qinglong1Idle0.png	armature	CocosStudio 骨骼、动作和图集
assets/res/app/armature/qingniujing1/qingniujing1.csb	armature	CocosStudio 骨骼、动作和图集
assets/res/app/armature/qingniujing1/qingniujing10.plist	armature	CocosStudio 骨骼、动作和图集
assets/res/app/armature/qingniujing1/qingniujing10.png	armature	CocosStudio 骨骼、动作和图集
assets/res/app/armature/qingniujing2/qingniujing2.csb	armature	CocosStudio 骨骼、动作和图集
assets/res/app/armature/qingniujing2/qingniujing20.plist	armature	CocosStudio 骨骼、动作和图集
assets/res/app/armature/qingniujing2/qingniujing20.png	armature	CocosStudio 骨骼、动作和图集
assets/res/app/armature/qingwaguai1/qingwaguai1.csb	armature	CocosStudio 骨骼、动作和图集
assets/res/app/armature/qingwaguai1/qingwaguai10.plist	armature	CocosStudio 骨骼、动作和图集
assets/res/app/armature/qingwaguai1/qingwaguai10.png	armature	CocosStudio 骨骼、动作和图集
assets/res/app/armature/qingwaguai2/qingwaguai2.csb	armature	CocosStudio 骨骼、动作和图集
assets/res/app/armature/qingwaguai2/qingwaguai20.plist	armature	CocosStudio 骨骼、动作和图集
assets/res/app/armature/qingwaguai2/qingwaguai20.png	armature	CocosStudio 骨骼、动作和图集
assets/res/app/armature/santaizi1/santaizi1.csb	armature	CocosStudio 骨骼、动作和图集
assets/res/app/armature/santaizi1/santaizi10.plist	armature	CocosStudio 骨骼、动作和图集
assets/res/app/armature/santaizi1/santaizi10.png	armature	CocosStudio 骨骼、动作和图集
assets/res/app/armature/santaizi2/santaizi2.csb	armature	CocosStudio 骨骼、动作和图集
assets/res/app/armature/santaizi2/santaizi20.plist	armature	CocosStudio 骨骼、动作和图集
assets/res/app/armature/santaizi2/santaizi20.png	armature	CocosStudio 骨骼、动作和图集
assets/res/app/armature/santaizi3/santaizi3.csb	armature	CocosStudio 骨骼、动作和图集
assets/res/app/armature/santaizi3/santaizi30.plist	armature	CocosStudio 骨骼、动作和图集
assets/res/app/armature/santaizi3/santaizi30.png	armature	CocosStudio 骨骼、动作和图集
assets/res/app/armature/shaheshang1/shaheshang1.csb	armature	CocosStudio 骨骼、动作和图集
assets/res/app/armature/shaheshang1/shaheshang10.plist	armature	CocosStudio 骨骼、动作和图集
assets/res/app/armature/shaheshang1/shaheshang10.png	armature	CocosStudio 骨骼、动作和图集
assets/res/app/armature/shaheshang2/shaheshang2.csb	armature	CocosStudio 骨骼、动作和图集
assets/res/app/armature/shaheshang2/shaheshang20.plist	armature	CocosStudio 骨骼、动作和图集
assets/res/app/armature/shaheshang2/shaheshang20.png	armature	CocosStudio 骨骼、动作和图集
assets/res/app/armature/shaheshang3/shaheshang3.csb	armature	CocosStudio 骨骼、动作和图集
assets/res/app/armature/shaheshang3/shaheshang30.plist	armature	CocosStudio 骨骼、动作和图集
assets/res/app/armature/shaheshang3/shaheshang30.png	armature	CocosStudio 骨骼、动作和图集
assets/res/app/armature/shitouguai1/shitouguai1.csb	armature	CocosStudio 骨骼、动作和图集
assets/res/app/armature/shitouguai1/shitouguai10.plist	armature	CocosStudio 骨骼、动作和图集
assets/res/app/armature/shitouguai1/shitouguai10.png	armature	CocosStudio 骨骼、动作和图集
assets/res/app/armature/shizi1/shizi1.csb	armature	CocosStudio 骨骼、动作和图集
assets/res/app/armature/shizi1/shizi10.plist	armature	CocosStudio 骨骼、动作和图集
assets/res/app/armature/shizi1/shizi10.png	armature	CocosStudio 骨骼、动作和图集
assets/res/app/armature/shujing1/shujing1.csb	armature	CocosStudio 骨骼、动作和图集
assets/res/app/armature/shujing1/shujing10.plist	armature	CocosStudio 骨骼、动作和图集
assets/res/app/armature/shujing1/shujing10.png	armature	CocosStudio 骨骼、动作和图集
assets/res/app/armature/shujing2/shujing2.csb	armature	CocosStudio 骨骼、动作和图集
assets/res/app/armature/shujing2/shujing20.plist	armature	CocosStudio 骨骼、动作和图集
assets/res/app/armature/shujing2/shujing20.png	armature	CocosStudio 骨骼、动作和图集
assets/res/app/armature/sujiadizi1/sujiadizi1.csb	armature	CocosStudio 骨骼、动作和图集
assets/res/app/armature/sujiadizi1/sujiadizi10.plist	armature	CocosStudio 骨骼、动作和图集
assets/res/app/armature/sujiadizi1/sujiadizi10.png	armature	CocosStudio 骨骼、动作和图集
assets/res/app/armature/sujiadizi2/sujiadizi2.csb	armature	CocosStudio 骨骼、动作和图集
assets/res/app/armature/sujiadizi2/sujiadizi20.plist	armature	CocosStudio 骨骼、动作和图集
assets/res/app/armature/sujiadizi2/sujiadizi20.png	armature	CocosStudio 骨骼、动作和图集
assets/res/app/armature/sunwukong1/sunwukong1.csb	armature	CocosStudio 骨骼、动作和图集
assets/res/app/armature/sunwukong1/sunwukong10.plist	armature	CocosStudio 骨骼、动作和图集
assets/res/app/armature/sunwukong1/sunwukong10.png	armature	CocosStudio 骨骼、动作和图集
assets/res/app/armature/sunwukong2/sunwukong2.csb	armature	CocosStudio 骨骼、动作和图集
assets/res/app/armature/sunwukong2/sunwukong20.plist	armature	CocosStudio 骨骼、动作和图集
assets/res/app/armature/sunwukong2/sunwukong20.png	armature	CocosStudio 骨骼、动作和图集
assets/res/app/armature/sunwukong3/sunwukong3.csb	armature	CocosStudio 骨骼、动作和图集
assets/res/app/armature/sunwukong3/sunwukong30.plist	armature	CocosStudio 骨骼、动作和图集
assets/res/app/armature/sunwukong3/sunwukong30.png	armature	CocosStudio 骨骼、动作和图集
assets/res/app/armature/taishanglaojun1/taishanglaojun1.csb	armature	CocosStudio 骨骼、动作和图集
assets/res/app/armature/taishanglaojun1/taishanglaojun10.plist	armature	CocosStudio 骨骼、动作和图集
assets/res/app/armature/taishanglaojun1/taishanglaojun10.png	armature	CocosStudio 骨骼、动作和图集
assets/res/app/armature/taishanglaojun2/taishanglaojun2.csb	armature	CocosStudio 骨骼、动作和图集
assets/res/app/armature/taishanglaojun2/taishanglaojun20.plist	armature	CocosStudio 骨骼、动作和图集
assets/res/app/armature/taishanglaojun2/taishanglaojun20.png	armature	CocosStudio 骨骼、动作和图集
assets/res/app/armature/taishanglaojun3/taishanglaojun3.csb	armature	CocosStudio 骨骼、动作和图集
assets/res/app/armature/taishanglaojun3/taishanglaojun30.plist	armature	CocosStudio 骨骼、动作和图集
assets/res/app/armature/taishanglaojun3/taishanglaojun30.png	armature	CocosStudio 骨骼、动作和图集
assets/res/app/armature/taiyizhenren1/taiyizhenren1.csb	armature	CocosStudio 骨骼、动作和图集
assets/res/app/armature/taiyizhenren1/taiyizhenren10.plist	armature	CocosStudio 骨骼、动作和图集
assets/res/app/armature/taiyizhenren1/taiyizhenren10.png	armature	CocosStudio 骨骼、动作和图集
assets/res/app/armature/taiyizhenren2/taiyizhenren2.csb	armature	CocosStudio 骨骼、动作和图集
assets/res/app/armature/taiyizhenren2/taiyizhenren20.plist	armature	CocosStudio 骨骼、动作和图集
assets/res/app/armature/taiyizhenren2/taiyizhenren20.png	armature	CocosStudio 骨骼、动作和图集
assets/res/app/armature/taiyizhenren3/taiyizhenren3.csb	armature	CocosStudio 骨骼、动作和图集
assets/res/app/armature/taiyizhenren3/taiyizhenren30.plist	armature	CocosStudio 骨骼、动作和图集
assets/res/app/armature/taiyizhenren3/taiyizhenren30.png	armature	CocosStudio 骨骼、动作和图集
assets/res/app/armature/tangseng/tangseng.csb	armature	CocosStudio 骨骼、动作和图集
assets/res/app/armature/tangseng/tangseng0.plist	armature	CocosStudio 骨骼、动作和图集
assets/res/app/armature/tangseng/tangseng0.png	armature	CocosStudio 骨骼、动作和图集
assets/res/app/armature/tianjiang1/tianjiang1.csb	armature	CocosStudio 骨骼、动作和图集
assets/res/app/armature/tianjiang1/tianjiang10.plist	armature	CocosStudio 骨骼、动作和图集
assets/res/app/armature/tianjiang1/tianjiang10.png	armature	CocosStudio 骨骼、动作和图集
assets/res/app/armature/tianjiang2/tianjiang2.csb	armature	CocosStudio 骨骼、动作和图集
assets/res/app/armature/tianjiang2/tianjiang20.plist	armature	CocosStudio 骨骼、动作和图集
assets/res/app/armature/tianjiang2/tianjiang20.png	armature	CocosStudio 骨骼、动作和图集
assets/res/app/armature/tianjiang3/tianjiang3.csb	armature	CocosStudio 骨骼、动作和图集
assets/res/app/armature/tianjiang3/tianjiang30.plist	armature	CocosStudio 骨骼、动作和图集
assets/res/app/armature/tianjiang3/tianjiang30.png	armature	CocosStudio 骨骼、动作和图集
assets/res/app/armature/tieshangongzhu/tieshangongzhu.csb	armature	CocosStudio 骨骼、动作和图集
assets/res/app/armature/tieshangongzhu/tieshangongzhu0.plist	armature	CocosStudio 骨骼、动作和图集
assets/res/app/armature/tieshangongzhu/tieshangongzhu0.png	armature	CocosStudio 骨骼、动作和图集
assets/res/app/armature/tieshangongzhu1/tieshangongzhu1.csb	armature	CocosStudio 骨骼、动作和图集
assets/res/app/armature/tieshangongzhu1/tieshangongzhu10.plist	armature	CocosStudio 骨骼、动作和图集
assets/res/app/armature/tieshangongzhu1/tieshangongzhu10.png	armature	CocosStudio 骨骼、动作和图集
assets/res/app/armature/tower_armature1/tower_armature1.csb	armature	CocosStudio 骨骼、动作和图集
assets/res/app/armature/tower_armature1/tower_armature10.plist	armature	CocosStudio 骨骼、动作和图集
assets/res/app/armature/tower_armature1/tower_armature10.png	armature	CocosStudio 骨骼、动作和图集
assets/res/app/armature/tower_armature2/tower_armature2.csb	armature	CocosStudio 骨骼、动作和图集
assets/res/app/armature/tower_armature2/tower_armature20.plist	armature	CocosStudio 骨骼、动作和图集
assets/res/app/armature/tower_armature2/tower_armature20.png	armature	CocosStudio 骨骼、动作和图集
assets/res/app/armature/tower_armature3/tower_armature3.csb	armature	CocosStudio 骨骼、动作和图集
assets/res/app/armature/tower_armature3/tower_armature30.plist	armature	CocosStudio 骨骼、动作和图集
assets/res/app/armature/tower_armature3/tower_armature30.png	armature	CocosStudio 骨骼、动作和图集
assets/res/app/armature/tower_armature4/tower_armature4.csb	armature	CocosStudio 骨骼、动作和图集
assets/res/app/armature/tower_armature4/tower_armature40.plist	armature	CocosStudio 骨骼、动作和图集
assets/res/app/armature/tower_armature4/tower_armature40.png	armature	CocosStudio 骨骼、动作和图集
assets/res/app/armature/tower_armature5/tower_armature5.csb	armature	CocosStudio 骨骼、动作和图集
assets/res/app/armature/tower_armature5/tower_armature50.plist	armature	CocosStudio 骨骼、动作和图集
assets/res/app/armature/tower_armature5/tower_armature50.png	armature	CocosStudio 骨骼、动作和图集
assets/res/app/armature/tower_armature6/tower_armature6.csb	armature	CocosStudio 骨骼、动作和图集
assets/res/app/armature/tower_armature6/tower_armature60.plist	armature	CocosStudio 骨骼、动作和图集
assets/res/app/armature/tower_armature6/tower_armature60.png	armature	CocosStudio 骨骼、动作和图集
assets/res/app/armature/tudigong1/tudigong1.csb	armature	CocosStudio 骨骼、动作和图集
assets/res/app/armature/tudigong1/tudigong10.plist	armature	CocosStudio 骨骼、动作和图集
assets/res/app/armature/tudigong1/tudigong10.png	armature	CocosStudio 骨骼、动作和图集
assets/res/app/armature/tudigong2/tudigong2.csb	armature	CocosStudio 骨骼、动作和图集
assets/res/app/armature/tudigong2/tudigong20.plist	armature	CocosStudio 骨骼、动作和图集
assets/res/app/armature/tudigong2/tudigong20.png	armature	CocosStudio 骨骼、动作和图集
assets/res/app/armature/tudigong3/tudigong3.csb	armature	CocosStudio 骨骼、动作和图集
assets/res/app/armature/tudigong3/tudigong30.plist	armature	CocosStudio 骨骼、动作和图集
assets/res/app/armature/tudigong3/tudigong30.png	armature	CocosStudio 骨骼、动作和图集
assets/res/app/armature/tuguai1/tuguai1.csb	armature	CocosStudio 骨骼、动作和图集
assets/res/app/armature/tuguai1/tuguai10.plist	armature	CocosStudio 骨骼、动作和图集
assets/res/app/armature/tuguai1/tuguai10.png	armature	CocosStudio 骨骼、动作和图集
assets/res/app/armature/tuguai2/tuguai2.csb	armature	CocosStudio 骨骼、动作和图集
assets/res/app/armature/tuguai2/tuguai20.plist	armature	CocosStudio 骨骼、动作和图集
assets/res/app/armature/tuguai2/tuguai20.png	armature	CocosStudio 骨骼、动作和图集
assets/res/app/armature/tuzha1/tuzha1.csb	armature	CocosStudio 骨骼、动作和图集
assets/res/app/armature/tuzha1/tuzha10.plist	armature	CocosStudio 骨骼、动作和图集
assets/res/app/armature/tuzha1/tuzha10.png	armature	CocosStudio 骨骼、动作和图集
assets/res/app/armature/tuzha2/tuzha2.csb	armature	CocosStudio 骨骼、动作和图集
assets/res/app/armature/tuzha2/tuzha20.plist	armature	CocosStudio 骨骼、动作和图集
assets/res/app/armature/tuzha2/tuzha20.png	armature	CocosStudio 骨骼、动作和图集
assets/res/app/armature/tuzha3/tuzha3.csb	armature	CocosStudio 骨骼、动作和图集
assets/res/app/armature/tuzha3/tuzha30.plist	armature	CocosStudio 骨骼、动作和图集
assets/res/app/armature/tuzha3/tuzha30.png	armature	CocosStudio 骨骼、动作和图集
assets/res/app/armature/wanshenglong1/wanshenglong1.csb	armature	CocosStudio 骨骼、动作和图集
assets/res/app/armature/wanshenglong1/wanshenglong10.plist	armature	CocosStudio 骨骼、动作和图集
assets/res/app/armature/wanshenglong1/wanshenglong10.png	armature	CocosStudio 骨骼、动作和图集
assets/res/app/armature/wugang1/wugang1.csb	armature	CocosStudio 骨骼、动作和图集
assets/res/app/armature/wugang1/wugang10.plist	armature	CocosStudio 骨骼、动作和图集
assets/res/app/armature/wugang1/wugang10.png	armature	CocosStudio 骨骼、动作和图集
assets/res/app/armature/wugang2/wugang2.csb	armature	CocosStudio 骨骼、动作和图集
assets/res/app/armature/wugang2/wugang20.plist	armature	CocosStudio 骨骼、动作和图集
assets/res/app/armature/wugang2/wugang20.png	armature	CocosStudio 骨骼、动作和图集
assets/res/app/armature/wugang3/wugang3.csb	armature	CocosStudio 骨骼、动作和图集
assets/res/app/armature/wugang3/wugang30.plist	armature	CocosStudio 骨骼、动作和图集
assets/res/app/armature/wugang3/wugang30.png	armature	CocosStudio 骨骼、动作和图集
assets/res/app/armature/wutian0/wutian0.csb	armature	CocosStudio 骨骼、动作和图集
assets/res/app/armature/wutian0/wutian00.plist	armature	CocosStudio 骨骼、动作和图集
assets/res/app/armature/wutian0/wutian00.png	armature	CocosStudio 骨骼、动作和图集
assets/res/app/armature/wutian1/wutian1.csb	armature	CocosStudio 骨骼、动作和图集
assets/res/app/armature/wutian1/wutian10.plist	armature	CocosStudio 骨骼、动作和图集
assets/res/app/armature/wutian1/wutian10.png	armature	CocosStudio 骨骼、动作和图集
assets/res/app/armature/wutian2/wutian2.csb	armature	CocosStudio 骨骼、动作和图集
assets/res/app/armature/wutian2/wutian20.plist	armature	CocosStudio 骨骼、动作和图集
assets/res/app/armature/wutian2/wutian20.png	armature	CocosStudio 骨骼、动作和图集
assets/res/app/armature/xiabing1/xiabing1.csb	armature	CocosStudio 骨骼、动作和图集
assets/res/app/armature/xiabing1/xiabing10.plist	armature	CocosStudio 骨骼、动作和图集
assets/res/app/armature/xiabing1/xiabing10.png	armature	CocosStudio 骨骼、动作和图集
assets/res/app/armature/xiabing2/xiabing2.csb	armature	CocosStudio 骨骼、动作和图集
assets/res/app/armature/xiabing2/xiabing20.plist	armature	CocosStudio 骨骼、动作和图集
assets/res/app/armature/xiabing2/xiabing20.png	armature	CocosStudio 骨骼、动作和图集
assets/res/app/armature/xianglong1/xianglong1.csb	armature	CocosStudio 骨骼、动作和图集
assets/res/app/armature/xianglong1/xianglong10.plist	armature	CocosStudio 骨骼、动作和图集
assets/res/app/armature/xianglong1/xianglong10.png	armature	CocosStudio 骨骼、动作和图集
assets/res/app/armature/xianglong2/xianglong2.csb	armature	CocosStudio 骨骼、动作和图集
assets/res/app/armature/xianglong2/xianglong20.plist	armature	CocosStudio 骨骼、动作和图集
assets/res/app/armature/xianglong2/xianglong20.png	armature	CocosStudio 骨骼、动作和图集
assets/res/app/armature/xiangwang/xiangwang.csb	armature	CocosStudio 骨骼、动作和图集
assets/res/app/armature/xiangwang/xiangwang0.plist	armature	CocosStudio 骨骼、动作和图集
assets/res/app/armature/xiangwang/xiangwang0.png	armature	CocosStudio 骨骼、动作和图集
assets/res/app/armature/xiangwang1/xiangwang1.csb	armature	CocosStudio 骨骼、动作和图集
assets/res/app/armature/xiangwang1/xiangwang10.plist	armature	CocosStudio 骨骼、动作和图集
assets/res/app/armature/xiangwang1/xiangwang10.png	armature	CocosStudio 骨骼、动作和图集
assets/res/app/armature/xiangwang2/xiangwang2.csb	armature	CocosStudio 骨骼、动作和图集
assets/res/app/armature/xiangwang2/xiangwang20.plist	armature	CocosStudio 骨骼、动作和图集
assets/res/app/armature/xiangwang2/xiangwang20.png	armature	CocosStudio 骨骼、动作和图集
assets/res/app/armature/xiaotianbing1/xiaotianbing1.csb	armature	CocosStudio 骨骼、动作和图集
assets/res/app/armature/xiaotianbing1/xiaotianbing10.plist	armature	CocosStudio 骨骼、动作和图集
assets/res/app/armature/xiaotianbing1/xiaotianbing10.png	armature	CocosStudio 骨骼、动作和图集
assets/res/app/armature/xiaotianbing2/xiaotianbing2.csb	armature	CocosStudio 骨骼、动作和图集
assets/res/app/armature/xiaotianbing2/xiaotianbing20.plist	armature	CocosStudio 骨骼、动作和图集
assets/res/app/armature/xiaotianbing2/xiaotianbing20.png	armature	CocosStudio 骨骼、动作和图集
assets/res/app/armature/xiaotianbing3/xiaotianbing3.csb	armature	CocosStudio 骨骼、动作和图集
assets/res/app/armature/xiaotianbing3/xiaotianbing30.plist	armature	CocosStudio 骨骼、动作和图集
assets/res/app/armature/xiaotianbing3/xiaotianbing30.png	armature	CocosStudio 骨骼、动作和图集
assets/res/app/armature/xiaoxiangzi1/xiaoxiangzi1.csb	armature	CocosStudio 骨骼、动作和图集
assets/res/app/armature/xiaoxiangzi1/xiaoxiangzi10.plist	armature	CocosStudio 骨骼、动作和图集
assets/res/app/armature/xiaoxiangzi1/xiaoxiangzi10.png	armature	CocosStudio 骨骼、动作和图集
assets/res/app/armature/xiejiang1/xiejiang1.csb	armature	CocosStudio 骨骼、动作和图集
assets/res/app/armature/xiejiang1/xiejiang10.plist	armature	CocosStudio 骨骼、动作和图集
assets/res/app/armature/xiejiang1/xiejiang10.png	armature	CocosStudio 骨骼、动作和图集
assets/res/app/armature/xiejiang2/xiejiang2.csb	armature	CocosStudio 骨骼、动作和图集
assets/res/app/armature/xiejiang2/xiejiang20.plist	armature	CocosStudio 骨骼、动作和图集
assets/res/app/armature/xiejiang2/xiejiang20.png	armature	CocosStudio 骨骼、动作和图集
assets/res/app/armature/xuanwu1/xuanwu1.csb	armature	CocosStudio 骨骼、动作和图集
assets/res/app/armature/xuanwu1/xuanwu10.plist	armature	CocosStudio 骨骼、动作和图集
assets/res/app/armature/xuanwu1/xuanwu10.png	armature	CocosStudio 骨骼、动作和图集
assets/res/app/armature/xuanwu2/xuanwu2.csb	armature	CocosStudio 骨骼、动作和图集
assets/res/app/armature/xuanwu2/xuanwu20.plist	armature	CocosStudio 骨骼、动作和图集
assets/res/app/armature/xuanwu2/xuanwu20.png	armature	CocosStudio 骨骼、动作和图集
assets/res/app/armature/xuanwu3/xuanwu3.csb	armature	CocosStudio 骨骼、动作和图集
assets/res/app/armature/xuanwu3/xuanwu30.plist	armature	CocosStudio 骨骼、动作和图集
assets/res/app/armature/xuanwu3/xuanwu30.png	armature	CocosStudio 骨骼、动作和图集
assets/res/app/armature/yangrxianguan1/yangrxianguan1.csb	armature	CocosStudio 骨骼、动作和图集
assets/res/app/armature/yangrxianguan1/yangrxianguan10.plist	armature	CocosStudio 骨骼、动作和图集
assets/res/app/armature/yangrxianguan1/yangrxianguan10.png	armature	CocosStudio 骨骼、动作和图集
assets/res/app/armature/yangrxianguan2/yangrxianguan2.csb	armature	CocosStudio 骨骼、动作和图集
assets/res/app/armature/yangrxianguan2/yangrxianguan20.plist	armature	CocosStudio 骨骼、动作和图集
assets/res/app/armature/yangrxianguan2/yangrxianguan20.png	armature	CocosStudio 骨骼、动作和图集
assets/res/app/armature/yangrxianguan3/yangrxianguan3.csb	armature	CocosStudio 骨骼、动作和图集
assets/res/app/armature/yangrxianguan3/yangrxianguan30.plist	armature	CocosStudio 骨骼、动作和图集
assets/res/app/armature/yangrxianguan3/yangrxianguan30.png	armature	CocosStudio 骨骼、动作和图集
assets/res/app/armature/yangtuo1/yangtuo1.csb	armature	CocosStudio 骨骼、动作和图集
assets/res/app/armature/yangtuo1/yangtuo10.plist	armature	CocosStudio 骨骼、动作和图集
assets/res/app/armature/yangtuo1/yangtuo10.png	armature	CocosStudio 骨骼、动作和图集
assets/res/app/armature/yangtuo2/yangtuo2.csb	armature	CocosStudio 骨骼、动作和图集
assets/res/app/armature/yangtuo2/yangtuo20.plist	armature	CocosStudio 骨骼、动作和图集
assets/res/app/armature/yangtuo2/yangtuo20.png	armature	CocosStudio 骨骼、动作和图集
assets/res/app/armature/yaomolaixi/yaomolaixi.csb	armature	CocosStudio 骨骼、动作和图集
assets/res/app/armature/yaomolaixi/yaomolaixi0.plist	armature	CocosStudio 骨骼、动作和图集
assets/res/app/armature/yaomolaixi/yaomolaixi0.png	armature	CocosStudio 骨骼、动作和图集
assets/res/app/armature/yelong1/yelong1.csb	armature	CocosStudio 骨骼、动作和图集
assets/res/app/armature/yelong1/yelong10.plist	armature	CocosStudio 骨骼、动作和图集
assets/res/app/armature/yelong1/yelong10.png	armature	CocosStudio 骨骼、动作和图集
assets/res/app/armature/yelong1Idle/yelong1Idle.csb	armature	CocosStudio 骨骼、动作和图集
assets/res/app/armature/yelong1Idle/yelong1Idle0.plist	armature	CocosStudio 骨骼、动作和图集
assets/res/app/armature/yelong1Idle/yelong1Idle0.png	armature	CocosStudio 骨骼、动作和图集
assets/res/app/armature/yuanjuntexiao1/yuanjuntexiao1.csb	armature	CocosStudio 骨骼、动作和图集
assets/res/app/armature/yuanjuntexiao1/yuanjuntexiao10.plist	armature	CocosStudio 骨骼、动作和图集
assets/res/app/armature/yuanjuntexiao1/yuanjuntexiao10.png	armature	CocosStudio 骨骼、动作和图集
assets/res/app/armature/yutujing1/yutujing1.csb	armature	CocosStudio 骨骼、动作和图集
assets/res/app/armature/yutujing1/yutujing10.plist	armature	CocosStudio 骨骼、动作和图集
assets/res/app/armature/yutujing1/yutujing10.png	armature	CocosStudio 骨骼、动作和图集
assets/res/app/armature/yutujing2/yutujing2.csb	armature	CocosStudio 骨骼、动作和图集
assets/res/app/armature/yutujing2/yutujing20.plist	armature	CocosStudio 骨骼、动作和图集
assets/res/app/armature/yutujing2/yutujing20.png	armature	CocosStudio 骨骼、动作和图集
assets/res/app/armature/zhizhong/zhizhong.csb	armature	CocosStudio 骨骼、动作和图集
assets/res/app/armature/zhizhong/zhizhong0.plist	armature	CocosStudio 骨骼、动作和图集
assets/res/app/armature/zhizhong/zhizhong0.png	armature	CocosStudio 骨骼、动作和图集
assets/res/app/armature/zhongkui1/zhongkui1.csb	armature	CocosStudio 骨骼、动作和图集
assets/res/app/armature/zhongkui1/zhongkui10.plist	armature	CocosStudio 骨骼、动作和图集
assets/res/app/armature/zhongkui1/zhongkui10.png	armature	CocosStudio 骨骼、动作和图集
assets/res/app/armature/zhongkui2/zhongkui2.csb	armature	CocosStudio 骨骼、动作和图集
assets/res/app/armature/zhongkui2/zhongkui20.plist	armature	CocosStudio 骨骼、动作和图集
assets/res/app/armature/zhongkui2/zhongkui20.png	armature	CocosStudio 骨骼、动作和图集
assets/res/app/armature/zhongkui3/zhongkui3.csb	armature	CocosStudio 骨骼、动作和图集
assets/res/app/armature/zhongkui3/zhongkui30.plist	armature	CocosStudio 骨骼、动作和图集
assets/res/app/armature/zhongkui3/zhongkui30.png	armature	CocosStudio 骨骼、动作和图集
assets/res/app/armature/zhongxiangzi1/zhongxiangzi1.csb	armature	CocosStudio 骨骼、动作和图集
assets/res/app/armature/zhongxiangzi1/zhongxiangzi10.plist	armature	CocosStudio 骨骼、动作和图集
assets/res/app/armature/zhongxiangzi1/zhongxiangzi10.png	armature	CocosStudio 骨骼、动作和图集
assets/res/app/armature/zhubajie1/zhubajie1.csb	armature	CocosStudio 骨骼、动作和图集
assets/res/app/armature/zhubajie1/zhubajie10.plist	armature	CocosStudio 骨骼、动作和图集
assets/res/app/armature/zhubajie1/zhubajie10.png	armature	CocosStudio 骨骼、动作和图集
assets/res/app/armature/zhubajie2/zhubajie2.csb	armature	CocosStudio 骨骼、动作和图集
assets/res/app/armature/zhubajie2/zhubajie20.plist	armature	CocosStudio 骨骼、动作和图集
assets/res/app/armature/zhubajie2/zhubajie20.png	armature	CocosStudio 骨骼、动作和图集
assets/res/app/armature/zhubajie3/zhubajie3.csb	armature	CocosStudio 骨骼、动作和图集
assets/res/app/armature/zhubajie3/zhubajie30.plist	armature	CocosStudio 骨骼、动作和图集
assets/res/app/armature/zhubajie3/zhubajie30.png	armature	CocosStudio 骨骼、动作和图集
assets/res/app/armature/zixiaxianzi1/zixiaxianzi1.csb	armature	CocosStudio 骨骼、动作和图集
assets/res/app/armature/zixiaxianzi1/zixiaxianzi10.plist	armature	CocosStudio 骨骼、动作和图集
assets/res/app/armature/zixiaxianzi1/zixiaxianzi10.png	armature	CocosStudio 骨骼、动作和图集
assets/res/app/armature/zixiaxianzi2/zixiaxianzi2.csb	armature	CocosStudio 骨骼、动作和图集
assets/res/app/armature/zixiaxianzi2/zixiaxianzi20.plist	armature	CocosStudio 骨骼、动作和图集
assets/res/app/armature/zixiaxianzi2/zixiaxianzi20.png	armature	CocosStudio 骨骼、动作和图集
assets/res/app/armature/zixiaxianzi3/zixiaxianzi3.csb	armature	CocosStudio 骨骼、动作和图集
assets/res/app/armature/zixiaxianzi3/zixiaxianzi30.plist	armature	CocosStudio 骨骼、动作和图集
assets/res/app/armature/zixiaxianzi3/zixiaxianzi30.png	armature	CocosStudio 骨骼、动作和图集
assets/res/app/armature/zongzifashi1/zongzifashi1.csb	armature	CocosStudio 骨骼、动作和图集
assets/res/app/armature/zongzifashi1/zongzifashi10.plist	armature	CocosStudio 骨骼、动作和图集
assets/res/app/armature/zongzifashi1/zongzifashi10.png	armature	CocosStudio 骨骼、动作和图集
assets/res/app/armature/zongzimushi1/zongzimushi1.csb	armature	CocosStudio 骨骼、动作和图集
assets/res/app/armature/zongzimushi1/zongzimushi10.plist	armature	CocosStudio 骨骼、动作和图集
assets/res/app/armature/zongzimushi1/zongzimushi10.png	armature	CocosStudio 骨骼、动作和图集
assets/res/app/armature/zongzizhanshi1/zongzizhanshi1.csb	armature	CocosStudio 骨骼、动作和图集
assets/res/app/armature/zongzizhanshi1/zongzizhanshi10.plist	armature	CocosStudio 骨骼、动作和图集
assets/res/app/armature/zongzizhanshi1/zongzizhanshi10.png	armature	CocosStudio 骨骼、动作和图集
assets/res/app/armature/zuanfengdawang1/zuanfengdawang1.csb	armature	CocosStudio 骨骼、动作和图集
assets/res/app/armature/zuanfengdawang1/zuanfengdawang10.plist	armature	CocosStudio 骨骼、动作和图集
assets/res/app/armature/zuanfengdawang1/zuanfengdawang10.png	armature	CocosStudio 骨骼、动作和图集
assets/res/app/babel/adorn.png	game resource	游戏 UI、场景、图标或玩法资源
assets/res/app/babel/alert.png	game resource	游戏 UI、场景、图标或玩法资源
assets/res/app/babel/bg_color.jpg	game resource	游戏 UI、场景、图标或玩法资源
assets/res/app/babel/bg_gray.png	game resource	游戏 UI、场景、图标或玩法资源
assets/res/app/babel/cloud_back1.png	game resource	游戏 UI、场景、图标或玩法资源
assets/res/app/babel/cloud_back2.png	game resource	游戏 UI、场景、图标或玩法资源
assets/res/app/babel/cloud_bg.png	game resource	游戏 UI、场景、图标或玩法资源
assets/res/app/babel/cloud_front1.png	game resource	游戏 UI、场景、图标或玩法资源
assets/res/app/babel/cloud_front2.png	game resource	游戏 UI、场景、图标或玩法资源
assets/res/app/babel/cloud_front3.png	game resource	游戏 UI、场景、图标或玩法资源
assets/res/app/babel/cushion.png	game resource	游戏 UI、场景、图标或玩法资源
assets/res/app/babel/floor.png	game resource	游戏 UI、场景、图标或玩法资源
assets/res/app/babel/floor1.png	game resource	游戏 UI、场景、图标或玩法资源
assets/res/app/babel/floor2.png	game resource	游戏 UI、场景、图标或玩法资源
assets/res/app/babel/floor3.png	game resource	游戏 UI、场景、图标或玩法资源
assets/res/app/babel/floor4.png	game resource	游戏 UI、场景、图标或玩法资源
assets/res/app/babel/floor5.png	game resource	游戏 UI、场景、图标或玩法资源
assets/res/app/babel/floor6.png	game resource	游戏 UI、场景、图标或玩法资源
assets/res/app/babel/floor7.png	game resource	游戏 UI、场景、图标或玩法资源
assets/res/app/babel/floor8.png	game resource	游戏 UI、场景、图标或玩法资源
assets/res/app/babel/floor9.png	game resource	游戏 UI、场景、图标或玩法资源
assets/res/app/babel/left_fight.png	game resource	游戏 UI、场景、图标或玩法资源
assets/res/app/babel/left_platform.png	game resource	游戏 UI、场景、图标或玩法资源
assets/res/app/babel/lock.png	game resource	游戏 UI、场景、图标或玩法资源
assets/res/app/babel/lock1.png	game resource	游戏 UI、场景、图标或玩法资源
assets/res/app/babel/miao.png	game resource	游戏 UI、场景、图标或玩法资源
assets/res/app/babel/montain.png	game resource	游戏 UI、场景、图标或玩法资源
assets/res/app/babel/name_bg.png	game resource	游戏 UI、场景、图标或玩法资源
assets/res/app/babel/peach_meditation_str.png	game resource	游戏 UI、场景、图标或玩法资源
assets/res/app/babel/player.png	game resource	游戏 UI、场景、图标或玩法资源
assets/res/app/babel/point.png	game resource	游戏 UI、场景、图标或玩法资源
assets/res/app/babel/pro_bar.png	game resource	游戏 UI、场景、图标或玩法资源
assets/res/app/babel/pro_bg.png	game resource	游戏 UI、场景、图标或玩法资源
assets/res/app/babel/profit_gain.png	game resource	游戏 UI、场景、图标或玩法资源
assets/res/app/babel/profit_grab.png	game resource	游戏 UI、场景、图标或玩法资源
assets/res/app/babel/profit_left.png	game resource	游戏 UI、场景、图标或玩法资源
assets/res/app/babel/profit_time.png	game resource	游戏 UI、场景、图标或玩法资源
assets/res/app/babel/profit_win.png	game resource	游戏 UI、场景、图标或玩法资源
assets/res/app/babel/seat_name.png	game resource	游戏 UI、场景、图标或玩法资源
assets/res/app/babel/tag.png	game resource	游戏 UI、场景、图标或玩法资源
assets/res/app/babel/tang.png	game resource	游戏 UI、场景、图标或玩法资源
assets/res/app/babel/tip.png	game resource	游戏 UI、场景、图标或玩法资源
assets/res/app/babel/title.png	game resource	游戏 UI、场景、图标或玩法资源
assets/res/app/babel/tower_bottom.png	game resource	游戏 UI、场景、图标或玩法资源
assets/res/app/babel/tower_bottom1.png	game resource	游戏 UI、场景、图标或玩法资源
assets/res/app/babel/tower_bottom_pressed.png	game resource	游戏 UI、场景、图标或玩法资源
assets/res/app/babel/tower_mid.png	game resource	游戏 UI、场景、图标或玩法资源
assets/res/app/babel/tower_mid1.png	game resource	游戏 UI、场景、图标或玩法资源
assets/res/app/babel/tower_mid_pressed.png	game resource	游戏 UI、场景、图标或玩法资源
assets/res/app/babel/tower_top.png	game resource	游戏 UI、场景、图标或玩法资源
assets/res/app/babel/tower_top1.png	game resource	游戏 UI、场景、图标或玩法资源
assets/res/app/babel/tower_top_pressed.png	game resource	游戏 UI、场景、图标或玩法资源
assets/res/app/babel/war_avoid.png	game resource	游戏 UI、场景、图标或玩法资源
assets/res/app/buddha/buddha100101.png	game resource	游戏 UI、场景、图标或玩法资源
assets/res/app/buddha/buddha100102.png	game resource	游戏 UI、场景、图标或玩法资源
assets/res/app/buddha/buddha100103.png	game resource	游戏 UI、场景、图标或玩法资源
assets/res/app/buddha/buddha100201.png	game resource	游戏 UI、场景、图标或玩法资源
assets/res/app/buddha/buddha100202.png	game resource	游戏 UI、场景、图标或玩法资源
assets/res/app/buddha/buddha100203.png	game resource	游戏 UI、场景、图标或玩法资源
assets/res/app/buddha/buddha100301.png	game resource	游戏 UI、场景、图标或玩法资源
assets/res/app/buddha/buddha100302.png	game resource	游戏 UI、场景、图标或玩法资源
assets/res/app/buddha/buddha100303.png	game resource	游戏 UI、场景、图标或玩法资源
assets/res/app/buddha/buddha100401.png	game resource	游戏 UI、场景、图标或玩法资源
assets/res/app/buddha/buddha100402.png	game resource	游戏 UI、场景、图标或玩法资源
assets/res/app/buddha/buddha100501.png	game resource	游戏 UI、场景、图标或玩法资源
assets/res/app/buddha/buddha100502.png	game resource	游戏 UI、场景、图标或玩法资源
assets/res/app/buddha/buddha100503.png	game resource	游戏 UI、场景、图标或玩法资源
assets/res/app/buddha/buddha100601.png	game resource	游戏 UI、场景、图标或玩法资源
assets/res/app/buddha/buddha100602.png	game resource	游戏 UI、场景、图标或玩法资源
assets/res/app/buddha/buddha100701.png	game resource	游戏 UI、场景、图标或玩法资源
assets/res/app/buddha/buddha100702.png	game resource	游戏 UI、场景、图标或玩法资源
assets/res/app/buddha/buddha100703.png	game resource	游戏 UI、场景、图标或玩法资源
assets/res/app/buddha/buddha100801.png	game resource	游戏 UI、场景、图标或玩法资源
assets/res/app/buddha/buddha100802.png	game resource	游戏 UI、场景、图标或玩法资源
assets/res/app/buddha/buddha100803.png	game resource	游戏 UI、场景、图标或玩法资源
assets/res/app/buddha/buddha100901.png	game resource	游戏 UI、场景、图标或玩法资源
assets/res/app/buddha/buddha100902.png	game resource	游戏 UI、场景、图标或玩法资源
assets/res/app/buddha/buddha100903.png	game resource	游戏 UI、场景、图标或玩法资源
assets/res/app/buddha/buddha101001.png	game resource	游戏 UI、场景、图标或玩法资源
assets/res/app/buddha/buddha101002.png	game resource	游戏 UI、场景、图标或玩法资源
assets/res/app/buddha/buddha101003.png	game resource	游戏 UI、场景、图标或玩法资源
assets/res/app/buddha/buddha101101.png	game resource	游戏 UI、场景、图标或玩法资源
assets/res/app/buddha/buddha101102.png	game resource	游戏 UI、场景、图标或玩法资源
assets/res/app/buddha/buddha101103.png	game resource	游戏 UI、场景、图标或玩法资源
assets/res/app/buddha/buddha101201.png	game resource	游戏 UI、场景、图标或玩法资源
assets/res/app/buddha/buddha101202.png	game resource	游戏 UI、场景、图标或玩法资源
assets/res/app/buddha/buddha101203.png	game resource	游戏 UI、场景、图标或玩法资源
assets/res/app/buddha/buddha101301.png	game resource	游戏 UI、场景、图标或玩法资源
assets/res/app/buddha/buddha101302.png	game resource	游戏 UI、场景、图标或玩法资源
assets/res/app/buddha/buddha101303.png	game resource	游戏 UI、场景、图标或玩法资源
assets/res/app/buddha/buddha101401.png	game resource	游戏 UI、场景、图标或玩法资源
assets/res/app/buddha/buddha101402.png	game resource	游戏 UI、场景、图标或玩法资源
assets/res/app/buddha/buddha101403.png	game resource	游戏 UI、场景、图标或玩法资源
assets/res/app/buddha/buddha101501.png	game resource	游戏 UI、场景、图标或玩法资源
assets/res/app/buddha/buddha101502.png	game resource	游戏 UI、场景、图标或玩法资源
assets/res/app/buddha/buddha101503.png	game resource	游戏 UI、场景、图标或玩法资源
assets/res/app/buddha/buddha101601.png	game resource	游戏 UI、场景、图标或玩法资源
assets/res/app/buddha/buddha101602.png	game resource	游戏 UI、场景、图标或玩法资源
assets/res/app/buddha/buddha101701.png	game resource	游戏 UI、场景、图标或玩法资源
assets/res/app/buddha/buddha101702.png	game resource	游戏 UI、场景、图标或玩法资源
assets/res/app/buddha/buddha101703.png	game resource	游戏 UI、场景、图标或玩法资源
assets/res/app/buddha/buddha101801.png	game resource	游戏 UI、场景、图标或玩法资源
assets/res/app/buddha/buddha101802.png	game resource	游戏 UI、场景、图标或玩法资源
assets/res/app/buddha/buddha101803.png	game resource	游戏 UI、场景、图标或玩法资源
assets/res/app/buddha/buddha101901.png	game resource	游戏 UI、场景、图标或玩法资源
assets/res/app/buddha/buddha101902.png	game resource	游戏 UI、场景、图标或玩法资源
assets/res/app/buddha/buddha101903.png	game resource	游戏 UI、场景、图标或玩法资源
assets/res/app/buddha/buddha102001.png	game resource	游戏 UI、场景、图标或玩法资源
assets/res/app/buddha/buddha102002.png	game resource	游戏 UI、场景、图标或玩法资源
assets/res/app/buddha/buddha102101.png	game resource	游戏 UI、场景、图标或玩法资源
assets/res/app/buddha/buddha102102.png	game resource	游戏 UI、场景、图标或玩法资源
assets/res/app/buddha/buddha102103.png	game resource	游戏 UI、场景、图标或玩法资源
assets/res/app/buddha/buddha102201.png	game resource	游戏 UI、场景、图标或玩法资源
assets/res/app/buddha/buddha102202.png	game resource	游戏 UI、场景、图标或玩法资源
assets/res/app/buddha/buddha102203.png	game resource	游戏 UI、场景、图标或玩法资源
assets/res/app/buddha/buddha102301.png	game resource	游戏 UI、场景、图标或玩法资源
assets/res/app/buddha/buddha102302.png	game resource	游戏 UI、场景、图标或玩法资源
assets/res/app/buddha/buddha102303.png	game resource	游戏 UI、场景、图标或玩法资源
assets/res/app/buddha/buddha102401.png	game resource	游戏 UI、场景、图标或玩法资源
assets/res/app/buddha/buddha102402.png	game resource	游戏 UI、场景、图标或玩法资源
assets/res/app/buddha/buddha102403.png	game resource	游戏 UI、场景、图标或玩法资源
assets/res/app/buddha/buddha102501.png	game resource	游戏 UI、场景、图标或玩法资源
assets/res/app/buddha/buddha102502.png	game resource	游戏 UI、场景、图标或玩法资源
assets/res/app/buddha/buddha102503.png	game resource	游戏 UI、场景、图标或玩法资源
assets/res/app/buddha/buddha102601.png	game resource	游戏 UI、场景、图标或玩法资源
assets/res/app/buddha/buddha102602.png	game resource	游戏 UI、场景、图标或玩法资源
assets/res/app/buddha/buddha102603.png	game resource	游戏 UI、场景、图标或玩法资源
assets/res/app/buddha/buddha102701.png	game resource	游戏 UI、场景、图标或玩法资源
assets/res/app/buddha/buddha102702.png	game resource	游戏 UI、场景、图标或玩法资源
assets/res/app/buddha/buddha102703.png	game resource	游戏 UI、场景、图标或玩法资源
assets/res/app/buddha/buddha102801.png	game resource	游戏 UI、场景、图标或玩法资源
assets/res/app/buddha/buddha102802.png	game resource	游戏 UI、场景、图标或玩法资源
assets/res/app/buddha/buddha102803.png	game resource	游戏 UI、场景、图标或玩法资源
assets/res/app/buddha/buddha102901.png	game resource	游戏 UI、场景、图标或玩法资源
assets/res/app/buddha/buddha102902.png	game resource	游戏 UI、场景、图标或玩法资源
assets/res/app/buddha/buddha103001.png	game resource	游戏 UI、场景、图标或玩法资源
assets/res/app/buddha/buddha103002.png	game resource	游戏 UI、场景、图标或玩法资源
assets/res/app/buddha/buddha103101.png	game resource	游戏 UI、场景、图标或玩法资源
assets/res/app/buddha/buddha103102.png	game resource	游戏 UI、场景、图标或玩法资源
assets/res/app/buddha/buddha103201.png	game resource	游戏 UI、场景、图标或玩法资源
assets/res/app/buddha/buddha103202.png	game resource	游戏 UI、场景、图标或玩法资源
assets/res/app/buddha/buddha103301.png	game resource	游戏 UI、场景、图标或玩法资源
assets/res/app/buddha/buddha103302.png	game resource	游戏 UI、场景、图标或玩法资源
assets/res/app/buddha/buddha103401.png	game resource	游戏 UI、场景、图标或玩法资源
assets/res/app/buddha/buddha103402.png	game resource	游戏 UI、场景、图标或玩法资源
assets/res/app/buddha/buddha103501.png	game resource	游戏 UI、场景、图标或玩法资源
assets/res/app/buddha/buddha103502.png	game resource	游戏 UI、场景、图标或玩法资源
assets/res/app/buddha/buddha103601.png	game resource	游戏 UI、场景、图标或玩法资源
assets/res/app/buddha/buddha103602.png	game resource	游戏 UI、场景、图标或玩法资源
assets/res/app/buddha/buddha103701.png	game resource	游戏 UI、场景、图标或玩法资源
assets/res/app/buddha/buddha103702.png	game resource	游戏 UI、场景、图标或玩法资源
assets/res/app/buddha/buddha103801.png	game resource	游戏 UI、场景、图标或玩法资源
assets/res/app/buddha/buddha103802.png	game resource	游戏 UI、场景、图标或玩法资源
assets/res/app/buddha/buddha103901.png	game resource	游戏 UI、场景、图标或玩法资源
assets/res/app/buddha/buddha103902.png	game resource	游戏 UI、场景、图标或玩法资源
assets/res/app/buddha/buddha104001.png	game resource	游戏 UI、场景、图标或玩法资源
assets/res/app/buddha/buddha104002.png	game resource	游戏 UI、场景、图标或玩法资源
assets/res/app/buddha/buddha104101.png	game resource	游戏 UI、场景、图标或玩法资源
assets/res/app/buddha/buddha104102.png	game resource	游戏 UI、场景、图标或玩法资源
assets/res/app/buddha/buddha104201.png	game resource	游戏 UI、场景、图标或玩法资源
assets/res/app/buddha/buddha104202.png	game resource	游戏 UI、场景、图标或玩法资源
assets/res/app/buddha/buddha104203.png	game resource	游戏 UI、场景、图标或玩法资源
assets/res/app/buddha/buddha104301.png	game resource	游戏 UI、场景、图标或玩法资源
assets/res/app/buddha/buddha104302.png	game resource	游戏 UI、场景、图标或玩法资源
assets/res/app/buddha/buddha104303.png	game resource	游戏 UI、场景、图标或玩法资源
assets/res/app/buddha/buddha104401.png	game resource	游戏 UI、场景、图标或玩法资源
assets/res/app/buddha/buddha104402.png	game resource	游戏 UI、场景、图标或玩法资源
assets/res/app/buddha/buddha104501.png	game resource	游戏 UI、场景、图标或玩法资源
assets/res/app/buddha/buddha104502.png	game resource	游戏 UI、场景、图标或玩法资源
assets/res/app/buddha/buddha104601.png	game resource	游戏 UI、场景、图标或玩法资源
assets/res/app/buddha/buddha104602.png	game resource	游戏 UI、场景、图标或玩法资源
assets/res/app/buddha/buddha104701.png	game resource	游戏 UI、场景、图标或玩法资源
assets/res/app/buddha/buddha104702.png	game resource	游戏 UI、场景、图标或玩法资源
assets/res/app/buddha/buddha104801.png	game resource	游戏 UI、场景、图标或玩法资源
assets/res/app/buddha/buddha104802.png	game resource	游戏 UI、场景、图标或玩法资源
assets/res/app/buddha/buddha104901.png	game resource	游戏 UI、场景、图标或玩法资源
assets/res/app/buddha/buddha104902.png	game resource	游戏 UI、场景、图标或玩法资源
assets/res/app/buddha/buddha105001.png	game resource	游戏 UI、场景、图标或玩法资源
assets/res/app/buddha/buddha105002.png	game resource	游戏 UI、场景、图标或玩法资源
assets/res/app/buddha/buddha105101.png	game resource	游戏 UI、场景、图标或玩法资源
assets/res/app/buddha/buddha105102.png	game resource	游戏 UI、场景、图标或玩法资源
assets/res/app/buddha/buddha105199.png	game resource	游戏 UI、场景、图标或玩法资源
assets/res/app/buddha/buddha105201.png	game resource	游戏 UI、场景、图标或玩法资源
assets/res/app/buddha/buddha105301.png	game resource	游戏 UI、场景、图标或玩法资源
assets/res/app/buddha/buddha105401.png	game resource	游戏 UI、场景、图标或玩法资源
assets/res/app/buddha/buddha105501.png	game resource	游戏 UI、场景、图标或玩法资源
assets/res/app/buddha/buddha105601.png	game resource	游戏 UI、场景、图标或玩法资源
assets/res/app/buddha/buddha105701.png	game resource	游戏 UI、场景、图标或玩法资源
assets/res/app/buddha/buddha105801.png	game resource	游戏 UI、场景、图标或玩法资源
assets/res/app/buddha/buddha105901.png	game resource	游戏 UI、场景、图标或玩法资源
assets/res/app/buddha/buddha106001.png	game resource	游戏 UI、场景、图标或玩法资源
assets/res/app/buddha/buddha106101.png	game resource	游戏 UI、场景、图标或玩法资源
assets/res/app/buddha/buddha106201.png	game resource	游戏 UI、场景、图标或玩法资源
assets/res/app/buddha/buddha106301.png	game resource	游戏 UI、场景、图标或玩法资源
assets/res/app/buddha/buddha106401.png	game resource	游戏 UI、场景、图标或玩法资源
assets/res/app/buddha/buddha106501.png	game resource	游戏 UI、场景、图标或玩法资源
assets/res/app/buddha/buddha106601.png	game resource	游戏 UI、场景、图标或玩法资源
assets/res/app/buddha/buddha106701.png	game resource	游戏 UI、场景、图标或玩法资源
assets/res/app/buddha/buddha106801.png	game resource	游戏 UI、场景、图标或玩法资源
assets/res/app/buddha/buddha106901.png	game resource	游戏 UI、场景、图标或玩法资源
assets/res/app/buddha/buddha107001.png	game resource	游戏 UI、场景、图标或玩法资源
assets/res/app/buddha/buddha107101.png	game resource	游戏 UI、场景、图标或玩法资源
assets/res/app/buddha/buddha107201.png	game resource	游戏 UI、场景、图标或玩法资源
assets/res/app/buddha/buddha107301.png	game resource	游戏 UI、场景、图标或玩法资源
assets/res/app/buddha/buddha107401.png	game resource	游戏 UI、场景、图标或玩法资源
assets/res/app/buddha/buddha107501.png	game resource	游戏 UI、场景、图标或玩法资源
assets/res/app/buddha/buddha107601.png	game resource	游戏 UI、场景、图标或玩法资源
assets/res/app/buddha/buddha108001.png	game resource	游戏 UI、场景、图标或玩法资源
assets/res/app/buddha/buddha108002.png	game resource	游戏 UI、场景、图标或玩法资源
assets/res/app/buddha/buddha108003.png	game resource	游戏 UI、场景、图标或玩法资源
assets/res/app/buddha/buddha108101.png	game resource	游戏 UI、场景、图标或玩法资源
assets/res/app/buddha/buddha108102.png	game resource	游戏 UI、场景、图标或玩法资源
assets/res/app/buddha/buddha108103.png	game resource	游戏 UI、场景、图标或玩法资源
assets/res/app/buddha/buddha108201.png	game resource	游戏 UI、场景、图标或玩法资源
assets/res/app/buddha/buddha108202.png	game resource	游戏 UI、场景、图标或玩法资源
assets/res/app/buddha/buddha108203.png	game resource	游戏 UI、场景、图标或玩法资源
assets/res/app/buddha/buddha108301.png	game resource	游戏 UI、场景、图标或玩法资源
assets/res/app/buddha/buddha108302.png	game resource	游戏 UI、场景、图标或玩法资源
assets/res/app/buddha/buddha108303.png	game resource	游戏 UI、场景、图标或玩法资源
assets/res/app/buddha/buddha108401.png	game resource	游戏 UI、场景、图标或玩法资源
assets/res/app/buddha/buddha108402.png	game resource	游戏 UI、场景、图标或玩法资源
assets/res/app/buddha/buddha108403.png	game resource	游戏 UI、场景、图标或玩法资源
assets/res/app/buddha/buddha108501.png	game resource	游戏 UI、场景、图标或玩法资源
assets/res/app/buddha/buddha108502.png	game resource	游戏 UI、场景、图标或玩法资源
assets/res/app/buddha/buddha108503.png	game resource	游戏 UI、场景、图标或玩法资源
assets/res/app/buddha_icon/buddha100001.png	game resource	游戏 UI、场景、图标或玩法资源
assets/res/app/buddha_icon/buddha100101.png	game resource	游戏 UI、场景、图标或玩法资源
assets/res/app/buddha_icon/buddha100102.png	game resource	游戏 UI、场景、图标或玩法资源
assets/res/app/buddha_icon/buddha100103.png	game resource	游戏 UI、场景、图标或玩法资源
assets/res/app/buddha_icon/buddha100201.png	game resource	游戏 UI、场景、图标或玩法资源
assets/res/app/buddha_icon/buddha100202.png	game resource	游戏 UI、场景、图标或玩法资源
assets/res/app/buddha_icon/buddha100203.png	game resource	游戏 UI、场景、图标或玩法资源
assets/res/app/buddha_icon/buddha100301.png	game resource	游戏 UI、场景、图标或玩法资源
assets/res/app/buddha_icon/buddha100302.png	game resource	游戏 UI、场景、图标或玩法资源
assets/res/app/buddha_icon/buddha100303.png	game resource	游戏 UI、场景、图标或玩法资源
assets/res/app/buddha_icon/buddha100401.png	game resource	游戏 UI、场景、图标或玩法资源
assets/res/app/buddha_icon/buddha100402.png	game resource	游戏 UI、场景、图标或玩法资源
assets/res/app/buddha_icon/buddha100501.png	game resource	游戏 UI、场景、图标或玩法资源
assets/res/app/buddha_icon/buddha100502.png	game resource	游戏 UI、场景、图标或玩法资源
assets/res/app/buddha_icon/buddha100503.png	game resource	游戏 UI、场景、图标或玩法资源
assets/res/app/buddha_icon/buddha100601.png	game resource	游戏 UI、场景、图标或玩法资源
assets/res/app/buddha_icon/buddha100602.png	game resource	游戏 UI、场景、图标或玩法资源
assets/res/app/buddha_icon/buddha100603.png	game resource	游戏 UI、场景、图标或玩法资源
assets/res/app/buddha_icon/buddha100701.png	game resource	游戏 UI、场景、图标或玩法资源
assets/res/app/buddha_icon/buddha100702.png	game resource	游戏 UI、场景、图标或玩法资源
assets/res/app/buddha_icon/buddha100703.png	game resource	游戏 UI、场景、图标或玩法资源
assets/res/app/buddha_icon/buddha100801.png	game resource	游戏 UI、场景、图标或玩法资源
assets/res/app/buddha_icon/buddha100802.png	game resource	游戏 UI、场景、图标或玩法资源
assets/res/app/buddha_icon/buddha100803.png	game resource	游戏 UI、场景、图标或玩法资源
assets/res/app/buddha_icon/buddha100901.png	game resource	游戏 UI、场景、图标或玩法资源
assets/res/app/buddha_icon/buddha100902.png	game resource	游戏 UI、场景、图标或玩法资源
assets/res/app/buddha_icon/buddha100903.png	game resource	游戏 UI、场景、图标或玩法资源
assets/res/app/buddha_icon/buddha101001.png	game resource	游戏 UI、场景、图标或玩法资源
assets/res/app/buddha_icon/buddha101002.png	game resource	游戏 UI、场景、图标或玩法资源
assets/res/app/buddha_icon/buddha101003.png	game resource	游戏 UI、场景、图标或玩法资源
assets/res/app/buddha_icon/buddha101101.png	game resource	游戏 UI、场景、图标或玩法资源
assets/res/app/buddha_icon/buddha101102.png	game resource	游戏 UI、场景、图标或玩法资源
assets/res/app/buddha_icon/buddha101103.png	game resource	游戏 UI、场景、图标或玩法资源
assets/res/app/buddha_icon/buddha101201.png	game resource	游戏 UI、场景、图标或玩法资源
assets/res/app/buddha_icon/buddha101202.png	game resource	游戏 UI、场景、图标或玩法资源
assets/res/app/buddha_icon/buddha101203.png	game resource	游戏 UI、场景、图标或玩法资源
assets/res/app/buddha_icon/buddha101301.png	game resource	游戏 UI、场景、图标或玩法资源
assets/res/app/buddha_icon/buddha101302.png	game resource	游戏 UI、场景、图标或玩法资源
assets/res/app/buddha_icon/buddha101303.png	game resource	游戏 UI、场景、图标或玩法资源
assets/res/app/buddha_icon/buddha101401.png	game resource	游戏 UI、场景、图标或玩法资源
assets/res/app/buddha_icon/buddha101402.png	game resource	游戏 UI、场景、图标或玩法资源
assets/res/app/buddha_icon/buddha101403.png	game resource	游戏 UI、场景、图标或玩法资源
assets/res/app/buddha_icon/buddha101501.png	game resource	游戏 UI、场景、图标或玩法资源
assets/res/app/buddha_icon/buddha101502.png	game resource	游戏 UI、场景、图标或玩法资源
assets/res/app/buddha_icon/buddha101503.png	game resource	游戏 UI、场景、图标或玩法资源
assets/res/app/buddha_icon/buddha101601.png	game resource	游戏 UI、场景、图标或玩法资源
assets/res/app/buddha_icon/buddha101602.png	game resource	游戏 UI、场景、图标或玩法资源
assets/res/app/buddha_icon/buddha101701.png	game resource	游戏 UI、场景、图标或玩法资源
assets/res/app/buddha_icon/buddha101702.png	game resource	游戏 UI、场景、图标或玩法资源
assets/res/app/buddha_icon/buddha101703.png	game resource	游戏 UI、场景、图标或玩法资源
assets/res/app/buddha_icon/buddha101801.png	game resource	游戏 UI、场景、图标或玩法资源
assets/res/app/buddha_icon/buddha101802.png	game resource	游戏 UI、场景、图标或玩法资源
assets/res/app/buddha_icon/buddha101803.png	game resource	游戏 UI、场景、图标或玩法资源
assets/res/app/buddha_icon/buddha101901.png	game resource	游戏 UI、场景、图标或玩法资源
assets/res/app/buddha_icon/buddha101902.png	game resource	游戏 UI、场景、图标或玩法资源
assets/res/app/buddha_icon/buddha101903.png	game resource	游戏 UI、场景、图标或玩法资源
assets/res/app/buddha_icon/buddha102001.png	game resource	游戏 UI、场景、图标或玩法资源
assets/res/app/buddha_icon/buddha102002.png	game resource	游戏 UI、场景、图标或玩法资源
assets/res/app/buddha_icon/buddha102101.png	game resource	游戏 UI、场景、图标或玩法资源
assets/res/app/buddha_icon/buddha102102.png	game resource	游戏 UI、场景、图标或玩法资源
assets/res/app/buddha_icon/buddha102103.png	game resource	游戏 UI、场景、图标或玩法资源
assets/res/app/buddha_icon/buddha102201.png	game resource	游戏 UI、场景、图标或玩法资源
assets/res/app/buddha_icon/buddha102202.png	game resource	游戏 UI、场景、图标或玩法资源
assets/res/app/buddha_icon/buddha102203.png	game resource	游戏 UI、场景、图标或玩法资源
assets/res/app/buddha_icon/buddha102301.png	game resource	游戏 UI、场景、图标或玩法资源
assets/res/app/buddha_icon/buddha102302.png	game resource	游戏 UI、场景、图标或玩法资源
assets/res/app/buddha_icon/buddha102303.png	game resource	游戏 UI、场景、图标或玩法资源
assets/res/app/buddha_icon/buddha102401.png	game resource	游戏 UI、场景、图标或玩法资源
assets/res/app/buddha_icon/buddha102402.png	game resource	游戏 UI、场景、图标或玩法资源
assets/res/app/buddha_icon/buddha102403.png	game resource	游戏 UI、场景、图标或玩法资源
assets/res/app/buddha_icon/buddha102501.png	game resource	游戏 UI、场景、图标或玩法资源
assets/res/app/buddha_icon/buddha102502.png	game resource	游戏 UI、场景、图标或玩法资源
assets/res/app/buddha_icon/buddha102503.png	game resource	游戏 UI、场景、图标或玩法资源
assets/res/app/buddha_icon/buddha102601.png	game resource	游戏 UI、场景、图标或玩法资源
assets/res/app/buddha_icon/buddha102602.png	game resource	游戏 UI、场景、图标或玩法资源
assets/res/app/buddha_icon/buddha102603.png	game resource	游戏 UI、场景、图标或玩法资源
assets/res/app/buddha_icon/buddha102701.png	game resource	游戏 UI、场景、图标或玩法资源
assets/res/app/buddha_icon/buddha102702.png	game resource	游戏 UI、场景、图标或玩法资源
assets/res/app/buddha_icon/buddha102703.png	game resource	游戏 UI、场景、图标或玩法资源
assets/res/app/buddha_icon/buddha102801.png	game resource	游戏 UI、场景、图标或玩法资源
assets/res/app/buddha_icon/buddha102802.png	game resource	游戏 UI、场景、图标或玩法资源
assets/res/app/buddha_icon/buddha102803.png	game resource	游戏 UI、场景、图标或玩法资源
assets/res/app/buddha_icon/buddha102901.png	game resource	游戏 UI、场景、图标或玩法资源
assets/res/app/buddha_icon/buddha102902.png	game resource	游戏 UI、场景、图标或玩法资源
assets/res/app/buddha_icon/buddha103001.png	game resource	游戏 UI、场景、图标或玩法资源
assets/res/app/buddha_icon/buddha103002.png	game resource	游戏 UI、场景、图标或玩法资源
assets/res/app/buddha_icon/buddha103101.png	game resource	游戏 UI、场景、图标或玩法资源
assets/res/app/buddha_icon/buddha103102.png	game resource	游戏 UI、场景、图标或玩法资源
assets/res/app/buddha_icon/buddha103201.png	game resource	游戏 UI、场景、图标或玩法资源
assets/res/app/buddha_icon/buddha103202.png	game resource	游戏 UI、场景、图标或玩法资源
assets/res/app/buddha_icon/buddha103301.png	game resource	游戏 UI、场景、图标或玩法资源
assets/res/app/buddha_icon/buddha103302.png	game resource	游戏 UI、场景、图标或玩法资源
assets/res/app/buddha_icon/buddha103401.png	game resource	游戏 UI、场景、图标或玩法资源
assets/res/app/buddha_icon/buddha103402.png	game resource	游戏 UI、场景、图标或玩法资源
assets/res/app/buddha_icon/buddha103501.png	game resource	游戏 UI、场景、图标或玩法资源
assets/res/app/buddha_icon/buddha103502.png	game resource	游戏 UI、场景、图标或玩法资源
assets/res/app/buddha_icon/buddha103503.png	game resource	游戏 UI、场景、图标或玩法资源
assets/res/app/buddha_icon/buddha103601.png	game resource	游戏 UI、场景、图标或玩法资源
assets/res/app/buddha_icon/buddha103602.png	game resource	游戏 UI、场景、图标或玩法资源
assets/res/app/buddha_icon/buddha103701.png	game resource	游戏 UI、场景、图标或玩法资源
assets/res/app/buddha_icon/buddha103702.png	game resource	游戏 UI、场景、图标或玩法资源
assets/res/app/buddha_icon/buddha103801.png	game resource	游戏 UI、场景、图标或玩法资源
assets/res/app/buddha_icon/buddha103802.png	game resource	游戏 UI、场景、图标或玩法资源
assets/res/app/buddha_icon/buddha103901.png	game resource	游戏 UI、场景、图标或玩法资源
assets/res/app/buddha_icon/buddha103902.png	game resource	游戏 UI、场景、图标或玩法资源
assets/res/app/buddha_icon/buddha104001.png	game resource	游戏 UI、场景、图标或玩法资源
assets/res/app/buddha_icon/buddha104002.png	game resource	游戏 UI、场景、图标或玩法资源
assets/res/app/buddha_icon/buddha104101.png	game resource	游戏 UI、场景、图标或玩法资源
assets/res/app/buddha_icon/buddha104102.png	game resource	游戏 UI、场景、图标或玩法资源
assets/res/app/buddha_icon/buddha104201.png	game resource	游戏 UI、场景、图标或玩法资源
assets/res/app/buddha_icon/buddha104202.png	game resource	游戏 UI、场景、图标或玩法资源
assets/res/app/buddha_icon/buddha104203.png	game resource	游戏 UI、场景、图标或玩法资源
assets/res/app/buddha_icon/buddha104301.png	game resource	游戏 UI、场景、图标或玩法资源
assets/res/app/buddha_icon/buddha104302.png	game resource	游戏 UI、场景、图标或玩法资源
assets/res/app/buddha_icon/buddha104303.png	game resource	游戏 UI、场景、图标或玩法资源
assets/res/app/buddha_icon/buddha104401.png	game resource	游戏 UI、场景、图标或玩法资源
assets/res/app/buddha_icon/buddha104402.png	game resource	游戏 UI、场景、图标或玩法资源
assets/res/app/buddha_icon/buddha104501.png	game resource	游戏 UI、场景、图标或玩法资源
assets/res/app/buddha_icon/buddha104502.png	game resource	游戏 UI、场景、图标或玩法资源
assets/res/app/buddha_icon/buddha104503.png	game resource	游戏 UI、场景、图标或玩法资源
assets/res/app/buddha_icon/buddha104601.png	game resource	游戏 UI、场景、图标或玩法资源
assets/res/app/buddha_icon/buddha104602.png	game resource	游戏 UI、场景、图标或玩法资源
assets/res/app/buddha_icon/buddha104701.png	game resource	游戏 UI、场景、图标或玩法资源
assets/res/app/buddha_icon/buddha104702.png	game resource	游戏 UI、场景、图标或玩法资源
assets/res/app/buddha_icon/buddha104801.png	game resource	游戏 UI、场景、图标或玩法资源
assets/res/app/buddha_icon/buddha104802.png	game resource	游戏 UI、场景、图标或玩法资源
assets/res/app/buddha_icon/buddha104901.png	game resource	游戏 UI、场景、图标或玩法资源
assets/res/app/buddha_icon/buddha104902.png	game resource	游戏 UI、场景、图标或玩法资源
assets/res/app/buddha_icon/buddha105001.png	game resource	游戏 UI、场景、图标或玩法资源
assets/res/app/buddha_icon/buddha105002.png	game resource	游戏 UI、场景、图标或玩法资源
assets/res/app/buddha_icon/buddha105101.png	game resource	游戏 UI、场景、图标或玩法资源
assets/res/app/buddha_icon/buddha105102.png	game resource	游戏 UI、场景、图标或玩法资源
assets/res/app/buddha_icon/buddha105201.png	game resource	游戏 UI、场景、图标或玩法资源
assets/res/app/buddha_icon/buddha105301.png	game resource	游戏 UI、场景、图标或玩法资源
assets/res/app/buddha_icon/buddha105401.png	game resource	游戏 UI、场景、图标或玩法资源
assets/res/app/buddha_icon/buddha105501.png	game resource	游戏 UI、场景、图标或玩法资源
assets/res/app/buddha_icon/buddha105601.png	game resource	游戏 UI、场景、图标或玩法资源
assets/res/app/buddha_icon/buddha105701.png	game resource	游戏 UI、场景、图标或玩法资源
assets/res/app/buddha_icon/buddha105801.png	game resource	游戏 UI、场景、图标或玩法资源
assets/res/app/buddha_icon/buddha105901.png	game resource	游戏 UI、场景、图标或玩法资源
assets/res/app/buddha_icon/buddha106001.png	game resource	游戏 UI、场景、图标或玩法资源
assets/res/app/buddha_icon/buddha106101.png	game resource	游戏 UI、场景、图标或玩法资源
assets/res/app/buddha_icon/buddha106201.png	game resource	游戏 UI、场景、图标或玩法资源
assets/res/app/buddha_icon/buddha106301.png	game resource	游戏 UI、场景、图标或玩法资源
assets/res/app/buddha_icon/buddha106401.png	game resource	游戏 UI、场景、图标或玩法资源
assets/res/app/buddha_icon/buddha106501.png	game resource	游戏 UI、场景、图标或玩法资源
assets/res/app/buddha_icon/buddha106601.png	game resource	游戏 UI、场景、图标或玩法资源
assets/res/app/buddha_icon/buddha106602.png	game resource	游戏 UI、场景、图标或玩法资源
assets/res/app/buddha_icon/buddha106701.png	game resource	游戏 UI、场景、图标或玩法资源
assets/res/app/buddha_icon/buddha106801.png	game resource	游戏 UI、场景、图标或玩法资源
assets/res/app/buddha_icon/buddha106802.png	game resource	游戏 UI、场景、图标或玩法资源
assets/res/app/buddha_icon/buddha106901.png	game resource	游戏 UI、场景、图标或玩法资源
assets/res/app/buddha_icon/buddha107001.png	game resource	游戏 UI、场景、图标或玩法资源
assets/res/app/buddha_icon/buddha107101.png	game resource	游戏 UI、场景、图标或玩法资源
assets/res/app/buddha_icon/buddha107201.png	game resource	游戏 UI、场景、图标或玩法资源
assets/res/app/buddha_icon/buddha107202.png	game resource	游戏 UI、场景、图标或玩法资源
assets/res/app/buddha_icon/buddha107301.png	game resource	游戏 UI、场景、图标或玩法资源
assets/res/app/buddha_icon/buddha107401.png	game resource	游戏 UI、场景、图标或玩法资源
assets/res/app/buddha_icon/buddha107501.png	game resource	游戏 UI、场景、图标或玩法资源
assets/res/app/buddha_icon/buddha107601.png	game resource	游戏 UI、场景、图标或玩法资源
assets/res/app/buddha_icon/buddha107701.png	game resource	游戏 UI、场景、图标或玩法资源
assets/res/app/buddha_icon/buddha108001.png	game resource	游戏 UI、场景、图标或玩法资源
assets/res/app/buddha_icon/buddha108002.png	game resource	游戏 UI、场景、图标或玩法资源
assets/res/app/buddha_icon/buddha108003.png	game resource	游戏 UI、场景、图标或玩法资源
assets/res/app/buddha_icon/buddha108101.png	game resource	游戏 UI、场景、图标或玩法资源
assets/res/app/buddha_icon/buddha108102.png	game resource	游戏 UI、场景、图标或玩法资源
assets/res/app/buddha_icon/buddha108103.png	game resource	游戏 UI、场景、图标或玩法资源
assets/res/app/buddha_icon/buddha108201.png	game resource	游戏 UI、场景、图标或玩法资源
assets/res/app/buddha_icon/buddha108202.png	game resource	游戏 UI、场景、图标或玩法资源
assets/res/app/buddha_icon/buddha108203.png	game resource	游戏 UI、场景、图标或玩法资源
assets/res/app/buddha_icon/buddha108301.png	game resource	游戏 UI、场景、图标或玩法资源
assets/res/app/buddha_icon/buddha108302.png	game resource	游戏 UI、场景、图标或玩法资源
assets/res/app/buddha_icon/buddha108303.png	game resource	游戏 UI、场景、图标或玩法资源
assets/res/app/buddha_icon/buddha108401.png	game resource	游戏 UI、场景、图标或玩法资源
assets/res/app/buddha_icon/buddha108402.png	game resource	游戏 UI、场景、图标或玩法资源
assets/res/app/buddha_icon/buddha108403.png	game resource	游戏 UI、场景、图标或玩法资源
assets/res/app/buddha_icon/buddha108501.png	game resource	游戏 UI、场景、图标或玩法资源
assets/res/app/buddha_icon/buddha108502.png	game resource	游戏 UI、场景、图标或玩法资源
assets/res/app/buddha_icon/buddha108503.png	game resource	游戏 UI、场景、图标或玩法资源
assets/res/app/buddha_icon/buddha108701.png	game resource	游戏 UI、场景、图标或玩法资源
assets/res/app/buddha_icon/buddha108702.png	game resource	游戏 UI、场景、图标或玩法资源
assets/res/app/buddha_icon/buddha108703.png	game resource	游戏 UI、场景、图标或玩法资源
assets/res/app/buddha_icon/buddha108801.png	game resource	游戏 UI、场景、图标或玩法资源
assets/res/app/buddha_icon/buddha108901.png	game resource	游戏 UI、场景、图标或玩法资源
assets/res/app/buddha_icon/buddha109001.png	game resource	游戏 UI、场景、图标或玩法资源
assets/res/app/buddha_icon/buddha109101.png	game resource	游戏 UI、场景、图标或玩法资源
assets/res/app/buddha_icon/buddha109201.png	game resource	游戏 UI、场景、图标或玩法资源
assets/res/app/buddha_icon/buddha109202.png	game resource	游戏 UI、场景、图标或玩法资源
assets/res/app/buddha_icon/buddha109301.png	game resource	游戏 UI、场景、图标或玩法资源
assets/res/app/buddha_icon/buddha109302.png	game resource	游戏 UI、场景、图标或玩法资源
assets/res/app/buddha_icon/buddha109303.png	game resource	游戏 UI、场景、图标或玩法资源
assets/res/app/buddha_icon/buddha109501.png	game resource	游戏 UI、场景、图标或玩法资源
assets/res/app/buddha_icon/buddha109502.png	game resource	游戏 UI、场景、图标或玩法资源
assets/res/app/buddha_icon/buddha109601.png	game resource	游戏 UI、场景、图标或玩法资源
assets/res/app/buddha_icon/buddha109602.png	game resource	游戏 UI、场景、图标或玩法资源
assets/res/app/buddha_icon/buddha109603.png	game resource	游戏 UI、场景、图标或玩法资源
assets/res/app/buddha_icon/buddha109701.png	game resource	游戏 UI、场景、图标或玩法资源
assets/res/app/buddha_icon/buddha109702.png	game resource	游戏 UI、场景、图标或玩法资源
assets/res/app/buddha_icon/buddha109802.png	game resource	游戏 UI、场景、图标或玩法资源
assets/res/app/buddha_icon/buddha109902.png	game resource	游戏 UI、场景、图标或玩法资源
assets/res/app/buddha_icon/restrain1.png	game resource	游戏 UI、场景、图标或玩法资源
assets/res/app/buddha_icon/restrain2.png	game resource	游戏 UI、场景、图标或玩法资源
assets/res/app/buddha_icon/restrain3.png	game resource	游戏 UI、场景、图标或玩法资源
assets/res/app/buddha_icon/restrain_icon1.png	game resource	游戏 UI、场景、图标或玩法资源
assets/res/app/buddha_icon/restrain_icon2.png	game resource	游戏 UI、场景、图标或玩法资源
assets/res/app/buddha_icon/restrain_icon3.png	game resource	游戏 UI、场景、图标或玩法资源
assets/res/app/buddha_piece/piece_1001.png	game resource	游戏 UI、场景、图标或玩法资源
assets/res/app/buddha_piece/piece_1002.png	game resource	游戏 UI、场景、图标或玩法资源
assets/res/app/buddha_piece/piece_1003.png	game resource	游戏 UI、场景、图标或玩法资源
assets/res/app/buddha_piece/piece_1004.png	game resource	游戏 UI、场景、图标或玩法资源
assets/res/app/buddha_piece/piece_1005.png	game resource	游戏 UI、场景、图标或玩法资源
assets/res/app/buddha_piece/piece_1006.png	game resource	游戏 UI、场景、图标或玩法资源
assets/res/app/buddha_piece/piece_1007.png	game resource	游戏 UI、场景、图标或玩法资源
assets/res/app/buddha_piece/piece_1008.png	game resource	游戏 UI、场景、图标或玩法资源
assets/res/app/buddha_piece/piece_1009.png	game resource	游戏 UI、场景、图标或玩法资源
assets/res/app/buddha_piece/piece_1010.png	game resource	游戏 UI、场景、图标或玩法资源
assets/res/app/buddha_piece/piece_1011.png	game resource	游戏 UI、场景、图标或玩法资源
assets/res/app/buddha_piece/piece_1012.png	game resource	游戏 UI、场景、图标或玩法资源
assets/res/app/buddha_piece/piece_1013.png	game resource	游戏 UI、场景、图标或玩法资源
assets/res/app/buddha_piece/piece_1014.png	game resource	游戏 UI、场景、图标或玩法资源
assets/res/app/buddha_piece/piece_1015.png	game resource	游戏 UI、场景、图标或玩法资源
assets/res/app/buddha_piece/piece_1016.png	game resource	游戏 UI、场景、图标或玩法资源
assets/res/app/buddha_piece/piece_1017.png	game resource	游戏 UI、场景、图标或玩法资源
assets/res/app/buddha_piece/piece_1018.png	game resource	游戏 UI、场景、图标或玩法资源
assets/res/app/buddha_piece/piece_1019.png	game resource	游戏 UI、场景、图标或玩法资源
assets/res/app/buddha_piece/piece_1020.png	game resource	游戏 UI、场景、图标或玩法资源
assets/res/app/buddha_piece/piece_1021.png	game resource	游戏 UI、场景、图标或玩法资源
assets/res/app/buddha_piece/piece_1022.png	game resource	游戏 UI、场景、图标或玩法资源
assets/res/app/buddha_piece/piece_1023.png	game resource	游戏 UI、场景、图标或玩法资源
assets/res/app/buddha_piece/piece_1024.png	game resource	游戏 UI、场景、图标或玩法资源
assets/res/app/buddha_piece/piece_1025.png	game resource	游戏 UI、场景、图标或玩法资源
assets/res/app/buddha_piece/piece_1026.png	game resource	游戏 UI、场景、图标或玩法资源
assets/res/app/buddha_piece/piece_1027.png	game resource	游戏 UI、场景、图标或玩法资源
assets/res/app/buddha_piece/piece_1028.png	game resource	游戏 UI、场景、图标或玩法资源
assets/res/app/buddha_piece/piece_1029.png	game resource	游戏 UI、场景、图标或玩法资源
assets/res/app/buddha_piece/piece_1030.png	game resource	游戏 UI、场景、图标或玩法资源
assets/res/app/buddha_piece/piece_1031.png	game resource	游戏 UI、场景、图标或玩法资源
assets/res/app/buddha_piece/piece_1032.png	game resource	游戏 UI、场景、图标或玩法资源
assets/res/app/buddha_piece/piece_1033.png	game resource	游戏 UI、场景、图标或玩法资源
assets/res/app/buddha_piece/piece_1034.png	game resource	游戏 UI、场景、图标或玩法资源
assets/res/app/buddha_piece/piece_1035.png	game resource	游戏 UI、场景、图标或玩法资源
assets/res/app/buddha_piece/piece_1036.png	game resource	游戏 UI、场景、图标或玩法资源
assets/res/app/buddha_piece/piece_1037.png	game resource	游戏 UI、场景、图标或玩法资源
assets/res/app/buddha_piece/piece_1038.png	game resource	游戏 UI、场景、图标或玩法资源
assets/res/app/buddha_piece/piece_1039.png	game resource	游戏 UI、场景、图标或玩法资源
assets/res/app/buddha_piece/piece_1040.png	game resource	游戏 UI、场景、图标或玩法资源
assets/res/app/buddha_piece/piece_1041.png	game resource	游戏 UI、场景、图标或玩法资源
assets/res/app/buddha_piece/piece_1042.png	game resource	游戏 UI、场景、图标或玩法资源
assets/res/app/buddha_piece/piece_1043.png	game resource	游戏 UI、场景、图标或玩法资源
assets/res/app/buddha_piece/piece_1044.png	game resource	游戏 UI、场景、图标或玩法资源
assets/res/app/buddha_piece/piece_1045.png	game resource	游戏 UI、场景、图标或玩法资源
assets/res/app/buddha_piece/piece_1046.png	game resource	游戏 UI、场景、图标或玩法资源
assets/res/app/buddha_piece/piece_1047.png	game resource	游戏 UI、场景、图标或玩法资源
assets/res/app/buddha_piece/piece_1048.png	game resource	游戏 UI、场景、图标或玩法资源
assets/res/app/buddha_piece/piece_1049.png	game resource	游戏 UI、场景、图标或玩法资源
assets/res/app/buddha_piece/piece_1050.png	game resource	游戏 UI、场景、图标或玩法资源
assets/res/app/buddha_piece/piece_1051.png	game resource	游戏 UI、场景、图标或玩法资源
assets/res/app/buddha_piece/piece_1066.png	game resource	游戏 UI、场景、图标或玩法资源
assets/res/app/buddha_piece/piece_1068.png	game resource	游戏 UI、场景、图标或玩法资源
assets/res/app/buddha_piece/piece_1072.png	game resource	游戏 UI、场景、图标或玩法资源
assets/res/app/buddha_piece/piece_1080.png	game resource	游戏 UI、场景、图标或玩法资源
assets/res/app/buddha_piece/piece_1081.png	game resource	游戏 UI、场景、图标或玩法资源
assets/res/app/buddha_piece/piece_1082.png	game resource	游戏 UI、场景、图标或玩法资源
assets/res/app/buddha_piece/piece_1083.png	game resource	游戏 UI、场景、图标或玩法资源
assets/res/app/buddha_piece/piece_1084.png	game resource	游戏 UI、场景、图标或玩法资源
assets/res/app/buddha_piece/piece_1085.png	game resource	游戏 UI、场景、图标或玩法资源
assets/res/app/buddha_piece/piece_1087.png	game resource	游戏 UI、场景、图标或玩法资源
assets/res/app/buddha_piece/piece_1092.png	game resource	游戏 UI、场景、图标或玩法资源
assets/res/app/buddha_piece/piece_1093.png	game resource	游戏 UI、场景、图标或玩法资源
assets/res/app/buddha_piece/piece_1095.png	game resource	游戏 UI、场景、图标或玩法资源
assets/res/app/buddha_piece/piece_1096.png	game resource	游戏 UI、场景、图标或玩法资源
assets/res/app/buddha_piece/piece_1097.png	game resource	游戏 UI、场景、图标或玩法资源
assets/res/app/buddha_piece/piece_1098.png	game resource	游戏 UI、场景、图标或玩法资源
assets/res/app/buddha_piece/piece_1099.png	game resource	游戏 UI、场景、图标或玩法资源
assets/res/app/buddha_tag/0.png	game resource	游戏 UI、场景、图标或玩法资源
assets/res/app/buddha_tag/1.png	game resource	游戏 UI、场景、图标或玩法资源
assets/res/app/buddha_tag/10.png	game resource	游戏 UI、场景、图标或玩法资源
assets/res/app/buddha_tag/2.png	game resource	游戏 UI、场景、图标或玩法资源
assets/res/app/buddha_tag/3.png	game resource	游戏 UI、场景、图标或玩法资源
assets/res/app/buddha_tag/4.png	game resource	游戏 UI、场景、图标或玩法资源
assets/res/app/buddha_tag/5.png	game resource	游戏 UI、场景、图标或玩法资源
assets/res/app/buddha_tag/6.png	game resource	游戏 UI、场景、图标或玩法资源
assets/res/app/buddha_tag/7.png	game resource	游戏 UI、场景、图标或玩法资源
assets/res/app/buddha_tag/8.png	game resource	游戏 UI、场景、图标或玩法资源
assets/res/app/buddha_tag/9.png	game resource	游戏 UI、场景、图标或玩法资源
assets/res/app/buff/buff_area_burn.plist	game resource	游戏 UI、场景、图标或玩法资源
assets/res/app/buff/buff_area_burn.png	game resource	游戏 UI、场景、图标或玩法资源
assets/res/app/buff/buff_area_death.plist	game resource	游戏 UI、场景、图标或玩法资源
assets/res/app/buff/buff_area_death.png	game resource	游戏 UI、场景、图标或玩法资源
assets/res/app/buff/buff_area_posion.plist	game resource	游戏 UI、场景、图标或玩法资源
assets/res/app/buff/buff_area_posion.png	game resource	游戏 UI、场景、图标或玩法资源
assets/res/app/buff/buff_area_psy.plist	game resource	游戏 UI、场景、图标或玩法资源
assets/res/app/buff/buff_area_psy.png	game resource	游戏 UI、场景、图标或玩法资源
assets/res/app/buff/buff_atk.plist	game resource	游戏 UI、场景、图标或玩法资源
assets/res/app/buff/buff_atk.png	game resource	游戏 UI、场景、图标或玩法资源
assets/res/app/buff/buff_bing.plist	game resource	游戏 UI、场景、图标或玩法资源
assets/res/app/buff/buff_bing.png	game resource	游戏 UI、场景、图标或玩法资源
assets/res/app/buff/buff_effect.plist	game resource	游戏 UI、场景、图标或玩法资源
assets/res/app/buff/buff_effect.png	game resource	游戏 UI、场景、图标或玩法资源
assets/res/app/buff/buff_freeze.plist	game resource	游戏 UI、场景、图标或玩法资源
assets/res/app/buff/buff_freeze.png	game resource	游戏 UI、场景、图标或玩法资源
assets/res/app/buff/buff_gain.plist	game resource	游戏 UI、场景、图标或玩法资源
assets/res/app/buff/buff_gain.png	game resource	游戏 UI、场景、图标或玩法资源
assets/res/app/buff/buff_harm_decrease.plist	game resource	游戏 UI、场景、图标或玩法资源
assets/res/app/buff/buff_harm_decrease.png	game resource	游戏 UI、场景、图标或玩法资源
assets/res/app/buff/buff_life_add.plist	game resource	游戏 UI、场景、图标或玩法资源
assets/res/app/buff/buff_life_add.png	game resource	游戏 UI、场景、图标或玩法资源
assets/res/app/buff/buff_liferecovery.plist	game resource	游戏 UI、场景、图标或玩法资源
assets/res/app/buff/buff_liferecovery.png	game resource	游戏 UI、场景、图标或玩法资源
assets/res/app/buff/buff_mag_atk.plist	game resource	游戏 UI、场景、图标或玩法资源
assets/res/app/buff/buff_mag_atk.png	game resource	游戏 UI、场景、图标或玩法资源
assets/res/app/buff/buff_mag_def.plist	game resource	游戏 UI、场景、图标或玩法资源
assets/res/app/buff/buff_mag_def.png	game resource	游戏 UI、场景、图标或玩法资源
assets/res/app/buff/buff_mag_harm_decrease.plist	game resource	游戏 UI、场景、图标或玩法资源
assets/res/app/buff/buff_mag_harm_decrease.png	game resource	游戏 UI、场景、图标或玩法资源
assets/res/app/buff/buff_meihuo.plist	game resource	游戏 UI、场景、图标或玩法资源
assets/res/app/buff/buff_meihuo.png	game resource	游戏 UI、场景、图标或玩法资源
assets/res/app/buff/buff_phy_def.plist	game resource	游戏 UI、场景、图标或玩法资源
assets/res/app/buff/buff_phy_def.png	game resource	游戏 UI、场景、图标或玩法资源
assets/res/app/buff/buff_phy_harm_decrease.plist	game resource	游戏 UI、场景、图标或玩法资源
assets/res/app/buff/buff_phy_harm_decrease.png	game resource	游戏 UI、场景、图标或玩法资源
assets/res/app/buff/buff_press_common.plist	game resource	游戏 UI、场景、图标或玩法资源
assets/res/app/buff/buff_press_common.png	game resource	游戏 UI、场景、图标或玩法资源
assets/res/app/buff/buff_psy.plist	game resource	游戏 UI、场景、图标或玩法资源
assets/res/app/buff/buff_psy.png	game resource	游戏 UI、场景、图标或玩法资源
assets/res/app/buff/buff_resist.plist	game resource	游戏 UI、场景、图标或玩法资源
assets/res/app/buff/buff_resist.png	game resource	游戏 UI、场景、图标或玩法资源
assets/res/app/buff/buff_some.plist	game resource	游戏 UI、场景、图标或玩法资源
assets/res/app/buff/buff_some.png	game resource	游戏 UI、场景、图标或玩法资源
assets/res/app/buff/buff_speed.plist	game resource	游戏 UI、场景、图标或玩法资源
assets/res/app/buff/buff_speed.png	game resource	游戏 UI、场景、图标或玩法资源
assets/res/app/buff/buff_stun.plist	game resource	游戏 UI、场景、图标或玩法资源
assets/res/app/buff/buff_stun.png	game resource	游戏 UI、场景、图标或玩法资源
assets/res/app/buff/buff_wudi.plist	game resource	游戏 UI、场景、图标或玩法资源
assets/res/app/buff/buff_wudi.png	game resource	游戏 UI、场景、图标或玩法资源
assets/res/app/buff/buffball.plist	game resource	游戏 UI、场景、图标或玩法资源
assets/res/app/buff/buffball.png	game resource	游戏 UI、场景、图标或玩法资源
assets/res/app/buff/cimlia_trip.plist	game resource	游戏 UI、场景、图标或玩法资源
assets/res/app/buff/cimlia_trip.png	game resource	游戏 UI、场景、图标或玩法资源
assets/res/app/buff/cimlia_tx.plist	game resource	游戏 UI、场景、图标或玩法资源
assets/res/app/buff/cimlia_tx.png	game resource	游戏 UI、场景、图标或玩法资源
assets/res/app/buff/distance.png	game resource	游戏 UI、场景、图标或玩法资源
assets/res/app/buff/lianhua.plist	game resource	游戏 UI、场景、图标或玩法资源
assets/res/app/buff/lianhua.png	game resource	游戏 UI、场景、图标或玩法资源
assets/res/app/buff/night.png	game resource	游戏 UI、场景、图标或玩法资源
assets/res/app/buff/relive.plist	game resource	游戏 UI、场景、图标或玩法资源
assets/res/app/buff/relive.png	game resource	游戏 UI、场景、图标或玩法资源
assets/res/app/buff/wandPic.plist	game resource	游戏 UI、场景、图标或玩法资源
assets/res/app/buff/wandPic.png	game resource	游戏 UI、场景、图标或玩法资源
assets/res/app/buff/yuanjuntexiao.plist	game resource	游戏 UI、场景、图标或玩法资源
assets/res/app/buff/yuanjuntexiao.png	game resource	游戏 UI、场景、图标或玩法资源
assets/res/app/buff/zhaohuanmentx/zhaohuanmentx.csb	game resource	游戏 UI、场景、图标或玩法资源
assets/res/app/buff/zhaohuanmentx/zhaohuanmentx0.plist	game resource	游戏 UI、场景、图标或玩法资源
assets/res/app/buff/zhaohuanmentx/zhaohuanmentx0.png	game resource	游戏 UI、场景、图标或玩法资源
assets/res/app/chapter/bajie/zhuchangjing6.csb	game resource	游戏 UI、场景、图标或玩法资源
assets/res/app/chapter/bajie/zhuchangjing60.plist	game resource	游戏 UI、场景、图标或玩法资源
assets/res/app/chapter/bajie/zhuchangjing60.png	game resource	游戏 UI、场景、图标或玩法资源
assets/res/app/chapter/ball/zhuchangjing12.csb	game resource	游戏 UI、场景、图标或玩法资源
assets/res/app/chapter/ball/zhuchangjing120.plist	game resource	游戏 UI、场景、图标或玩法资源
assets/res/app/chapter/ball/zhuchangjing120.png	game resource	游戏 UI、场景、图标或玩法资源
assets/res/app/chapter/bar_frame.png	game resource	游戏 UI、场景、图标或玩法资源
assets/res/app/chapter/bg1.png	game resource	游戏 UI、场景、图标或玩法资源
assets/res/app/chapter/bg2.png	game resource	游戏 UI、场景、图标或玩法资源
assets/res/app/chapter/blank.png	game resource	游戏 UI、场景、图标或玩法资源
assets/res/app/chapter/bt_chat.png	game resource	游戏 UI、场景、图标或玩法资源
assets/res/app/chapter/btn_friends.png	game resource	游戏 UI、场景、图标或玩法资源
assets/res/app/chapter/btn_mail.png	game resource	游戏 UI、场景、图标或玩法资源
assets/res/app/chapter/btn_notice.png	game resource	游戏 UI、场景、图标或玩法资源
assets/res/app/chapter/btn_packge.png	game resource	游戏 UI、场景、图标或玩法资源
assets/res/app/chapter/btn_team.png	game resource	游戏 UI、场景、图标或玩法资源
assets/res/app/chapter/btn_treasure.png	game resource	游戏 UI、场景、图标或玩法资源
assets/res/app/chapter/btn_wiki.png	game resource	游戏 UI、场景、图标或玩法资源
assets/res/app/chapter/button.png	game resource	游戏 UI、场景、图标或玩法资源
assets/res/app/chapter/cloud.png	game resource	游戏 UI、场景、图标或玩法资源
assets/res/app/chapter/dialog_bg.png	game resource	游戏 UI、场景、图标或玩法资源
assets/res/app/chapter/fangzi/zhuchangjing4.csb	game resource	游戏 UI、场景、图标或玩法资源
assets/res/app/chapter/fangzi/zhuchangjing40.plist	game resource	游戏 UI、场景、图标或玩法资源
assets/res/app/chapter/fangzi/zhuchangjing40.png	game resource	游戏 UI、场景、图标或玩法资源
assets/res/app/chapter/frame.png	game resource	游戏 UI、场景、图标或玩法资源
assets/res/app/chapter/friend_pk.png	game resource	游戏 UI、场景、图标或玩法资源
assets/res/app/chapter/friend_pk1.png	game resource	游戏 UI、场景、图标或玩法资源
assets/res/app/chapter/func_activity.png	game resource	游戏 UI、场景、图标或玩法资源
assets/res/app/chapter/func_activity7.png	game resource	游戏 UI、场景、图标或玩法资源
assets/res/app/chapter/func_festival1.png	game resource	游戏 UI、场景、图标或玩法资源
assets/res/app/chapter/func_festival2.png	game resource	游戏 UI、场景、图标或玩法资源
assets/res/app/chapter/func_festival3.png	game resource	游戏 UI、场景、图标或玩法资源
assets/res/app/chapter/func_festival5.png	game resource	游戏 UI、场景、图标或玩法资源
assets/res/app/chapter/func_gift.png	game resource	游戏 UI、场景、图标或玩法资源
assets/res/app/chapter/func_gift1.png	game resource	游戏 UI、场景、图标或玩法资源
assets/res/app/chapter/func_ranking.png	game resource	游戏 UI、场景、图标或玩法资源
assets/res/app/chapter/func_recharge.png	game resource	游戏 UI、场景、图标或玩法资源
assets/res/app/chapter/func_shop.png	game resource	游戏 UI、场景、图标或玩法资源
assets/res/app/chapter/func_sign.png	game resource	游戏 UI、场景、图标或玩法资源
assets/res/app/chapter/func_task.png	game resource	游戏 UI、场景、图标或玩法资源
assets/res/app/chapter/func_union.png	game resource	游戏 UI、场景、图标或玩法资源
assets/res/app/chapter/func_vip.png	game resource	游戏 UI、场景、图标或玩法资源
assets/res/app/chapter/grass.png	game resource	游戏 UI、场景、图标或玩法资源
assets/res/app/chapter/icon_equipment.png	game resource	游戏 UI、场景、图标或玩法资源
assets/res/app/chapter/icon_rank.png	game resource	游戏 UI、场景、图标或玩法资源
assets/res/app/chapter/icon_summon.png	game resource	游戏 UI、场景、图标或玩法资源
assets/res/app/chapter/icon_travel.png	game resource	游戏 UI、场景、图标或玩法资源
assets/res/app/chapter/icon_travel1.png	game resource	游戏 UI、场景、图标或玩法资源
assets/res/app/chapter/img_double.png	game resource	游戏 UI、场景、图标或玩法资源
assets/res/app/chapter/label_frame.png	game resource	游戏 UI、场景、图标或玩法资源
assets/res/app/chapter/leaves1/zhuchangjing9.csb	game resource	游戏 UI、场景、图标或玩法资源
assets/res/app/chapter/leaves1/zhuchangjing90.plist	game resource	游戏 UI、场景、图标或玩法资源
assets/res/app/chapter/leaves1/zhuchangjing90.png	game resource	游戏 UI、场景、图标或玩法资源
assets/res/app/chapter/leaves2/zhuchangjing10.csb	game resource	游戏 UI、场景、图标或玩法资源
assets/res/app/chapter/leaves2/zhuchangjing100.plist	game resource	游戏 UI、场景、图标或玩法资源
assets/res/app/chapter/leaves2/zhuchangjing100.png	game resource	游戏 UI、场景、图标或玩法资源
assets/res/app/chapter/leaves3/zhuchangjing11.csb	game resource	游戏 UI、场景、图标或玩法资源
assets/res/app/chapter/leaves3/zhuchangjing110.plist	game resource	游戏 UI、场景、图标或玩法资源
assets/res/app/chapter/leaves3/zhuchangjing110.png	game resource	游戏 UI、场景、图标或玩法资源
assets/res/app/chapter/longma/zhuchangjing7.csb	game resource	游戏 UI、场景、图标或玩法资源
assets/res/app/chapter/longma/zhuchangjing70.plist	game resource	游戏 UI、场景、图标或玩法资源
assets/res/app/chapter/longma/zhuchangjing70.png	game resource	游戏 UI、场景、图标或玩法资源
assets/res/app/chapter/name_boss.png	game resource	游戏 UI、场景、图标或玩法资源
assets/res/app/chapter/name_equipment.png	game resource	游戏 UI、场景、图标或玩法资源
assets/res/app/chapter/name_pvp.png	game resource	游戏 UI、场景、图标或玩法资源
assets/res/app/chapter/name_rank.png	game resource	游戏 UI、场景、图标或玩法资源
assets/res/app/chapter/name_stage.png	game resource	游戏 UI、场景、图标或玩法资源
assets/res/app/chapter/name_summon.png	game resource	游戏 UI、场景、图标或玩法资源
assets/res/app/chapter/name_train.png	game resource	游戏 UI、场景、图标或玩法资源
assets/res/app/chapter/name_travel.png	game resource	游戏 UI、场景、图标或玩法资源
assets/res/app/chapter/name_upgrade.png	game resource	游戏 UI、场景、图标或玩法资源
assets/res/app/chapter/package/zhuchangjing8.csb	game resource	游戏 UI、场景、图标或玩法资源
assets/res/app/chapter/package/zhuchangjing80.plist	game resource	游戏 UI、场景、图标或玩法资源
assets/res/app/chapter/package/zhuchangjing80.png	game resource	游戏 UI、场景、图标或玩法资源
assets/res/app/chapter/pvp/zhuchangjing3.csb	game resource	游戏 UI、场景、图标或玩法资源
assets/res/app/chapter/pvp/zhuchangjing30.plist	game resource	游戏 UI、场景、图标或玩法资源
assets/res/app/chapter/pvp/zhuchangjing30.png	game resource	游戏 UI、场景、图标或玩法资源
assets/res/app/chapter/summon_tx.plist	game resource	游戏 UI、场景、图标或玩法资源
assets/res/app/chapter/summon_tx.png	game resource	游戏 UI、场景、图标或玩法资源
assets/res/app/chapter/tang/zhuchangjing5.csb	game resource	游戏 UI、场景、图标或玩法资源
assets/res/app/chapter/tang/zhuchangjing50.plist	game resource	游戏 UI、场景、图标或玩法资源
assets/res/app/chapter/tang/zhuchangjing50.png	game resource	游戏 UI、场景、图标或玩法资源
assets/res/app/chapter/tree.png	game resource	游戏 UI、场景、图标或玩法资源
assets/res/app/chapter/trunk.png	game resource	游戏 UI、场景、图标或玩法资源
assets/res/app/chapter/wukong/zhuchangjing1.csb	game resource	游戏 UI、场景、图标或玩法资源
assets/res/app/chapter/wukong/zhuchangjing10.plist	game resource	游戏 UI、场景、图标或玩法资源
assets/res/app/chapter/wukong/zhuchangjing10.png	game resource	游戏 UI、场景、图标或玩法资源
assets/res/app/chapter/xiongmao/zhuchangjing2.csb	game resource	游戏 UI、场景、图标或玩法资源
assets/res/app/chapter/xiongmao/zhuchangjing20.plist	game resource	游戏 UI、场景、图标或玩法资源
assets/res/app/chapter/xiongmao/zhuchangjing20.png	game resource	游戏 UI、场景、图标或玩法资源
assets/res/app/cimelia/animation/tower/tx_tower_element0.plist	game resource	游戏 UI、场景、图标或玩法资源
assets/res/app/cimelia/animation/tower/tx_tower_element0.png	game resource	游戏 UI、场景、图标或玩法资源
assets/res/app/cimelia/animation/tower/tx_tower_element1.plist	game resource	游戏 UI、场景、图标或玩法资源
assets/res/app/cimelia/animation/tower/tx_tower_element1.png	game resource	游戏 UI、场景、图标或玩法资源
assets/res/app/cimelia/animation/tower/tx_tower_element2.plist	game resource	游戏 UI、场景、图标或玩法资源
assets/res/app/cimelia/animation/tower/tx_tower_element2.png	game resource	游戏 UI、场景、图标或玩法资源
assets/res/app/cimelia/animation/tower/tx_tower_element3.plist	game resource	游戏 UI、场景、图标或玩法资源
assets/res/app/cimelia/animation/tower/tx_tower_element3.png	game resource	游戏 UI、场景、图标或玩法资源
assets/res/app/cimelia/animation/tower/tx_tower_element4.plist	game resource	游戏 UI、场景、图标或玩法资源
assets/res/app/cimelia/animation/tower/tx_tower_element4.png	game resource	游戏 UI、场景、图标或玩法资源
assets/res/app/cimelia/animation/tower/tx_tower_element5.plist	game resource	游戏 UI、场景、图标或玩法资源
assets/res/app/cimelia/animation/tower/tx_tower_element5.png	game resource	游戏 UI、场景、图标或玩法资源
assets/res/app/cimelia/animation/tower/tx_tower_recast.plist	game resource	游戏 UI、场景、图标或玩法资源
assets/res/app/cimelia/animation/tower/tx_tower_recast.png	game resource	游戏 UI、场景、图标或玩法资源
assets/res/app/cimelia/animation/tower/tx_tower_up1.plist	game resource	游戏 UI、场景、图标或玩法资源
assets/res/app/cimelia/animation/tower/tx_tower_up1.png	game resource	游戏 UI、场景、图标或玩法资源
assets/res/app/cimelia/animation/tower/tx_tower_up2.plist	game resource	游戏 UI、场景、图标或玩法资源
assets/res/app/cimelia/animation/tower/tx_tower_up2.png	game resource	游戏 UI、场景、图标或玩法资源
assets/res/app/cimelia/animation/tower/tx_tower_up3.plist	game resource	游戏 UI、场景、图标或玩法资源
assets/res/app/cimelia/animation/tower/tx_tower_up3.png	game resource	游戏 UI、场景、图标或玩法资源
assets/res/app/cimelia/animation/tower/tx_tower_up4.plist	game resource	游戏 UI、场景、图标或玩法资源
assets/res/app/cimelia/animation/tower/tx_tower_up4.png	game resource	游戏 UI、场景、图标或玩法资源
assets/res/app/cimelia/animation/tower/tx_tower_up5.plist	game resource	游戏 UI、场景、图标或玩法资源
assets/res/app/cimelia/animation/tower/tx_tower_up5.png	game resource	游戏 UI、场景、图标或玩法资源
assets/res/app/cimelia/animation/wand/tx_wand_element0.plist	game resource	游戏 UI、场景、图标或玩法资源
assets/res/app/cimelia/animation/wand/tx_wand_element0.png	game resource	游戏 UI、场景、图标或玩法资源
assets/res/app/cimelia/animation/wand/tx_wand_element1.plist	game resource	游戏 UI、场景、图标或玩法资源
assets/res/app/cimelia/animation/wand/tx_wand_element1.png	game resource	游戏 UI、场景、图标或玩法资源
assets/res/app/cimelia/animation/wand/tx_wand_element2.plist	game resource	游戏 UI、场景、图标或玩法资源
assets/res/app/cimelia/animation/wand/tx_wand_element2.png	game resource	游戏 UI、场景、图标或玩法资源
assets/res/app/cimelia/animation/wand/tx_wand_element3.plist	game resource	游戏 UI、场景、图标或玩法资源
assets/res/app/cimelia/animation/wand/tx_wand_element3.png	game resource	游戏 UI、场景、图标或玩法资源
assets/res/app/cimelia/animation/wand/tx_wand_element4.plist	game resource	游戏 UI、场景、图标或玩法资源
assets/res/app/cimelia/animation/wand/tx_wand_element4.png	game resource	游戏 UI、场景、图标或玩法资源
assets/res/app/cimelia/animation/wand/tx_wand_element5.plist	game resource	游戏 UI、场景、图标或玩法资源
assets/res/app/cimelia/animation/wand/tx_wand_element5.png	game resource	游戏 UI、场景、图标或玩法资源
assets/res/app/cimelia/animation/wand/tx_wand_recast.plist	game resource	游戏 UI、场景、图标或玩法资源
assets/res/app/cimelia/animation/wand/tx_wand_recast.png	game resource	游戏 UI、场景、图标或玩法资源
assets/res/app/cimelia/animation/wand/tx_wand_up1.plist	game resource	游戏 UI、场景、图标或玩法资源
assets/res/app/cimelia/animation/wand/tx_wand_up1.png	game resource	游戏 UI、场景、图标或玩法资源
assets/res/app/cimelia/animation/wand/tx_wand_up2.plist	game resource	游戏 UI、场景、图标或玩法资源
assets/res/app/cimelia/animation/wand/tx_wand_up2.png	game resource	游戏 UI、场景、图标或玩法资源
assets/res/app/cimelia/animation/wand/tx_wand_up3.plist	game resource	游戏 UI、场景、图标或玩法资源
assets/res/app/cimelia/animation/wand/tx_wand_up3.png	game resource	游戏 UI、场景、图标或玩法资源
assets/res/app/cimelia/animation/wand/tx_wand_up4.plist	game resource	游戏 UI、场景、图标或玩法资源
assets/res/app/cimelia/animation/wand/tx_wand_up4.png	game resource	游戏 UI、场景、图标或玩法资源
assets/res/app/cimelia/animation/wand/tx_wand_up5.plist	game resource	游戏 UI、场景、图标或玩法资源
assets/res/app/cimelia/animation/wand/tx_wand_up5.png	game resource	游戏 UI、场景、图标或玩法资源
assets/res/app/cimelia/bar_bg.png	game resource	游戏 UI、场景、图标或玩法资源
assets/res/app/cimelia/bar_bg1.png	game resource	游戏 UI、场景、图标或玩法资源
assets/res/app/cimelia/bar_pro.png	game resource	游戏 UI、场景、图标或玩法资源
assets/res/app/cimelia/bar_pro1.png	game resource	游戏 UI、场景、图标或玩法资源
assets/res/app/cimelia/bg_compose.png	game resource	游戏 UI、场景、图标或玩法资源
assets/res/app/cimelia/bg_equip.png	game resource	游戏 UI、场景、图标或玩法资源
assets/res/app/cimelia/bg_info.png	game resource	游戏 UI、场景、图标或玩法资源
assets/res/app/cimelia/bg_recipe.png	game resource	游戏 UI、场景、图标或玩法资源
assets/res/app/cimelia/bg_upgrade.png	game resource	游戏 UI、场景、图标或玩法资源
assets/res/app/cimelia/bg_wiki.png	game resource	游戏 UI、场景、图标或玩法资源
assets/res/app/cimelia/btn1.png	game resource	游戏 UI、场景、图标或玩法资源
assets/res/app/cimelia/btn2.png	game resource	游戏 UI、场景、图标或玩法资源
assets/res/app/cimelia/btn_arrow_n.png	game resource	游戏 UI、场景、图标或玩法资源
assets/res/app/cimelia/btn_arrow_n_2.png	game resource	游戏 UI、场景、图标或玩法资源
assets/res/app/cimelia/btn_arrow_p.png	game resource	游戏 UI、场景、图标或玩法资源
assets/res/app/cimelia/btn_arrow_p_2.png	game resource	游戏 UI、场景、图标或玩法资源
assets/res/app/cimelia/btn_big_01.png	game resource	游戏 UI、场景、图标或玩法资源
assets/res/app/cimelia/btn_big_02.png	game resource	游戏 UI、场景、图标或玩法资源
assets/res/app/cimelia/btn_big_03.png	game resource	游戏 UI、场景、图标或玩法资源
assets/res/app/cimelia/btn_max_n.png	game resource	游戏 UI、场景、图标或玩法资源
assets/res/app/cimelia/btn_max_p.png	game resource	游戏 UI、场景、图标或玩法资源
assets/res/app/cimelia/btn_plus_n.png	game resource	游戏 UI、场景、图标或玩法资源
assets/res/app/cimelia/btn_plus_p.png	game resource	游戏 UI、场景、图标或玩法资源
assets/res/app/cimelia/btn_reduce_n.png	game resource	游戏 UI、场景、图标或玩法资源
assets/res/app/cimelia/btn_reduce_p.png	game resource	游戏 UI、场景、图标或玩法资源
assets/res/app/cimelia/btn_selected.png	game resource	游戏 UI、场景、图标或玩法资源
assets/res/app/cimelia/btn_small_01.png	game resource	游戏 UI、场景、图标或玩法资源
assets/res/app/cimelia/btn_small_02.png	game resource	游戏 UI、场景、图标或玩法资源
assets/res/app/cimelia/btn_small_03.png	game resource	游戏 UI、场景、图标或玩法资源
assets/res/app/cimelia/collect.png	game resource	游戏 UI、场景、图标或玩法资源
assets/res/app/cimelia/collect1.png	game resource	游戏 UI、场景、图标或玩法资源
assets/res/app/cimelia/five_02.png	game resource	游戏 UI、场景、图标或玩法资源
assets/res/app/cimelia/icon/icon1.png	game resource	游戏 UI、场景、图标或玩法资源
assets/res/app/cimelia/icon/icon10.png	game resource	游戏 UI、场景、图标或玩法资源
assets/res/app/cimelia/icon/icon11.png	game resource	游戏 UI、场景、图标或玩法资源
assets/res/app/cimelia/icon/icon12.png	game resource	游戏 UI、场景、图标或玩法资源
assets/res/app/cimelia/icon/icon13.png	game resource	游戏 UI、场景、图标或玩法资源
assets/res/app/cimelia/icon/icon14.png	game resource	游戏 UI、场景、图标或玩法资源
assets/res/app/cimelia/icon/icon15.png	game resource	游戏 UI、场景、图标或玩法资源
assets/res/app/cimelia/icon/icon16.png	game resource	游戏 UI、场景、图标或玩法资源
assets/res/app/cimelia/icon/icon17.png	game resource	游戏 UI、场景、图标或玩法资源
assets/res/app/cimelia/icon/icon18.png	game resource	游戏 UI、场景、图标或玩法资源
assets/res/app/cimelia/icon/icon19.png	game resource	游戏 UI、场景、图标或玩法资源
assets/res/app/cimelia/icon/icon2.png	game resource	游戏 UI、场景、图标或玩法资源
assets/res/app/cimelia/icon/icon20.png	game resource	游戏 UI、场景、图标或玩法资源
assets/res/app/cimelia/icon/icon21.png	game resource	游戏 UI、场景、图标或玩法资源
assets/res/app/cimelia/icon/icon22.png	game resource	游戏 UI、场景、图标或玩法资源
assets/res/app/cimelia/icon/icon23.png	game resource	游戏 UI、场景、图标或玩法资源
assets/res/app/cimelia/icon/icon24.png	game resource	游戏 UI、场景、图标或玩法资源
assets/res/app/cimelia/icon/icon25.png	game resource	游戏 UI、场景、图标或玩法资源
assets/res/app/cimelia/icon/icon26.png	game resource	游戏 UI、场景、图标或玩法资源
assets/res/app/cimelia/icon/icon27.png	game resource	游戏 UI、场景、图标或玩法资源
assets/res/app/cimelia/icon/icon28.png	game resource	游戏 UI、场景、图标或玩法资源
assets/res/app/cimelia/icon/icon29.png	game resource	游戏 UI、场景、图标或玩法资源
assets/res/app/cimelia/icon/icon3.png	game resource	游戏 UI、场景、图标或玩法资源
assets/res/app/cimelia/icon/icon30.png	game resource	游戏 UI、场景、图标或玩法资源
assets/res/app/cimelia/icon/icon31.png	game resource	游戏 UI、场景、图标或玩法资源
assets/res/app/cimelia/icon/icon32.png	game resource	游戏 UI、场景、图标或玩法资源
assets/res/app/cimelia/icon/icon33.png	game resource	游戏 UI、场景、图标或玩法资源
assets/res/app/cimelia/icon/icon34.png	game resource	游戏 UI、场景、图标或玩法资源
assets/res/app/cimelia/icon/icon35.png	game resource	游戏 UI、场景、图标或玩法资源
assets/res/app/cimelia/icon/icon36.png	game resource	游戏 UI、场景、图标或玩法资源
assets/res/app/cimelia/icon/icon37.png	game resource	游戏 UI、场景、图标或玩法资源
assets/res/app/cimelia/icon/icon38.png	game resource	游戏 UI、场景、图标或玩法资源
assets/res/app/cimelia/icon/icon39.png	game resource	游戏 UI、场景、图标或玩法资源
assets/res/app/cimelia/icon/icon4.png	game resource	游戏 UI、场景、图标或玩法资源
assets/res/app/cimelia/icon/icon40.png	game resource	游戏 UI、场景、图标或玩法资源
assets/res/app/cimelia/icon/icon41.png	game resource	游戏 UI、场景、图标或玩法资源
assets/res/app/cimelia/icon/icon42.png	game resource	游戏 UI、场景、图标或玩法资源
assets/res/app/cimelia/icon/icon43.png	game resource	游戏 UI、场景、图标或玩法资源
assets/res/app/cimelia/icon/icon44.png	game resource	游戏 UI、场景、图标或玩法资源
assets/res/app/cimelia/icon/icon45.png	game resource	游戏 UI、场景、图标或玩法资源
assets/res/app/cimelia/icon/icon5.png	game resource	游戏 UI、场景、图标或玩法资源
assets/res/app/cimelia/icon/icon6.png	game resource	游戏 UI、场景、图标或玩法资源
assets/res/app/cimelia/icon/icon7.png	game resource	游戏 UI、场景、图标或玩法资源
assets/res/app/cimelia/icon/icon8.png	game resource	游戏 UI、场景、图标或玩法资源
assets/res/app/cimelia/icon/icon9.png	game resource	游戏 UI、场景、图标或玩法资源
assets/res/app/cimelia/icon_cost.png	game resource	游戏 UI、场景、图标或玩法资源
assets/res/app/cimelia/icon_earth.png	game resource	游戏 UI、场景、图标或玩法资源
assets/res/app/cimelia/icon_fire.png	game resource	游戏 UI、场景、图标或玩法资源
assets/res/app/cimelia/icon_gold.png	game resource	游戏 UI、场景、图标或玩法资源
assets/res/app/cimelia/icon_num.png	game resource	游戏 UI、场景、图标或玩法资源
assets/res/app/cimelia/icon_water.png	game resource	游戏 UI、场景、图标或玩法资源
assets/res/app/cimelia/icon_wood.png	game resource	游戏 UI、场景、图标或玩法资源
assets/res/app/cimelia/img_arrow.png	game resource	游戏 UI、场景、图标或玩法资源
assets/res/app/cimelia/img_bar_01.png	game resource	游戏 UI、场景、图标或玩法资源
assets/res/app/cimelia/img_bar_02.png	game resource	游戏 UI、场景、图标或玩法资源
assets/res/app/cimelia/img_basemap_00.png	game resource	游戏 UI、场景、图标或玩法资源
assets/res/app/cimelia/img_basemap_01.png	game resource	游戏 UI、场景、图标或玩法资源
assets/res/app/cimelia/img_basemap_02.png	game resource	游戏 UI、场景、图标或玩法资源
assets/res/app/cimelia/img_basemap_03.png	game resource	游戏 UI、场景、图标或玩法资源
assets/res/app/cimelia/img_basemap_04.png	game resource	游戏 UI、场景、图标或玩法资源
assets/res/app/cimelia/img_bombbox_00.png	game resource	游戏 UI、场景、图标或玩法资源
assets/res/app/cimelia/img_bottom_01.png	game resource	游戏 UI、场景、图标或玩法资源
assets/res/app/cimelia/img_choose_01.png	game resource	游戏 UI、场景、图标或玩法资源
assets/res/app/cimelia/img_choose_02.png	game resource	游戏 UI、场景、图标或玩法资源
assets/res/app/cimelia/img_choose_03.png	game resource	游戏 UI、场景、图标或玩法资源
assets/res/app/cimelia/img_five_01.png	game resource	游戏 UI、场景、图标或玩法资源
assets/res/app/cimelia/img_light_bottom.png	game resource	游戏 UI、场景、图标或玩法资源
assets/res/app/cimelia/img_light_bottom_02.png	game resource	游戏 UI、场景、图标或玩法资源
assets/res/app/cimelia/img_pop.png	game resource	游戏 UI、场景、图标或玩法资源
assets/res/app/cimelia/img_property_bottom.png	game resource	游戏 UI、场景、图标或玩法资源
assets/res/app/cimelia/img_selected_00.png	game resource	游戏 UI、场景、图标或玩法资源
assets/res/app/cimelia/img_slot_0.png	game resource	游戏 UI、场景、图标或玩法资源
assets/res/app/cimelia/img_slot_1.png	game resource	游戏 UI、场景、图标或玩法资源
assets/res/app/cimelia/img_slot_2.png	game resource	游戏 UI、场景、图标或玩法资源
assets/res/app/cimelia/img_slot_3.png	game resource	游戏 UI、场景、图标或玩法资源
assets/res/app/cimelia/img_slot_add.png	game resource	游戏 UI、场景、图标或玩法资源
assets/res/app/cimelia/img_staff_back.png	game resource	游戏 UI、场景、图标或玩法资源
assets/res/app/cimelia/img_title.png	game resource	游戏 UI、场景、图标或玩法资源
assets/res/app/cimelia/label.png	game resource	游戏 UI、场景、图标或玩法资源
assets/res/app/cimelia/label1.png	game resource	游戏 UI、场景、图标或玩法资源
assets/res/app/cimelia/label2.png	game resource	游戏 UI、场景、图标或玩法资源
assets/res/app/cimelia/label3.png	game resource	游戏 UI、场景、图标或玩法资源
assets/res/app/cimelia/label4.png	game resource	游戏 UI、场景、图标或玩法资源
assets/res/app/cimelia/magatama.png	game resource	游戏 UI、场景、图标或玩法资源
assets/res/app/cimelia/mark.png	game resource	游戏 UI、场景、图标或玩法资源
assets/res/app/cimelia/name_frame.png	game resource	游戏 UI、场景、图标或玩法资源
assets/res/app/cimelia/pic/pic1.png	game resource	游戏 UI、场景、图标或玩法资源
assets/res/app/cimelia/pic/pic10.png	game resource	游戏 UI、场景、图标或玩法资源
assets/res/app/cimelia/pic/pic11.png	game resource	游戏 UI、场景、图标或玩法资源
assets/res/app/cimelia/pic/pic12.png	game resource	游戏 UI、场景、图标或玩法资源
assets/res/app/cimelia/pic/pic2.png	game resource	游戏 UI、场景、图标或玩法资源
assets/res/app/cimelia/pic/pic3.png	game resource	游戏 UI、场景、图标或玩法资源
assets/res/app/cimelia/pic/pic4.png	game resource	游戏 UI、场景、图标或玩法资源
assets/res/app/cimelia/pic/pic5.png	game resource	游戏 UI、场景、图标或玩法资源
assets/res/app/cimelia/pic/pic6.png	game resource	游戏 UI、场景、图标或玩法资源
assets/res/app/cimelia/pic/pic7.png	game resource	游戏 UI、场景、图标或玩法资源
assets/res/app/cimelia/pic/pic8.png	game resource	游戏 UI、场景、图标或玩法资源
assets/res/app/cimelia/pic/pic9.png	game resource	游戏 UI、场景、图标或玩法资源
assets/res/app/cimelia/pic_frame.png	game resource	游戏 UI、场景、图标或玩法资源
assets/res/app/cimelia/rate_frame.png	game resource	游戏 UI、场景、图标或玩法资源
assets/res/app/cimelia/recipe_icon.png	game resource	游戏 UI、场景、图标或玩法资源
assets/res/app/cimelia/recipe_pic1.png	game resource	游戏 UI、场景、图标或玩法资源
assets/res/app/cimelia/selected_frame.png	game resource	游戏 UI、场景、图标或玩法资源
assets/res/app/cimelia/skill_frame.png	game resource	游戏 UI、场景、图标或玩法资源
assets/res/app/cimelia/skill_icon/icon1.png	game resource	游戏 UI、场景、图标或玩法资源
assets/res/app/cimelia/skill_icon/icon10.png	game resource	游戏 UI、场景、图标或玩法资源
assets/res/app/cimelia/skill_icon/icon11.png	game resource	游戏 UI、场景、图标或玩法资源
assets/res/app/cimelia/skill_icon/icon12.png	game resource	游戏 UI、场景、图标或玩法资源
assets/res/app/cimelia/skill_icon/icon13.png	game resource	游戏 UI、场景、图标或玩法资源
assets/res/app/cimelia/skill_icon/icon14.png	game resource	游戏 UI、场景、图标或玩法资源
assets/res/app/cimelia/skill_icon/icon15.png	game resource	游戏 UI、场景、图标或玩法资源
assets/res/app/cimelia/skill_icon/icon16.png	game resource	游戏 UI、场景、图标或玩法资源
assets/res/app/cimelia/skill_icon/icon17.png	game resource	游戏 UI、场景、图标或玩法资源
assets/res/app/cimelia/skill_icon/icon18.png	game resource	游戏 UI、场景、图标或玩法资源
assets/res/app/cimelia/skill_icon/icon19.png	game resource	游戏 UI、场景、图标或玩法资源
assets/res/app/cimelia/skill_icon/icon2.png	game resource	游戏 UI、场景、图标或玩法资源
assets/res/app/cimelia/skill_icon/icon20.png	game resource	游戏 UI、场景、图标或玩法资源
assets/res/app/cimelia/skill_icon/icon21.png	game resource	游戏 UI、场景、图标或玩法资源
assets/res/app/cimelia/skill_icon/icon22.png	game resource	游戏 UI、场景、图标或玩法资源
assets/res/app/cimelia/skill_icon/icon23.png	game resource	游戏 UI、场景、图标或玩法资源
assets/res/app/cimelia/skill_icon/icon24.png	game resource	游戏 UI、场景、图标或玩法资源
assets/res/app/cimelia/skill_icon/icon25.png	game resource	游戏 UI、场景、图标或玩法资源
assets/res/app/cimelia/skill_icon/icon26.png	game resource	游戏 UI、场景、图标或玩法资源
assets/res/app/cimelia/skill_icon/icon27.png	game resource	游戏 UI、场景、图标或玩法资源
assets/res/app/cimelia/skill_icon/icon28.png	game resource	游戏 UI、场景、图标或玩法资源
assets/res/app/cimelia/skill_icon/icon29.png	game resource	游戏 UI、场景、图标或玩法资源
assets/res/app/cimelia/skill_icon/icon3.png	game resource	游戏 UI、场景、图标或玩法资源
assets/res/app/cimelia/skill_icon/icon30.png	game resource	游戏 UI、场景、图标或玩法资源
assets/res/app/cimelia/skill_icon/icon31.png	game resource	游戏 UI、场景、图标或玩法资源
assets/res/app/cimelia/skill_icon/icon32.png	game resource	游戏 UI、场景、图标或玩法资源
assets/res/app/cimelia/skill_icon/icon33.png	game resource	游戏 UI、场景、图标或玩法资源
assets/res/app/cimelia/skill_icon/icon34.png	game resource	游戏 UI、场景、图标或玩法资源
assets/res/app/cimelia/skill_icon/icon35.png	game resource	游戏 UI、场景、图标或玩法资源
assets/res/app/cimelia/skill_icon/icon36.png	game resource	游戏 UI、场景、图标或玩法资源
assets/res/app/cimelia/skill_icon/icon37.png	game resource	游戏 UI、场景、图标或玩法资源
assets/res/app/cimelia/skill_icon/icon38.png	game resource	游戏 UI、场景、图标或玩法资源
assets/res/app/cimelia/skill_icon/icon39.png	game resource	游戏 UI、场景、图标或玩法资源
assets/res/app/cimelia/skill_icon/icon4.png	game resource	游戏 UI、场景、图标或玩法资源
assets/res/app/cimelia/skill_icon/icon40.png	game resource	游戏 UI、场景、图标或玩法资源
assets/res/app/cimelia/skill_icon/icon41.png	game resource	游戏 UI、场景、图标或玩法资源
assets/res/app/cimelia/skill_icon/icon42.png	game resource	游戏 UI、场景、图标或玩法资源
assets/res/app/cimelia/skill_icon/icon5.png	game resource	游戏 UI、场景、图标或玩法资源
assets/res/app/cimelia/skill_icon/icon6.png	game resource	游戏 UI、场景、图标或玩法资源
assets/res/app/cimelia/skill_icon/icon7.png	game resource	游戏 UI、场景、图标或玩法资源
assets/res/app/cimelia/skill_icon/icon8.png	game resource	游戏 UI、场景、图标或玩法资源
assets/res/app/cimelia/skill_icon/icon9.png	game resource	游戏 UI、场景、图标或玩法资源
assets/res/app/cimelia/skill_icon/meihuo.png	game resource	游戏 UI、场景、图标或玩法资源
assets/res/app/cimelia/stone.png	game resource	游戏 UI、场景、图标或玩法资源
assets/res/app/cimelia/syn_ok.png	game resource	游戏 UI、场景、图标或玩法资源
assets/res/app/cimelia/synthesize_pic1.png	game resource	游戏 UI、场景、图标或玩法资源
assets/res/app/cimelia/synthesize_pic2.png	game resource	游戏 UI、场景、图标或玩法资源
assets/res/app/cimelia/tab_01.png	game resource	游戏 UI、场景、图标或玩法资源
assets/res/app/cimelia/tab_02.png	game resource	游戏 UI、场景、图标或玩法资源
assets/res/app/cimelia/tab_a.png	game resource	游戏 UI、场景、图标或玩法资源
assets/res/app/cimelia/tab_a_h.png	game resource	游戏 UI、场景、图标或玩法资源
assets/res/app/cimelia/tab_tower1.png	game resource	游戏 UI、场景、图标或玩法资源
assets/res/app/cimelia/tab_tower2.png	game resource	游戏 UI、场景、图标或玩法资源
assets/res/app/cimelia/tab_wand1.png	game resource	游戏 UI、场景、图标或玩法资源
assets/res/app/cimelia/tab_wand2.png	game resource	游戏 UI、场景、图标或玩法资源
assets/res/app/cimelia/tab_wiki1.png	game resource	游戏 UI、场景、图标或玩法资源
assets/res/app/cimelia/tab_wiki2.png	game resource	游戏 UI、场景、图标或玩法资源
assets/res/app/cimelia/tip.png	game resource	游戏 UI、场景、图标或玩法资源
assets/res/app/cimelia/title1.png	game resource	游戏 UI、场景、图标或玩法资源
assets/res/app/cimelia/title2.png	game resource	游戏 UI、场景、图标或玩法资源
assets/res/app/cimelia/title3.png	game resource	游戏 UI、场景、图标或玩法资源
assets/res/app/cimelia/top_frame.png	game resource	游戏 UI、场景、图标或玩法资源
assets/res/app/cimelia/tx_cimelia_hc.plist	game resource	游戏 UI、场景、图标或玩法资源
assets/res/app/cimelia/tx_cimelia_hc.png	game resource	游戏 UI、场景、图标或玩法资源
assets/res/app/cimelia/type1.png	game resource	游戏 UI、场景、图标或玩法资源
assets/res/app/cimelia/type2.png	game resource	游戏 UI、场景、图标或玩法资源
assets/res/app/cimelia/type3.png	game resource	游戏 UI、场景、图标或玩法资源
assets/res/app/cimelia/type4.png	game resource	游戏 UI、场景、图标或玩法资源
assets/res/app/cimelia/type5.png	game resource	游戏 UI、场景、图标或玩法资源
assets/res/app/cimelia/type6.png	game resource	游戏 UI、场景、图标或玩法资源
assets/res/app/cimelia/type7.png	game resource	游戏 UI、场景、图标或玩法资源
assets/res/app/cimelia/type8.png	game resource	游戏 UI、场景、图标或玩法资源
assets/res/app/common/ball.png	game resource	游戏 UI、场景、图标或玩法资源
assets/res/app/common/logo.png	game resource	游戏 UI、场景、图标或玩法资源
assets/res/app/common/logo_boot.png	game resource	游戏 UI、场景、图标或玩法资源
assets/res/app/common/logo_boot1.png	game resource	游戏 UI、场景、图标或玩法资源
assets/res/app/common/logo_ios.png	game resource	游戏 UI、场景、图标或玩法资源
assets/res/app/common_ui/add.png	game resource	游戏 UI、场景、图标或玩法资源
assets/res/app/common_ui/add1.png	game resource	游戏 UI、场景、图标或玩法资源
assets/res/app/common_ui/alert.png	game resource	游戏 UI、场景、图标或玩法资源
assets/res/app/common_ui/backBtn_normal.png	game resource	游戏 UI、场景、图标或玩法资源
assets/res/app/common_ui/backBtn_pressed.png	game resource	游戏 UI、场景、图标或玩法资源
assets/res/app/common_ui/bar.png	game resource	游戏 UI、场景、图标或玩法资源
assets/res/app/common_ui/bar_bg.png	game resource	游戏 UI、场景、图标或玩法资源
assets/res/app/common_ui/blank.png	game resource	游戏 UI、场景、图标或玩法资源
assets/res/app/common_ui/btn_back.png	game resource	游戏 UI、场景、图标或玩法资源
assets/res/app/common_ui/btn_disabled.png	game resource	游戏 UI、场景、图标或玩法资源
assets/res/app/common_ui/btn_disabled1.png	game resource	游戏 UI、场景、图标或玩法资源
assets/res/app/common_ui/btn_normal.png	game resource	游戏 UI、场景、图标或玩法资源
assets/res/app/common_ui/btn_normal1.png	game resource	游戏 UI、场景、图标或玩法资源
assets/res/app/common_ui/btn_orange_n.png	game resource	游戏 UI、场景、图标或玩法资源
assets/res/app/common_ui/btn_orange_p.png	game resource	游戏 UI、场景、图标或玩法资源
assets/res/app/common_ui/btn_pressed.png	game resource	游戏 UI、场景、图标或玩法资源
assets/res/app/common_ui/btn_pressed1.png	game resource	游戏 UI、场景、图标或玩法资源
assets/res/app/common_ui/close_normal.png	game resource	游戏 UI、场景、图标或玩法资源
assets/res/app/common_ui/close_pressed.png	game resource	游戏 UI、场景、图标或玩法资源
assets/res/app/common_ui/common_bar.png	game resource	游戏 UI、场景、图标或玩法资源
assets/res/app/common_ui/common_bg.png	game resource	游戏 UI、场景、图标或玩法资源
assets/res/app/common_ui/common_dialog.png	game resource	游戏 UI、场景、图标或玩法资源
assets/res/app/common_ui/common_frame10.png	game resource	游戏 UI、场景、图标或玩法资源
assets/res/app/common_ui/common_frame11.png	game resource	游戏 UI、场景、图标或玩法资源
assets/res/app/common_ui/common_frame4.png	game resource	游戏 UI、场景、图标或玩法资源
assets/res/app/common_ui/common_frame6.png	game resource	游戏 UI、场景、图标或玩法资源
assets/res/app/common_ui/common_frame9.png	game resource	游戏 UI、场景、图标或玩法资源
assets/res/app/common_ui/common_gray.png	game resource	游戏 UI、场景、图标或玩法资源
assets/res/app/common_ui/common_text.png	game resource	游戏 UI、场景、图标或玩法资源
assets/res/app/common_ui/common_tip.png	game resource	游戏 UI、场景、图标或玩法资源
assets/res/app/common_ui/common_tip1.png	game resource	游戏 UI、场景、图标或玩法资源
assets/res/app/common_ui/continue.png	game resource	游戏 UI、场景、图标或玩法资源
assets/res/app/common_ui/dialog_bg.png	game resource	游戏 UI、场景、图标或玩法资源
assets/res/app/common_ui/dialog_bg1.png	game resource	游戏 UI、场景、图标或玩法资源
assets/res/app/common_ui/energy_bg.png	game resource	游戏 UI、场景、图标或玩法资源
assets/res/app/common_ui/essence_bg.png	game resource	游戏 UI、场景、图标或玩法资源
assets/res/app/common_ui/exchange.png	game resource	游戏 UI、场景、图标或玩法资源
assets/res/app/common_ui/exp_bg.png	game resource	游戏 UI、场景、图标或玩法资源
assets/res/app/common_ui/frame0.png	game resource	游戏 UI、场景、图标或玩法资源
assets/res/app/common_ui/frame1.png	game resource	游戏 UI、场景、图标或玩法资源
assets/res/app/common_ui/frame2.png	game resource	游戏 UI、场景、图标或玩法资源
assets/res/app/common_ui/frame3.png	game resource	游戏 UI、场景、图标或玩法资源
assets/res/app/common_ui/frame4.png	game resource	游戏 UI、场景、图标或玩法资源
assets/res/app/common_ui/frame5.png	game resource	游戏 UI、场景、图标或玩法资源
assets/res/app/common_ui/frame6.png	game resource	游戏 UI、场景、图标或玩法资源
assets/res/app/common_ui/frame7.png	game resource	游戏 UI、场景、图标或玩法资源
assets/res/app/common_ui/frame8.png	game resource	游戏 UI、场景、图标或玩法资源
assets/res/app/common_ui/frame_battle.png	game resource	游戏 UI、场景、图标或玩法资源
assets/res/app/common_ui/frame_loading.png	game resource	游戏 UI、场景、图标或玩法资源
assets/res/app/common_ui/frame_selected.png	game resource	游戏 UI、场景、图标或玩法资源
assets/res/app/common_ui/icon_peach.png	game resource	游戏 UI、场景、图标或玩法资源
assets/res/app/common_ui/img_square.png	game resource	游戏 UI、场景、图标或玩法资源
assets/res/app/common_ui/iron_bg.png	game resource	游戏 UI、场景、图标或玩法资源
assets/res/app/common_ui/left.png	game resource	游戏 UI、场景、图标或玩法资源
assets/res/app/common_ui/lock.png	game resource	游戏 UI、场景、图标或玩法资源
assets/res/app/common_ui/new.png	game resource	游戏 UI、场景、图标或玩法资源
assets/res/app/common_ui/num_bg.png	game resource	游戏 UI、场景、图标或玩法资源
assets/res/app/common_ui/peach_bg.png	game resource	游戏 UI、场景、图标或玩法资源
assets/res/app/common_ui/readme_n.png	game resource	游戏 UI、场景、图标或玩法资源
assets/res/app/common_ui/readme_p.png	game resource	游戏 UI、场景、图标或玩法资源
assets/res/app/common_ui/red_point.png	game resource	游戏 UI、场景、图标或玩法资源
assets/res/app/common_ui/right.png	game resource	游戏 UI、场景、图标或玩法资源
assets/res/app/common_ui/scroll_bg.png	game resource	游戏 UI、场景、图标或玩法资源
assets/res/app/common_ui/skip.png	game resource	游戏 UI、场景、图标或玩法资源
assets/res/app/common_ui/text_piece.png	game resource	游戏 UI、场景、图标或玩法资源
assets/res/app/common_ui/title_frame.png	game resource	游戏 UI、场景、图标或玩法资源
assets/res/app/common_ui/toast.png	game resource	游戏 UI、场景、图标或玩法资源
assets/res/app/common_ui/upgradelock.png	game resource	游戏 UI、场景、图标或玩法资源
assets/res/app/common_ui/view_detail_n.png	game resource	游戏 UI、场景、图标或玩法资源
assets/res/app/common_ui/view_detail_p.png	game resource	游戏 UI、场景、图标或玩法资源
assets/res/app/connection/bg.png	game resource	游戏 UI、场景、图标或玩法资源
assets/res/app/connection/connecting.png	game resource	游戏 UI、场景、图标或玩法资源
assets/res/app/connection/error_bg.png	game resource	游戏 UI、场景、图标或玩法资源
assets/res/app/connection/loading.png	game resource	游戏 UI、场景、图标或玩法资源
assets/res/app/connection/loading_bg.png	game resource	游戏 UI、场景、图标或玩法资源
assets/res/app/connection/restart.png	game resource	游戏 UI、场景、图标或玩法资源
assets/res/app/connection/restart1.png	game resource	游戏 UI、场景、图标或玩法资源
assets/res/app/connection/retry.png	game resource	游戏 UI、场景、图标或玩法资源
assets/res/app/connection/retry1.png	game resource	游戏 UI、场景、图标或玩法资源
assets/res/app/connection/timeout_bg.png	game resource	游戏 UI、场景、图标或玩法资源
assets/res/app/connection/waiting.png	game resource	游戏 UI、场景、图标或玩法资源
assets/res/app/dialogue/change1.png	game resource	游戏 UI、场景、图标或玩法资源
assets/res/app/dialogue/change2.png	game resource	游戏 UI、场景、图标或玩法资源
assets/res/app/dialogue/change3.png	game resource	游戏 UI、场景、图标或玩法资源
assets/res/app/dialogue/change4.png	game resource	游戏 UI、场景、图标或玩法资源
assets/res/app/dialogue/chimeiwangniang1.png	game resource	游戏 UI、场景、图标或玩法资源
assets/res/app/dialogue/dahan1.png	game resource	游戏 UI、场景、图标或玩法资源
assets/res/app/dialogue/dahan2.png	game resource	游戏 UI、场景、图标或玩法资源
assets/res/app/dialogue/dialogue_frame.png	game resource	游戏 UI、场景、图标或玩法资源
assets/res/app/dialogue/erlangshen1.png	game resource	游戏 UI、场景、图标或玩法资源
assets/res/app/dialogue/huli1.png	game resource	游戏 UI、场景、图标或玩法资源
assets/res/app/dialogue/icon1.png	game resource	游戏 UI、场景、图标或玩法资源
assets/res/app/dialogue/icon2.png	game resource	游戏 UI、场景、图标或玩法资源
assets/res/app/dialogue/icon4.png	game resource	游戏 UI、场景、图标或玩法资源
assets/res/app/dialogue/icon6.png	game resource	游戏 UI、场景、图标或玩法资源
assets/res/app/dialogue/icon7.png	game resource	游戏 UI、场景、图标或玩法资源
assets/res/app/dialogue/icon8.png	game resource	游戏 UI、场景、图标或玩法资源
assets/res/app/dialogue/jiutian1.png	game resource	游戏 UI、场景、图标或玩法资源
assets/res/app/dialogue/miaodaoren1.png	game resource	游戏 UI、场景、图标或玩法资源
assets/res/app/dialogue/name_frame.png	game resource	游戏 UI、场景、图标或玩法资源
assets/res/app/dialogue/next.png	game resource	游戏 UI、场景、图标或玩法资源
assets/res/app/dialogue/nver1.png	game resource	游戏 UI、场景、图标或玩法资源
assets/res/app/dialogue/nver2.png	game resource	游戏 UI、场景、图标或玩法资源
assets/res/app/dialogue/shaseng1.png	game resource	游戏 UI、场景、图标或玩法资源
assets/res/app/dialogue/shaseng2.png	game resource	游戏 UI、场景、图标或玩法资源
assets/res/app/dialogue/tangseng.png	game resource	游戏 UI、场景、图标或玩法资源
assets/res/app/dialogue/tangseng1.png	game resource	游戏 UI、场景、图标或玩法资源
assets/res/app/dialogue/tangseng2.png	game resource	游戏 UI、场景、图标或玩法资源
assets/res/app/dialogue/tangseng3.png	game resource	游戏 UI、场景、图标或玩法资源
assets/res/app/dialogue/tangseng4.png	game resource	游戏 UI、场景、图标或玩法资源
assets/res/app/dialogue/zixia1.png	game resource	游戏 UI、场景、图标或玩法资源
assets/res/app/dungeon/bg_infinite.png	game resource	游戏 UI、场景、图标或玩法资源
assets/res/app/dungeon/bg_infinite1.png	game resource	游戏 UI、场景、图标或玩法资源
assets/res/app/dungeon/bg_purgatory.png	game resource	游戏 UI、场景、图标或玩法资源
assets/res/app/dungeon/bg_travel.png	game resource	游戏 UI、场景、图标或玩法资源
assets/res/app/dungeon/tip.png	game resource	游戏 UI、场景、图标或玩法资源
assets/res/app/dungeon/title.png	game resource	游戏 UI、场景、图标或玩法资源
assets/res/app/effects/fencheng.plist	game resource	游戏 UI、场景、图标或玩法资源
assets/res/app/effects/hudie/hudie.csb	game resource	游戏 UI、场景、图标或玩法资源
assets/res/app/effects/hudie/hudie0.plist	game resource	游戏 UI、场景、图标或玩法资源
assets/res/app/effects/hudie/hudie0.png	game resource	游戏 UI、场景、图标或玩法资源
assets/res/app/equipment/animation/tx_equip_up.plist	game resource	游戏 UI、场景、图标或玩法资源
assets/res/app/equipment/animation/tx_equip_up.png	game resource	游戏 UI、场景、图标或玩法资源
assets/res/app/equipment/animation/tx_max_star.plist	game resource	游戏 UI、场景、图标或玩法资源
assets/res/app/equipment/animation/tx_max_star.png	game resource	游戏 UI、场景、图标或玩法资源
assets/res/app/equipment/animation/tx_quenching.plist	game resource	游戏 UI、场景、图标或玩法资源
assets/res/app/equipment/animation/tx_quenching.png	game resource	游戏 UI、场景、图标或玩法资源
assets/res/app/equipment/animation/tx_star.plist	game resource	游戏 UI、场景、图标或玩法资源
assets/res/app/equipment/animation/tx_star.png	game resource	游戏 UI、场景、图标或玩法资源
assets/res/app/equipment/animation/tx_star_unlock.plist	game resource	游戏 UI、场景、图标或玩法资源
assets/res/app/equipment/animation/tx_star_unlock.png	game resource	游戏 UI、场景、图标或玩法资源
assets/res/app/equipment/armature/quenching/tongyong_tx.csb	game resource	游戏 UI、场景、图标或玩法资源
assets/res/app/equipment/armature/quenching/tongyong_tx0.plist	game resource	游戏 UI、场景、图标或玩法资源
assets/res/app/equipment/armature/quenching/tongyong_tx0.png	game resource	游戏 UI、场景、图标或玩法资源
assets/res/app/equipment/armature/upgrade/qianghuachenggong.csb	game resource	游戏 UI、场景、图标或玩法资源
assets/res/app/equipment/armature/upgrade/qianghuachenggong0.plist	game resource	游戏 UI、场景、图标或玩法资源
assets/res/app/equipment/armature/upgrade/qianghuachenggong0.png	game resource	游戏 UI、场景、图标或玩法资源
assets/res/app/equipment/bai_01.png	game resource	游戏 UI、场景、图标或玩法资源
assets/res/app/equipment/bar_02.png	game resource	游戏 UI、场景、图标或玩法资源
assets/res/app/equipment/bar_03.png	game resource	游戏 UI、场景、图标或玩法资源
assets/res/app/equipment/bg.jpg	game resource	游戏 UI、场景、图标或玩法资源
assets/res/app/equipment/bg_00.png	game resource	游戏 UI、场景、图标或玩法资源
assets/res/app/equipment/bg_01.png	game resource	游戏 UI、场景、图标或玩法资源
assets/res/app/equipment/bg_02.png	game resource	游戏 UI、场景、图标或玩法资源
assets/res/app/equipment/bg_03.png	game resource	游戏 UI、场景、图标或玩法资源
assets/res/app/equipment/bg_04.png	game resource	游戏 UI、场景、图标或玩法资源
assets/res/app/equipment/bg_05.png	game resource	游戏 UI、场景、图标或玩法资源
assets/res/app/equipment/bg_06.png	game resource	游戏 UI、场景、图标或玩法资源
assets/res/app/equipment/btn_bag.png	game resource	游戏 UI、场景、图标或玩法资源
assets/res/app/equipment/btn_cuilian_n.png	game resource	游戏 UI、场景、图标或玩法资源
assets/res/app/equipment/btn_cuilian_p.png	game resource	游戏 UI、场景、图标或玩法资源
assets/res/app/equipment/btn_decompose_n.png	game resource	游戏 UI、场景、图标或玩法资源
assets/res/app/equipment/btn_decompose_p.png	game resource	游戏 UI、场景、图标或玩法资源
assets/res/app/equipment/btn_details_n.png	game resource	游戏 UI、场景、图标或玩法资源
assets/res/app/equipment/btn_grade_n_1.png	game resource	游戏 UI、场景、图标或玩法资源
assets/res/app/equipment/btn_grade_n_2.png	game resource	游戏 UI、场景、图标或玩法资源
assets/res/app/equipment/btn_grade_n_3.png	game resource	游戏 UI、场景、图标或玩法资源
assets/res/app/equipment/btn_grade_n_4.png	game resource	游戏 UI、场景、图标或玩法资源
assets/res/app/equipment/btn_grade_p_1.png	game resource	游戏 UI、场景、图标或玩法资源
assets/res/app/equipment/btn_grade_p_2.png	game resource	游戏 UI、场景、图标或玩法资源
assets/res/app/equipment/btn_grade_p_3.png	game resource	游戏 UI、场景、图标或玩法资源
assets/res/app/equipment/btn_grade_p_4.png	game resource	游戏 UI、场景、图标或玩法资源
assets/res/app/equipment/btn_knapsack.png	game resource	游戏 UI、场景、图标或玩法资源
assets/res/app/equipment/btn_listofarms.png	game resource	游戏 UI、场景、图标或玩法资源
assets/res/app/equipment/btn_preview_n.png	game resource	游戏 UI、场景、图标或玩法资源
assets/res/app/equipment/btn_risingstar_n.png	game resource	游戏 UI、场景、图标或玩法资源
assets/res/app/equipment/btn_risingstar_p.png	game resource	游戏 UI、场景、图标或玩法资源
assets/res/app/equipment/btn_role.png	game resource	游戏 UI、场景、图标或玩法资源
assets/res/app/equipment/btn_special_n.png	game resource	游戏 UI、场景、图标或玩法资源
assets/res/app/equipment/btn_special_p.png	game resource	游戏 UI、场景、图标或玩法资源
assets/res/app/equipment/btn_strengthen_n.png	game resource	游戏 UI、场景、图标或玩法资源
assets/res/app/equipment/btn_strengthen_p.png	game resource	游戏 UI、场景、图标或玩法资源
assets/res/app/equipment/btn_switch_n.png	game resource	游戏 UI、场景、图标或玩法资源
assets/res/app/equipment/btn_switch_p.png	game resource	游戏 UI、场景、图标或玩法资源
assets/res/app/equipment/circle.png	game resource	游戏 UI、场景、图标或玩法资源
assets/res/app/equipment/element1.png	game resource	游戏 UI、场景、图标或玩法资源
assets/res/app/equipment/element2.png	game resource	游戏 UI、场景、图标或玩法资源
assets/res/app/equipment/element3.png	game resource	游戏 UI、场景、图标或玩法资源
assets/res/app/equipment/element4.png	game resource	游戏 UI、场景、图标或玩法资源
assets/res/app/equipment/element5.png	game resource	游戏 UI、场景、图标或玩法资源
assets/res/app/equipment/frame_preview.png	game resource	游戏 UI、场景、图标或玩法资源
assets/res/app/equipment/icon_00.png	game resource	游戏 UI、场景、图标或玩法资源
assets/res/app/equipment/icon_02.png	game resource	游戏 UI、场景、图标或玩法资源
assets/res/app/equipment/icon_03.png	game resource	游戏 UI、场景、图标或玩法资源
assets/res/app/equipment/icon_04.png	game resource	游戏 UI、场景、图标或玩法资源
assets/res/app/equipment/icon_05.png	game resource	游戏 UI、场景、图标或玩法资源
assets/res/app/equipment/icon_06.png	game resource	游戏 UI、场景、图标或玩法资源
assets/res/app/equipment/icon_arrow.png	game resource	游戏 UI、场景、图标或玩法资源
assets/res/app/equipment/icon_back.png	game resource	游戏 UI、场景、图标或玩法资源
assets/res/app/equipment/icon_choice.png	game resource	游戏 UI、场景、图标或玩法资源
assets/res/app/equipment/icon_p_00.png	game resource	游戏 UI、场景、图标或玩法资源
assets/res/app/equipment/icon_selected.png	game resource	游戏 UI、场景、图标或玩法资源
assets/res/app/equipment/icon_selected1.png	game resource	游戏 UI、场景、图标或玩法资源
assets/res/app/equipment/icon_stars_n.png	game resource	游戏 UI、场景、图标或玩法资源
assets/res/app/equipment/icon_stars_p.png	game resource	游戏 UI、场景、图标或玩法资源
assets/res/app/equipment/img_00.png	game resource	游戏 UI、场景、图标或玩法资源
assets/res/app/equipment/img_01.png	game resource	游戏 UI、场景、图标或玩法资源
assets/res/app/equipment/img_02.png	game resource	游戏 UI、场景、图标或玩法资源
assets/res/app/equipment/img_03.png	game resource	游戏 UI、场景、图标或玩法资源
assets/res/app/equipment/img_add.png	game resource	游戏 UI、场景、图标或玩法资源
assets/res/app/equipment/img_basemap_0.png	game resource	游戏 UI、场景、图标或玩法资源
assets/res/app/equipment/img_basemap_1.png	game resource	游戏 UI、场景、图标或玩法资源
assets/res/app/equipment/img_bg.png	game resource	游戏 UI、场景、图标或玩法资源
assets/res/app/equipment/img_combat_effectiveness.png	game resource	游戏 UI、场景、图标或玩法资源
assets/res/app/equipment/img_element1.png	game resource	游戏 UI、场景、图标或玩法资源
assets/res/app/equipment/img_element2.png	game resource	游戏 UI、场景、图标或玩法资源
assets/res/app/equipment/img_element3.png	game resource	游戏 UI、场景、图标或玩法资源
assets/res/app/equipment/img_element4.png	game resource	游戏 UI、场景、图标或玩法资源
assets/res/app/equipment/img_element5.png	game resource	游戏 UI、场景、图标或玩法资源
assets/res/app/equipment/img_frame.png	game resource	游戏 UI、场景、图标或玩法资源
assets/res/app/equipment/img_knapsack_bombbox.png	game resource	游戏 UI、场景、图标或玩法资源
assets/res/app/equipment/img_mask.png	game resource	游戏 UI、场景、图标或玩法资源
assets/res/app/equipment/img_potential.png	game resource	游戏 UI、场景、图标或玩法资源
assets/res/app/equipment/img_reel.png	game resource	游戏 UI、场景、图标或玩法资源
assets/res/app/equipment/img_reel_00.png	game resource	游戏 UI、场景、图标或玩法资源
assets/res/app/equipment/mark1.png	game resource	游戏 UI、场景、图标或玩法资源
assets/res/app/equipment/mark2.png	game resource	游戏 UI、场景、图标或玩法资源
assets/res/app/equipment/mark3.png	game resource	游戏 UI、场景、图标或玩法资源
assets/res/app/equipment/mark4.png	game resource	游戏 UI、场景、图标或玩法资源
assets/res/app/equipment/mark5.png	game resource	游戏 UI、场景、图标或玩法资源
assets/res/app/equipment/popup_00.png	game resource	游戏 UI、场景、图标或玩法资源
assets/res/app/equipment/popup_01.png	game resource	游戏 UI、场景、图标或玩法资源
assets/res/app/equipment/prompt_02.png	game resource	游戏 UI、场景、图标或玩法资源
assets/res/app/equipment/prompt_03.png	game resource	游戏 UI、场景、图标或玩法资源
assets/res/app/equipment/replace.png	game resource	游戏 UI、场景、图标或玩法资源
assets/res/app/equipment/tips.png	game resource	游戏 UI、场景、图标或玩法资源
assets/res/app/equipment/title_cuilian.png	game resource	游戏 UI、场景、图标或玩法资源
assets/res/app/equipment/title_decompose.png	game resource	游戏 UI、场景、图标或玩法资源
assets/res/app/equipment/title_equipment.png	game resource	游戏 UI、场景、图标或玩法资源
assets/res/app/equipment/title_knapsack.png	game resource	游戏 UI、场景、图标或玩法资源
assets/res/app/equipment/title_knapsack_0.png	game resource	游戏 UI、场景、图标或玩法资源
assets/res/app/equipment/title_risingstar.png	game resource	游戏 UI、场景、图标或玩法资源
assets/res/app/equipment/title_strengthen.png	game resource	游戏 UI、场景、图标或玩法资源
assets/res/app/equipment/unload.png	game resource	游戏 UI、场景、图标或玩法资源
assets/res/app/equipment_icon/icon_1.png	game resource	游戏 UI、场景、图标或玩法资源
assets/res/app/equipment_icon/icon_10.png	game resource	游戏 UI、场景、图标或玩法资源
assets/res/app/equipment_icon/icon_100.png	game resource	游戏 UI、场景、图标或玩法资源
assets/res/app/equipment_icon/icon_101.png	game resource	游戏 UI、场景、图标或玩法资源
assets/res/app/equipment_icon/icon_102.png	game resource	游戏 UI、场景、图标或玩法资源
assets/res/app/equipment_icon/icon_103.png	game resource	游戏 UI、场景、图标或玩法资源
assets/res/app/equipment_icon/icon_104.png	game resource	游戏 UI、场景、图标或玩法资源
assets/res/app/equipment_icon/icon_105.png	game resource	游戏 UI、场景、图标或玩法资源
assets/res/app/equipment_icon/icon_106.png	game resource	游戏 UI、场景、图标或玩法资源
assets/res/app/equipment_icon/icon_107.png	game resource	游戏 UI、场景、图标或玩法资源
assets/res/app/equipment_icon/icon_108.png	game resource	游戏 UI、场景、图标或玩法资源
assets/res/app/equipment_icon/icon_109.png	game resource	游戏 UI、场景、图标或玩法资源
assets/res/app/equipment_icon/icon_11.png	game resource	游戏 UI、场景、图标或玩法资源
assets/res/app/equipment_icon/icon_110.png	game resource	游戏 UI、场景、图标或玩法资源
assets/res/app/equipment_icon/icon_111.png	game resource	游戏 UI、场景、图标或玩法资源
assets/res/app/equipment_icon/icon_112.png	game resource	游戏 UI、场景、图标或玩法资源
assets/res/app/equipment_icon/icon_113.png	game resource	游戏 UI、场景、图标或玩法资源
assets/res/app/equipment_icon/icon_114.png	game resource	游戏 UI、场景、图标或玩法资源
assets/res/app/equipment_icon/icon_115.png	game resource	游戏 UI、场景、图标或玩法资源
assets/res/app/equipment_icon/icon_116.png	game resource	游戏 UI、场景、图标或玩法资源
assets/res/app/equipment_icon/icon_117.png	game resource	游戏 UI、场景、图标或玩法资源
assets/res/app/equipment_icon/icon_118.png	game resource	游戏 UI、场景、图标或玩法资源
assets/res/app/equipment_icon/icon_119.png	game resource	游戏 UI、场景、图标或玩法资源
assets/res/app/equipment_icon/icon_12.png	game resource	游戏 UI、场景、图标或玩法资源
assets/res/app/equipment_icon/icon_120.png	game resource	游戏 UI、场景、图标或玩法资源
assets/res/app/equipment_icon/icon_121.png	game resource	游戏 UI、场景、图标或玩法资源
assets/res/app/equipment_icon/icon_122.png	game resource	游戏 UI、场景、图标或玩法资源
assets/res/app/equipment_icon/icon_123.png	game resource	游戏 UI、场景、图标或玩法资源
assets/res/app/equipment_icon/icon_124.png	game resource	游戏 UI、场景、图标或玩法资源
assets/res/app/equipment_icon/icon_125.png	game resource	游戏 UI、场景、图标或玩法资源
assets/res/app/equipment_icon/icon_126.png	game resource	游戏 UI、场景、图标或玩法资源
assets/res/app/equipment_icon/icon_127.png	game resource	游戏 UI、场景、图标或玩法资源
assets/res/app/equipment_icon/icon_128.png	game resource	游戏 UI、场景、图标或玩法资源
assets/res/app/equipment_icon/icon_129.png	game resource	游戏 UI、场景、图标或玩法资源
assets/res/app/equipment_icon/icon_13.png	game resource	游戏 UI、场景、图标或玩法资源
assets/res/app/equipment_icon/icon_130.png	game resource	游戏 UI、场景、图标或玩法资源
assets/res/app/equipment_icon/icon_14.png	game resource	游戏 UI、场景、图标或玩法资源
assets/res/app/equipment_icon/icon_15.png	game resource	游戏 UI、场景、图标或玩法资源
assets/res/app/equipment_icon/icon_16.png	game resource	游戏 UI、场景、图标或玩法资源
assets/res/app/equipment_icon/icon_17.png	game resource	游戏 UI、场景、图标或玩法资源
assets/res/app/equipment_icon/icon_18.png	game resource	游戏 UI、场景、图标或玩法资源
assets/res/app/equipment_icon/icon_19.png	game resource	游戏 UI、场景、图标或玩法资源
assets/res/app/equipment_icon/icon_2.png	game resource	游戏 UI、场景、图标或玩法资源
assets/res/app/equipment_icon/icon_20.png	game resource	游戏 UI、场景、图标或玩法资源
assets/res/app/equipment_icon/icon_21.png	game resource	游戏 UI、场景、图标或玩法资源
assets/res/app/equipment_icon/icon_22.png	game resource	游戏 UI、场景、图标或玩法资源
assets/res/app/equipment_icon/icon_23.png	game resource	游戏 UI、场景、图标或玩法资源
assets/res/app/equipment_icon/icon_24.png	game resource	游戏 UI、场景、图标或玩法资源
assets/res/app/equipment_icon/icon_25.png	game resource	游戏 UI、场景、图标或玩法资源
assets/res/app/equipment_icon/icon_26.png	game resource	游戏 UI、场景、图标或玩法资源
assets/res/app/equipment_icon/icon_27.png	game resource	游戏 UI、场景、图标或玩法资源
assets/res/app/equipment_icon/icon_28.png	game resource	游戏 UI、场景、图标或玩法资源
assets/res/app/equipment_icon/icon_29.png	game resource	游戏 UI、场景、图标或玩法资源
assets/res/app/equipment_icon/icon_3.png	game resource	游戏 UI、场景、图标或玩法资源
assets/res/app/equipment_icon/icon_30.png	game resource	游戏 UI、场景、图标或玩法资源
assets/res/app/equipment_icon/icon_31.png	game resource	游戏 UI、场景、图标或玩法资源
assets/res/app/equipment_icon/icon_32.png	game resource	游戏 UI、场景、图标或玩法资源
assets/res/app/equipment_icon/icon_33.png	game resource	游戏 UI、场景、图标或玩法资源
assets/res/app/equipment_icon/icon_34.png	game resource	游戏 UI、场景、图标或玩法资源
assets/res/app/equipment_icon/icon_35.png	game resource	游戏 UI、场景、图标或玩法资源
assets/res/app/equipment_icon/icon_36.png	game resource	游戏 UI、场景、图标或玩法资源
assets/res/app/equipment_icon/icon_37.png	game resource	游戏 UI、场景、图标或玩法资源
assets/res/app/equipment_icon/icon_38.png	game resource	游戏 UI、场景、图标或玩法资源
assets/res/app/equipment_icon/icon_39.png	game resource	游戏 UI、场景、图标或玩法资源
assets/res/app/equipment_icon/icon_4.png	game resource	游戏 UI、场景、图标或玩法资源
assets/res/app/equipment_icon/icon_40.png	game resource	游戏 UI、场景、图标或玩法资源
assets/res/app/equipment_icon/icon_41.png	game resource	游戏 UI、场景、图标或玩法资源
assets/res/app/equipment_icon/icon_42.png	game resource	游戏 UI、场景、图标或玩法资源
assets/res/app/equipment_icon/icon_43.png	game resource	游戏 UI、场景、图标或玩法资源
assets/res/app/equipment_icon/icon_44.png	game resource	游戏 UI、场景、图标或玩法资源
assets/res/app/equipment_icon/icon_45.png	game resource	游戏 UI、场景、图标或玩法资源
assets/res/app/equipment_icon/icon_46.png	game resource	游戏 UI、场景、图标或玩法资源
assets/res/app/equipment_icon/icon_47.png	game resource	游戏 UI、场景、图标或玩法资源
assets/res/app/equipment_icon/icon_48.png	game resource	游戏 UI、场景、图标或玩法资源
assets/res/app/equipment_icon/icon_49.png	game resource	游戏 UI、场景、图标或玩法资源
assets/res/app/equipment_icon/icon_5.png	game resource	游戏 UI、场景、图标或玩法资源
assets/res/app/equipment_icon/icon_50.png	game resource	游戏 UI、场景、图标或玩法资源
assets/res/app/equipment_icon/icon_51.png	game resource	游戏 UI、场景、图标或玩法资源
assets/res/app/equipment_icon/icon_52.png	game resource	游戏 UI、场景、图标或玩法资源
assets/res/app/equipment_icon/icon_53.png	game resource	游戏 UI、场景、图标或玩法资源
assets/res/app/equipment_icon/icon_54.png	game resource	游戏 UI、场景、图标或玩法资源
assets/res/app/equipment_icon/icon_55.png	game resource	游戏 UI、场景、图标或玩法资源
assets/res/app/equipment_icon/icon_56.png	game resource	游戏 UI、场景、图标或玩法资源
assets/res/app/equipment_icon/icon_57.png	game resource	游戏 UI、场景、图标或玩法资源
assets/res/app/equipment_icon/icon_58.png	game resource	游戏 UI、场景、图标或玩法资源
assets/res/app/equipment_icon/icon_6.png	game resource	游戏 UI、场景、图标或玩法资源
assets/res/app/equipment_icon/icon_7.png	game resource	游戏 UI、场景、图标或玩法资源
assets/res/app/equipment_icon/icon_8.png	game resource	游戏 UI、场景、图标或玩法资源
assets/res/app/equipment_icon/icon_9.png	game resource	游戏 UI、场景、图标或玩法资源
assets/res/app/flight_chess/animation/tx_backford.plist	game resource	游戏 UI、场景、图标或玩法资源
assets/res/app/flight_chess/animation/tx_backford.png	game resource	游戏 UI、场景、图标或玩法资源
assets/res/app/flight_chess/animation/tx_bjx.plist	game resource	游戏 UI、场景、图标或玩法资源
assets/res/app/flight_chess/animation/tx_bjx.png	game resource	游戏 UI、场景、图标或玩法资源
assets/res/app/flight_chess/animation/tx_dice.plist	game resource	游戏 UI、场景、图标或玩法资源
assets/res/app/flight_chess/animation/tx_dice.png	game resource	游戏 UI、场景、图标或玩法资源
assets/res/app/flight_chess/animation/tx_endpoint.plist	game resource	游戏 UI、场景、图标或玩法资源
assets/res/app/flight_chess/animation/tx_endpoint.png	game resource	游戏 UI、场景、图标或玩法资源
assets/res/app/flight_chess/animation/tx_fire.plist	game resource	游戏 UI、场景、图标或玩法资源
assets/res/app/flight_chess/animation/tx_fire.png	game resource	游戏 UI、场景、图标或玩法资源
assets/res/app/flight_chess/animation/tx_fly.plist	game resource	游戏 UI、场景、图标或玩法资源
assets/res/app/flight_chess/animation/tx_fly.png	game resource	游戏 UI、场景、图标或玩法资源
assets/res/app/flight_chess/animation/tx_idle.plist	game resource	游戏 UI、场景、图标或玩法资源
assets/res/app/flight_chess/animation/tx_idle.png	game resource	游戏 UI、场景、图标或玩法资源
assets/res/app/flight_chess/animation/tx_selected.plist	game resource	游戏 UI、场景、图标或玩法资源
assets/res/app/flight_chess/animation/tx_selected.png	game resource	游戏 UI、场景、图标或玩法资源
assets/res/app/flight_chess/arrow_green.png	game resource	游戏 UI、场景、图标或玩法资源
assets/res/app/flight_chess/arrow_red.png	game resource	游戏 UI、场景、图标或玩法资源
assets/res/app/flight_chess/icon_adventure.png	game resource	游戏 UI、场景、图标或玩法资源
assets/res/app/flight_chess/icon_bajiaoshan.png	game resource	游戏 UI、场景、图标或玩法资源
assets/res/app/flight_chess/icon_dice_01.png	game resource	游戏 UI、场景、图标或玩法资源
assets/res/app/flight_chess/icon_dice_02.png	game resource	游戏 UI、场景、图标或玩法资源
assets/res/app/flight_chess/icon_dice_03.png	game resource	游戏 UI、场景、图标或玩法资源
assets/res/app/flight_chess/icon_dice_04.png	game resource	游戏 UI、场景、图标或玩法资源
assets/res/app/flight_chess/icon_dice_05.png	game resource	游戏 UI、场景、图标或玩法资源
assets/res/app/flight_chess/icon_dice_06.png	game resource	游戏 UI、场景、图标或玩法资源
assets/res/app/flight_chess/icon_empty.png	game resource	游戏 UI、场景、图标或玩法资源
assets/res/app/flight_chess/icon_end.png	game resource	游戏 UI、场景、图标或玩法资源
assets/res/app/flight_chess/icon_gendouyun.png	game resource	游戏 UI、场景、图标或玩法资源
assets/res/app/flight_chess/icon_heifengguai.png	game resource	游戏 UI、场景、图标或玩法资源
assets/res/app/flight_chess/icon_horse.png	game resource	游戏 UI、场景、图标或玩法资源
assets/res/app/flight_chess/icon_huoyanshan.png	game resource	游戏 UI、场景、图标或玩法资源
assets/res/app/flight_chess/icon_jinsan.png	game resource	游戏 UI、场景、图标或玩法资源
assets/res/app/flight_chess/icon_jinsi.png	game resource	游戏 UI、场景、图标或玩法资源
assets/res/app/flight_chess/icon_jinwu.png	game resource	游戏 UI、场景、图标或玩法资源
assets/res/app/flight_chess/icon_mingyun.png	game resource	游戏 UI、场景、图标或玩法资源
assets/res/app/flight_chess/icon_start.png	game resource	游戏 UI、场景、图标或玩法资源
assets/res/app/flight_chess/icon_treasure_01.png	game resource	游戏 UI、场景、图标或玩法资源
assets/res/app/flight_chess/icon_treasure_02.png	game resource	游戏 UI、场景、图标或玩法资源
assets/res/app/flight_chess/icon_treasure_03.png	game resource	游戏 UI、场景、图标或玩法资源
assets/res/app/flight_chess/icon_tuisan.png	game resource	游戏 UI、场景、图标或玩法资源
assets/res/app/flight_chess/icon_tuisi.png	game resource	游戏 UI、场景、图标或玩法资源
assets/res/app/flight_chess/icon_tuiwu.png	game resource	游戏 UI、场景、图标或玩法资源
assets/res/app/flight_chess/icon_wanniangui.png	game resource	游戏 UI、场景、图标或玩法资源
assets/res/app/flight_chess/img_bottom.png	game resource	游戏 UI、场景、图标或玩法资源
assets/res/app/flight_chess/img_bottom_02.png	game resource	游戏 UI、场景、图标或玩法资源
assets/res/app/flight_chess/img_bottom_03.png	game resource	游戏 UI、场景、图标或玩法资源
assets/res/app/flight_chess/img_card.png	game resource	游戏 UI、场景、图标或玩法资源
assets/res/app/flight_chess/img_card_dundi.png	game resource	游戏 UI、场景、图标或玩法资源
assets/res/app/flight_chess/img_card_fanzhuan.png	game resource	游戏 UI、场景、图标或玩法资源
assets/res/app/flight_chess/img_card_mianyi.png	game resource	游戏 UI、场景、图标或玩法资源
assets/res/app/flight_chess/img_card_shenxing.png	game resource	游戏 UI、场景、图标或玩法资源
assets/res/app/flight_chess/img_card_shuangbei.png	game resource	游戏 UI、场景、图标或玩法资源
assets/res/app/flight_chess/img_card_tingzhi.png	game resource	游戏 UI、场景、图标或玩法资源
assets/res/app/flight_chess/img_case.png	game resource	游戏 UI、场景、图标或玩法资源
assets/res/app/flight_chess/img_case1.png	game resource	游戏 UI、场景、图标或玩法资源
assets/res/app/flight_chess/img_chosen.png	game resource	游戏 UI、场景、图标或玩法资源
assets/res/app/flight_chess/img_number.png	game resource	游戏 UI、场景、图标或玩法资源
assets/res/app/flight_chess/img_role.png	game resource	游戏 UI、场景、图标或玩法资源
assets/res/app/flight_chess/img_tips.png	game resource	游戏 UI、场景、图标或玩法资源
assets/res/app/flight_chess/img_title.png	game resource	游戏 UI、场景、图标或玩法资源
assets/res/app/fonts/DFYuanW7-GB2312.ttf	game resource	游戏 UI、场景、图标或玩法资源
assets/res/app/fonts/activity_num.fnt	game resource	游戏 UI、场景、图标或玩法资源
assets/res/app/fonts/activity_num_0.png	game resource	游戏 UI、场景、图标或玩法资源
assets/res/app/fonts/award_num.fnt	game resource	游戏 UI、场景、图标或玩法资源
assets/res/app/fonts/award_num_0.png	game resource	游戏 UI、场景、图标或玩法资源
assets/res/app/fonts/battle_blue.fnt	game resource	游戏 UI、场景、图标或玩法资源
assets/res/app/fonts/battle_blue_0.png	game resource	游戏 UI、场景、图标或玩法资源
assets/res/app/fonts/battle_purple.fnt	game resource	游戏 UI、场景、图标或玩法资源
assets/res/app/fonts/battle_purple_0.png	game resource	游戏 UI、场景、图标或玩法资源
assets/res/app/fonts/battle_red.fnt	game resource	游戏 UI、场景、图标或玩法资源
assets/res/app/fonts/battle_red_0.png	game resource	游戏 UI、场景、图标或玩法资源
assets/res/app/fonts/battle_yellow.fnt	game resource	游戏 UI、场景、图标或玩法资源
assets/res/app/fonts/battle_yellow_0.png	game resource	游戏 UI、场景、图标或玩法资源
assets/res/app/fonts/bossHp.fnt	game resource	游戏 UI、场景、图标或玩法资源
assets/res/app/fonts/bossHp_0.png	game resource	游戏 UI、场景、图标或玩法资源
assets/res/app/fonts/bulefonts.fnt	game resource	游戏 UI、场景、图标或玩法资源
assets/res/app/fonts/bulefonts_0.png	game resource	游戏 UI、场景、图标或玩法资源
assets/res/app/fonts/colorNum.fnt	game resource	游戏 UI、场景、图标或玩法资源
assets/res/app/fonts/colorNum_0.png	game resource	游戏 UI、场景、图标或玩法资源
assets/res/app/fonts/crit.png	game resource	游戏 UI、场景、图标或玩法资源
assets/res/app/fonts/critBattle.fnt	game resource	游戏 UI、场景、图标或玩法资源
assets/res/app/fonts/critBattle_0.png	game resource	游戏 UI、场景、图标或玩法资源
assets/res/app/fonts/critNum.fnt	game resource	游戏 UI、场景、图标或玩法资源
assets/res/app/fonts/critNum_0.png	game resource	游戏 UI、场景、图标或玩法资源
assets/res/app/fonts/greenNum.fnt	game resource	游戏 UI、场景、图标或玩法资源
assets/res/app/fonts/greenNum_0.png	game resource	游戏 UI、场景、图标或玩法资源
assets/res/app/fonts/orange.fnt	game resource	游戏 UI、场景、图标或玩法资源
assets/res/app/fonts/orange_0.png	game resource	游戏 UI、场景、图标或玩法资源
assets/res/app/fonts/red.fnt	game resource	游戏 UI、场景、图标或玩法资源
assets/res/app/fonts/red_0.png	game resource	游戏 UI、场景、图标或玩法资源
assets/res/app/fonts/treasure_red_num.fnt	game resource	游戏 UI、场景、图标或玩法资源
assets/res/app/fonts/treasure_red_num_0.png	game resource	游戏 UI、场景、图标或玩法资源
assets/res/app/fonts/white.fnt	game resource	游戏 UI、场景、图标或玩法资源
assets/res/app/fonts/whiteNum.fnt	game resource	游戏 UI、场景、图标或玩法资源
assets/res/app/fonts/whiteNum_0.png	game resource	游戏 UI、场景、图标或玩法资源
assets/res/app/fonts/white_0.png	game resource	游戏 UI、场景、图标或玩法资源
assets/res/app/fonts/white_num.fnt	game resource	游戏 UI、场景、图标或玩法资源
assets/res/app/fonts/white_num_0.png	game resource	游戏 UI、场景、图标或玩法资源
assets/res/app/fonts/yellowNum.fnt	game resource	游戏 UI、场景、图标或玩法资源
assets/res/app/fonts/yellowNum_0.png	game resource	游戏 UI、场景、图标或玩法资源
assets/res/app/friends/bt_left.png	game resource	游戏 UI、场景、图标或玩法资源
assets/res/app/friends/btn_add.png	game resource	游戏 UI、场景、图标或玩法资源
assets/res/app/friends/btn_fight.png	game resource	游戏 UI、场景、图标或玩法资源
assets/res/app/friends/bubble_msg.png	game resource	游戏 UI、场景、图标或玩法资源
assets/res/app/friends/func_frame.png	game resource	游戏 UI、场景、图标或玩法资源
assets/res/app/friends/hide.png	game resource	游戏 UI、场景、图标或玩法资源
assets/res/app/friends/img_add_bottom.png	game resource	游戏 UI、场景、图标或玩法资源
assets/res/app/friends/img_bottom_01.png	game resource	游戏 UI、场景、图标或玩法资源
assets/res/app/friends/img_chosen.png	game resource	游戏 UI、场景、图标或玩法资源
assets/res/app/friends/img_energy_gather.png	game resource	游戏 UI、场景、图标或玩法资源
assets/res/app/friends/img_energy_get.png	game resource	游戏 UI、场景、图标或玩法资源
assets/res/app/friends/img_energy_send.png	game resource	游戏 UI、场景、图标或玩法资源
assets/res/app/friends/img_fold.png	game resource	游戏 UI、场景、图标或玩法资源
assets/res/app/friends/img_fold_01.png	game resource	游戏 UI、场景、图标或玩法资源
assets/res/app/friends/img_fold_02.png	game resource	游戏 UI、场景、图标或玩法资源
assets/res/app/friends/img_friend_add.png	game resource	游戏 UI、场景、图标或玩法资源
assets/res/app/friends/img_friend_bar.png	game resource	游戏 UI、场景、图标或玩法资源
assets/res/app/friends/img_friend_bottom.png	game resource	游戏 UI、场景、图标或玩法资源
assets/res/app/friends/img_friend_box.png	game resource	游戏 UI、场景、图标或玩法资源
assets/res/app/friends/img_input.png	game resource	游戏 UI、场景、图标或玩法资源
assets/res/app/friends/img_sys_bottom.png	game resource	游戏 UI、场景、图标或玩法资源
assets/res/app/friends/img_sys_box.png	game resource	游戏 UI、场景、图标或玩法资源
assets/res/app/friends/img_sys_title.png	game resource	游戏 UI、场景、图标或玩法资源
assets/res/app/friends/img_talk_01.png	game resource	游戏 UI、场景、图标或玩法资源
assets/res/app/friends/img_talk_02.png	game resource	游戏 UI、场景、图标或玩法资源
assets/res/app/friends/lb_frame.png	game resource	游戏 UI、场景、图标或玩法资源
assets/res/app/friends/name_battle.png	game resource	游戏 UI、场景、图标或玩法资源
assets/res/app/friends/name_list_bg.png	game resource	游戏 UI、场景、图标或玩法资源
assets/res/app/friends/name_normal.png	game resource	游戏 UI、场景、图标或玩法资源
assets/res/app/friends/name_sel.png	game resource	游戏 UI、场景、图标或玩法资源
assets/res/app/friends/name_selected.png	game resource	游戏 UI、场景、图标或玩法资源
assets/res/app/friends/name_union.png	game resource	游戏 UI、场景、图标或玩法资源
assets/res/app/friends/tab_add.png	game resource	游戏 UI、场景、图标或玩法资源
assets/res/app/friends/tab_add1.png	game resource	游戏 UI、场景、图标或玩法资源
assets/res/app/friends/tab_friend.png	game resource	游戏 UI、场景、图标或玩法资源
assets/res/app/friends/tab_friend1.png	game resource	游戏 UI、场景、图标或玩法资源
assets/res/app/friends/tag_world.png	game resource	游戏 UI、场景、图标或玩法资源
assets/res/app/friends/title_friend_apply.png	game resource	游戏 UI、场景、图标或玩法资源
assets/res/app/game_infinite/bg.png	game resource	游戏 UI、场景、图标或玩法资源
assets/res/app/game_infinite/bg_frame.png	game resource	游戏 UI、场景、图标或玩法资源
assets/res/app/game_infinite/bg_middle.png	game resource	游戏 UI、场景、图标或玩法资源
assets/res/app/game_infinite/bg_sky.png	game resource	游戏 UI、场景、图标或玩法资源
assets/res/app/game_infinite/boss.png	game resource	游戏 UI、场景、图标或玩法资源
assets/res/app/game_infinite/entrance.png	game resource	游戏 UI、场景、图标或玩法资源
assets/res/app/game_infinite/float.png	game resource	游戏 UI、场景、图标或玩法资源
assets/res/app/game_infinite/last_wave.png	game resource	游戏 UI、场景、图标或玩法资源
assets/res/app/game_infinite/num_frame.png	game resource	游戏 UI、场景、图标或玩法资源
assets/res/app/game_infinite/pedestal.png	game resource	游戏 UI、场景、图标或玩法资源
assets/res/app/game_infinite/pedestal1.png	game resource	游戏 UI、场景、图标或玩法资源
assets/res/app/game_infinite/rank.png	game resource	游戏 UI、场景、图标或玩法资源
assets/res/app/game_infinite/reward_pic.png	game resource	游戏 UI、场景、图标或玩法资源
assets/res/app/game_infinite/rule.png	game resource	游戏 UI、场景、图标或玩法资源
assets/res/app/game_infinite/tang_pic.png	game resource	游戏 UI、场景、图标或玩法资源
assets/res/app/game_infinite/team.png	game resource	游戏 UI、场景、图标或玩法资源
assets/res/app/game_infinite/time_frame.png	game resource	游戏 UI、场景、图标或玩法资源
assets/res/app/game_infinite/unknown.png	game resource	游戏 UI、场景、图标或玩法资源
assets/res/app/game_infinite/wave_bg.png	game resource	游戏 UI、场景、图标或玩法资源
assets/res/app/game_infinite/wave_frame.png	game resource	游戏 UI、场景、图标或玩法资源
assets/res/app/gamescene/alert_boss.png	game resource	游戏 UI、场景、图标或玩法资源
assets/res/app/gamescene/alert_skill.png	game resource	游戏 UI、场景、图标或玩法资源
assets/res/app/gamescene/auto.png	game resource	游戏 UI、场景、图标或玩法资源
assets/res/app/gamescene/bar_bg.png	game resource	游戏 UI、场景、图标或玩法资源
assets/res/app/gamescene/bar_bg_tower_b.png	game resource	游戏 UI、场景、图标或玩法资源
assets/res/app/gamescene/bar_bg_tower_m.png	game resource	游戏 UI、场景、图标或玩法资源
assets/res/app/gamescene/bar_bg_type1.png	game resource	游戏 UI、场景、图标或玩法资源
assets/res/app/gamescene/bar_bg_type2.png	game resource	游戏 UI、场景、图标或玩法资源
assets/res/app/gamescene/bar_bg_type3.png	game resource	游戏 UI、场景、图标或玩法资源
assets/res/app/gamescene/bar_green.png	game resource	游戏 UI、场景、图标或玩法资源
assets/res/app/gamescene/bar_hp_bg.png	game resource	游戏 UI、场景、图标或玩法资源
assets/res/app/gamescene/bar_hp_bg_boss.png	game resource	游戏 UI、场景、图标或玩法资源
assets/res/app/gamescene/bar_hp_bg_elite.png	game resource	游戏 UI、场景、图标或玩法资源
assets/res/app/gamescene/bar_hp_boss.png	game resource	游戏 UI、场景、图标或玩法资源
assets/res/app/gamescene/bar_hp_buddha.png	game resource	游戏 UI、场景、图标或玩法资源
assets/res/app/gamescene/bar_hp_monster.png	game resource	游戏 UI、场景、图标或玩法资源
assets/res/app/gamescene/bar_hp_tower_b1.png	game resource	游戏 UI、场景、图标或玩法资源
assets/res/app/gamescene/bar_hp_tower_b2.png	game resource	游戏 UI、场景、图标或玩法资源
assets/res/app/gamescene/bar_hp_tower_m.png	game resource	游戏 UI、场景、图标或玩法资源
assets/res/app/gamescene/bar_type1.png	game resource	游戏 UI、场景、图标或玩法资源
assets/res/app/gamescene/bar_type2.png	game resource	游戏 UI、场景、图标或玩法资源
assets/res/app/gamescene/bar_type3.png	game resource	游戏 UI、场景、图标或玩法资源
assets/res/app/gamescene/bg1.png	game resource	游戏 UI、场景、图标或玩法资源
assets/res/app/gamescene/bg10.png	game resource	游戏 UI、场景、图标或玩法资源
assets/res/app/gamescene/bg11.png	game resource	游戏 UI、场景、图标或玩法资源
assets/res/app/gamescene/bg12.png	game resource	游戏 UI、场景、图标或玩法资源
assets/res/app/gamescene/bg13.png	game resource	游戏 UI、场景、图标或玩法资源
assets/res/app/gamescene/bg14.png	game resource	游戏 UI、场景、图标或玩法资源
assets/res/app/gamescene/bg15.png	game resource	游戏 UI、场景、图标或玩法资源
assets/res/app/gamescene/bg16.png	game resource	游戏 UI、场景、图标或玩法资源
assets/res/app/gamescene/bg17.png	game resource	游戏 UI、场景、图标或玩法资源
assets/res/app/gamescene/bg18.png	game resource	游戏 UI、场景、图标或玩法资源
assets/res/app/gamescene/bg19.png	game resource	游戏 UI、场景、图标或玩法资源
assets/res/app/gamescene/bg2.png	game resource	游戏 UI、场景、图标或玩法资源
assets/res/app/gamescene/bg20.png	game resource	游戏 UI、场景、图标或玩法资源
assets/res/app/gamescene/bg21.png	game resource	游戏 UI、场景、图标或玩法资源
assets/res/app/gamescene/bg22.png	game resource	游戏 UI、场景、图标或玩法资源
assets/res/app/gamescene/bg3.png	game resource	游戏 UI、场景、图标或玩法资源
assets/res/app/gamescene/bg4.png	game resource	游戏 UI、场景、图标或玩法资源
assets/res/app/gamescene/bg5.png	game resource	游戏 UI、场景、图标或玩法资源
assets/res/app/gamescene/bg6.png	game resource	游戏 UI、场景、图标或玩法资源
assets/res/app/gamescene/bg7.png	game resource	游戏 UI、场景、图标或玩法资源
assets/res/app/gamescene/bg8.png	game resource	游戏 UI、场景、图标或玩法资源
assets/res/app/gamescene/bg9.png	game resource	游戏 UI、场景、图标或玩法资源
assets/res/app/gamescene/bg_b1.png	game resource	游戏 UI、场景、图标或玩法资源
assets/res/app/gamescene/bg_b2.png	game resource	游戏 UI、场景、图标或玩法资源
assets/res/app/gamescene/bg_b3.png	game resource	游戏 UI、场景、图标或玩法资源
assets/res/app/gamescene/bg_c1.png	game resource	游戏 UI、场景、图标或玩法资源
assets/res/app/gamescene/bg_d1.png	game resource	游戏 UI、场景、图标或玩法资源
assets/res/app/gamescene/bg_d2.png	game resource	游戏 UI、场景、图标或玩法资源
assets/res/app/gamescene/bg_d3.png	game resource	游戏 UI、场景、图标或玩法资源
assets/res/app/gamescene/bg_middle1.png	game resource	游戏 UI、场景、图标或玩法资源
assets/res/app/gamescene/bg_middle10.png	game resource	游戏 UI、场景、图标或玩法资源
assets/res/app/gamescene/bg_middle11.png	game resource	游戏 UI、场景、图标或玩法资源
assets/res/app/gamescene/bg_middle12.png	game resource	游戏 UI、场景、图标或玩法资源
assets/res/app/gamescene/bg_middle13.png	game resource	游戏 UI、场景、图标或玩法资源
assets/res/app/gamescene/bg_middle14.png	game resource	游戏 UI、场景、图标或玩法资源
assets/res/app/gamescene/bg_middle15.png	game resource	游戏 UI、场景、图标或玩法资源
assets/res/app/gamescene/bg_middle16.png	game resource	游戏 UI、场景、图标或玩法资源
assets/res/app/gamescene/bg_middle17.png	game resource	游戏 UI、场景、图标或玩法资源
assets/res/app/gamescene/bg_middle18.png	game resource	游戏 UI、场景、图标或玩法资源
assets/res/app/gamescene/bg_middle19.png	game resource	游戏 UI、场景、图标或玩法资源
assets/res/app/gamescene/bg_middle2.png	game resource	游戏 UI、场景、图标或玩法资源
assets/res/app/gamescene/bg_middle20.png	game resource	游戏 UI、场景、图标或玩法资源
assets/res/app/gamescene/bg_middle21.png	game resource	游戏 UI、场景、图标或玩法资源
assets/res/app/gamescene/bg_middle22.png	game resource	游戏 UI、场景、图标或玩法资源
assets/res/app/gamescene/bg_middle3.png	game resource	游戏 UI、场景、图标或玩法资源
assets/res/app/gamescene/bg_middle4.png	game resource	游戏 UI、场景、图标或玩法资源
assets/res/app/gamescene/bg_middle5.png	game resource	游戏 UI、场景、图标或玩法资源
assets/res/app/gamescene/bg_middle6.png	game resource	游戏 UI、场景、图标或玩法资源
assets/res/app/gamescene/bg_middle7.png	game resource	游戏 UI、场景、图标或玩法资源
assets/res/app/gamescene/bg_middle8.png	game resource	游戏 UI、场景、图标或玩法资源
assets/res/app/gamescene/bg_middle9.png	game resource	游戏 UI、场景、图标或玩法资源
assets/res/app/gamescene/bg_middle_b1.png	game resource	游戏 UI、场景、图标或玩法资源
assets/res/app/gamescene/bg_middle_b2.png	game resource	游戏 UI、场景、图标或玩法资源
assets/res/app/gamescene/bg_middle_b3.png	game resource	游戏 UI、场景、图标或玩法资源
assets/res/app/gamescene/bg_middle_c1.png	game resource	游戏 UI、场景、图标或玩法资源
assets/res/app/gamescene/bg_middle_d1.png	game resource	游戏 UI、场景、图标或玩法资源
assets/res/app/gamescene/bg_middle_d2.png	game resource	游戏 UI、场景、图标或玩法资源
assets/res/app/gamescene/bg_middle_d3.png	game resource	游戏 UI、场景、图标或玩法资源
assets/res/app/gamescene/bg_middlec1.png	game resource	游戏 UI、场景、图标或玩法资源
assets/res/app/gamescene/bg_middled1.png	game resource	游戏 UI、场景、图标或玩法资源
assets/res/app/gamescene/bg_middled2.png	game resource	游戏 UI、场景、图标或玩法资源
assets/res/app/gamescene/bg_middled3.png	game resource	游戏 UI、场景、图标或玩法资源
assets/res/app/gamescene/bg_pause.png	game resource	游戏 UI、场景、图标或玩法资源
assets/res/app/gamescene/bg_pvp.png	game resource	游戏 UI、场景、图标或玩法资源
assets/res/app/gamescene/bg_pvp_middle.png	game resource	游戏 UI、场景、图标或玩法资源
assets/res/app/gamescene/bg_pvp_sky.png	game resource	游戏 UI、场景、图标或玩法资源
assets/res/app/gamescene/bg_relics.png	game resource	游戏 UI、场景、图标或玩法资源
assets/res/app/gamescene/bg_sky1.png	game resource	游戏 UI、场景、图标或玩法资源
assets/res/app/gamescene/bg_sky10.png	game resource	游戏 UI、场景、图标或玩法资源
assets/res/app/gamescene/bg_sky11.png	game resource	游戏 UI、场景、图标或玩法资源
assets/res/app/gamescene/bg_sky12.png	game resource	游戏 UI、场景、图标或玩法资源
assets/res/app/gamescene/bg_sky13.png	game resource	游戏 UI、场景、图标或玩法资源
assets/res/app/gamescene/bg_sky14.png	game resource	游戏 UI、场景、图标或玩法资源
assets/res/app/gamescene/bg_sky15.png	game resource	游戏 UI、场景、图标或玩法资源
assets/res/app/gamescene/bg_sky16.png	game resource	游戏 UI、场景、图标或玩法资源
assets/res/app/gamescene/bg_sky17.png	game resource	游戏 UI、场景、图标或玩法资源
assets/res/app/gamescene/bg_sky18.png	game resource	游戏 UI、场景、图标或玩法资源
assets/res/app/gamescene/bg_sky19.png	game resource	游戏 UI、场景、图标或玩法资源
assets/res/app/gamescene/bg_sky2.png	game resource	游戏 UI、场景、图标或玩法资源
assets/res/app/gamescene/bg_sky20.png	game resource	游戏 UI、场景、图标或玩法资源
assets/res/app/gamescene/bg_sky21.png	game resource	游戏 UI、场景、图标或玩法资源
assets/res/app/gamescene/bg_sky22.png	game resource	游戏 UI、场景、图标或玩法资源
assets/res/app/gamescene/bg_sky3.png	game resource	游戏 UI、场景、图标或玩法资源
assets/res/app/gamescene/bg_sky4.png	game resource	游戏 UI、场景、图标或玩法资源
assets/res/app/gamescene/bg_sky5.png	game resource	游戏 UI、场景、图标或玩法资源
assets/res/app/gamescene/bg_sky6.png	game resource	游戏 UI、场景、图标或玩法资源
assets/res/app/gamescene/bg_sky7.png	game resource	游戏 UI、场景、图标或玩法资源
assets/res/app/gamescene/bg_sky8.png	game resource	游戏 UI、场景、图标或玩法资源
assets/res/app/gamescene/bg_sky9.png	game resource	游戏 UI、场景、图标或玩法资源
assets/res/app/gamescene/bg_sky_b1.png	game resource	游戏 UI、场景、图标或玩法资源
assets/res/app/gamescene/bg_sky_b2.png	game resource	游戏 UI、场景、图标或玩法资源
assets/res/app/gamescene/bg_sky_b3.png	game resource	游戏 UI、场景、图标或玩法资源
assets/res/app/gamescene/bg_sky_c1.png	game resource	游戏 UI、场景、图标或玩法资源
assets/res/app/gamescene/bg_sky_d1.png	game resource	游戏 UI、场景、图标或玩法资源
assets/res/app/gamescene/bg_sky_d2.png	game resource	游戏 UI、场景、图标或玩法资源
assets/res/app/gamescene/bg_sky_d3.png	game resource	游戏 UI、场景、图标或玩法资源
assets/res/app/gamescene/bg_skyc1.png	game resource	游戏 UI、场景、图标或玩法资源
assets/res/app/gamescene/bg_skyd1.png	game resource	游戏 UI、场景、图标或玩法资源
assets/res/app/gamescene/bg_skyd2.png	game resource	游戏 UI、场景、图标或玩法资源
assets/res/app/gamescene/bg_skyd3.png	game resource	游戏 UI、场景、图标或玩法资源
assets/res/app/gamescene/bgc1.png	game resource	游戏 UI、场景、图标或玩法资源
assets/res/app/gamescene/bgd1.png	game resource	游戏 UI、场景、图标或玩法资源
assets/res/app/gamescene/bgd2.png	game resource	游戏 UI、场景、图标或玩法资源
assets/res/app/gamescene/bgd3.png	game resource	游戏 UI、场景、图标或玩法资源
assets/res/app/gamescene/box1.png	game resource	游戏 UI、场景、图标或玩法资源
assets/res/app/gamescene/box2.png	game resource	游戏 UI、场景、图标或玩法资源
assets/res/app/gamescene/buddha_shadow.png	game resource	游戏 UI、场景、图标或玩法资源
assets/res/app/gamescene/continue.png	game resource	游戏 UI、场景、图标或玩法资源
assets/res/app/gamescene/continue1.png	game resource	游戏 UI、场景、图标或玩法资源
assets/res/app/gamescene/counter1.png	game resource	游戏 UI、场景、图标或玩法资源
assets/res/app/gamescene/counter2.png	game resource	游戏 UI、场景、图标或玩法资源
assets/res/app/gamescene/counter3.png	game resource	游戏 UI、场景、图标或玩法资源
assets/res/app/gamescene/counter_frame.png	game resource	游戏 UI、场景、图标或玩法资源
assets/res/app/gamescene/counter_frame_01.png	game resource	游戏 UI、场景、图标或玩法资源
assets/res/app/gamescene/demoBuddha_background.png	game resource	游戏 UI、场景、图标或玩法资源
assets/res/app/gamescene/distance.png	game resource	游戏 UI、场景、图标或玩法资源
assets/res/app/gamescene/exit.png	game resource	游戏 UI、场景、图标或玩法资源
assets/res/app/gamescene/exit1.png	game resource	游戏 UI、场景、图标或玩法资源
assets/res/app/gamescene/exp.png	game resource	游戏 UI、场景、图标或玩法资源
assets/res/app/gamescene/fbiwarning.png	game resource	游戏 UI、场景、图标或玩法资源
assets/res/app/gamescene/fbiwarning_1.png	game resource	游戏 UI、场景、图标或玩法资源
assets/res/app/gamescene/gift.png	game resource	游戏 UI、场景、图标或玩法资源
assets/res/app/gamescene/icon_cimelia.png	game resource	游戏 UI、场景、图标或玩法资源
assets/res/app/gamescene/icon_fire1.png	game resource	游戏 UI、场景、图标或玩法资源
assets/res/app/gamescene/icon_fire2.png	game resource	游戏 UI、场景、图标或玩法资源
assets/res/app/gamescene/iconshadow.png	game resource	游戏 UI、场景、图标或玩法资源
assets/res/app/gamescene/label_frame.png	game resource	游戏 UI、场景、图标或玩法资源
assets/res/app/gamescene/label_frame1.png	game resource	游戏 UI、场景、图标或玩法资源
assets/res/app/gamescene/label_frame2.png	game resource	游戏 UI、场景、图标或玩法资源
assets/res/app/gamescene/label_frame3.png	game resource	游戏 UI、场景、图标或玩法资源
assets/res/app/gamescene/level.png	game resource	游戏 UI、场景、图标或玩法资源
assets/res/app/gamescene/light.png	game resource	游戏 UI、场景、图标或玩法资源
assets/res/app/gamescene/lingqi.png	game resource	游戏 UI、场景、图标或玩法资源
assets/res/app/gamescene/name_label.png	game resource	游戏 UI、场景、图标或玩法资源
assets/res/app/gamescene/newyearbg.png	game resource	游戏 UI、场景、图标或玩法资源
assets/res/app/gamescene/pause.png	game resource	游戏 UI、场景、图标或玩法资源
assets/res/app/gamescene/pause1.png	game resource	游戏 UI、场景、图标或玩法资源
assets/res/app/gamescene/purple.png	game resource	游戏 UI、场景、图标或玩法资源
assets/res/app/gamescene/speed1.png	game resource	游戏 UI、场景、图标或玩法资源
assets/res/app/gamescene/speed2.png	game resource	游戏 UI、场景、图标或玩法资源
assets/res/app/gamescene/spirit.png	game resource	游戏 UI、场景、图标或玩法资源
assets/res/app/gamescene/spirit1.png	game resource	游戏 UI、场景、图标或玩法资源
assets/res/app/gamescene/spirit_icon.png	game resource	游戏 UI、场景、图标或玩法资源
assets/res/app/gamescene/spirit_lv.png	game resource	游戏 UI、场景、图标或玩法资源
assets/res/app/gamescene/spirit_max.png	game resource	游戏 UI、场景、图标或玩法资源
assets/res/app/gamescene/star1.png	game resource	游戏 UI、场景、图标或玩法资源
assets/res/app/gamescene/star2.png	game resource	游戏 UI、场景、图标或玩法资源
assets/res/app/gamescene/team_frame.png	game resource	游戏 UI、场景、图标或玩法资源
assets/res/app/gamescene/timer.png	game resource	游戏 UI、场景、图标或玩法资源
assets/res/app/gamescene/tower_center.png	game resource	游戏 UI、场景、图标或玩法资源
assets/res/app/gamescene/tower_enemy_0.png	game resource	游戏 UI、场景、图标或玩法资源
assets/res/app/gamescene/tower_enemy_1.png	game resource	游戏 UI、场景、图标或玩法资源
assets/res/app/gamescene/tower_enemy_2.png	game resource	游戏 UI、场景、图标或玩法资源
assets/res/app/gamescene/tower_enemy_3.png	game resource	游戏 UI、场景、图标或玩法资源
assets/res/app/gamescene/upgrade_spirit1.png	game resource	游戏 UI、场景、图标或玩法资源
assets/res/app/gamescene/upgrade_spirit2.png	game resource	游戏 UI、场景、图标或玩法资源
assets/res/app/gamescenegroove/frame1.png	game resource	游戏 UI、场景、图标或玩法资源
assets/res/app/gamescenegroove/frame2.png	game resource	游戏 UI、场景、图标或玩法资源
assets/res/app/gamescenegroove/frame3.png	game resource	游戏 UI、场景、图标或玩法资源
assets/res/app/gamescenegroove/frame4.png	game resource	游戏 UI、场景、图标或玩法资源
assets/res/app/gamescenegroove/frame5.png	game resource	游戏 UI、场景、图标或玩法资源
assets/res/app/gamescenegroove/frame6.png	game resource	游戏 UI、场景、图标或玩法资源
assets/res/app/gamescenegroove/spirit1.png	game resource	游戏 UI、场景、图标或玩法资源
assets/res/app/gamescenegroove/spirit2.png	game resource	游戏 UI、场景、图标或玩法资源
assets/res/app/gamescenegroove/tawer.png	game resource	游戏 UI、场景、图标或玩法资源
assets/res/app/gamescenegroove/tower_pvp.png	game resource	游戏 UI、场景、图标或玩法资源
assets/res/app/gamescenegroove/upgrade.png	game resource	游戏 UI、场景、图标或玩法资源
assets/res/app/gamescenegroove/wand.png	game resource	游戏 UI、场景、图标或玩法资源
assets/res/app/item_icon/icon_1.png	game resource	游戏 UI、场景、图标或玩法资源
assets/res/app/item_icon/icon_10.png	game resource	游戏 UI、场景、图标或玩法资源
assets/res/app/item_icon/icon_1001.png	game resource	游戏 UI、场景、图标或玩法资源
assets/res/app/item_icon/icon_2.png	game resource	游戏 UI、场景、图标或玩法资源
assets/res/app/item_icon/icon_2001.png	game resource	游戏 UI、场景、图标或玩法资源
assets/res/app/item_icon/icon_2002.png	game resource	游戏 UI、场景、图标或玩法资源
assets/res/app/item_icon/icon_2003.png	game resource	游戏 UI、场景、图标或玩法资源
assets/res/app/item_icon/icon_2004.png	game resource	游戏 UI、场景、图标或玩法资源
assets/res/app/item_icon/icon_2005.png	game resource	游戏 UI、场景、图标或玩法资源
assets/res/app/item_icon/icon_2006.png	game resource	游戏 UI、场景、图标或玩法资源
assets/res/app/item_icon/icon_2007.png	game resource	游戏 UI、场景、图标或玩法资源
assets/res/app/item_icon/icon_2008.png	game resource	游戏 UI、场景、图标或玩法资源
assets/res/app/item_icon/icon_2009.png	game resource	游戏 UI、场景、图标或玩法资源
assets/res/app/item_icon/icon_2010.png	game resource	游戏 UI、场景、图标或玩法资源
assets/res/app/item_icon/icon_2011.png	game resource	游戏 UI、场景、图标或玩法资源
assets/res/app/item_icon/icon_2012.png	game resource	游戏 UI、场景、图标或玩法资源
assets/res/app/item_icon/icon_2013.png	game resource	游戏 UI、场景、图标或玩法资源
assets/res/app/item_icon/icon_2014.png	game resource	游戏 UI、场景、图标或玩法资源
assets/res/app/item_icon/icon_2015.png	game resource	游戏 UI、场景、图标或玩法资源
assets/res/app/item_icon/icon_2016.png	game resource	游戏 UI、场景、图标或玩法资源
assets/res/app/item_icon/icon_2017.png	game resource	游戏 UI、场景、图标或玩法资源
assets/res/app/item_icon/icon_2018.png	game resource	游戏 UI、场景、图标或玩法资源
assets/res/app/item_icon/icon_2019.png	game resource	游戏 UI、场景、图标或玩法资源
assets/res/app/item_icon/icon_2020.png	game resource	游戏 UI、场景、图标或玩法资源
assets/res/app/item_icon/icon_2021.png	game resource	游戏 UI、场景、图标或玩法资源
assets/res/app/item_icon/icon_2022.png	game resource	游戏 UI、场景、图标或玩法资源
assets/res/app/item_icon/icon_2023.png	game resource	游戏 UI、场景、图标或玩法资源
assets/res/app/item_icon/icon_2025.png	game resource	游戏 UI、场景、图标或玩法资源
assets/res/app/item_icon/icon_2026.png	game resource	游戏 UI、场景、图标或玩法资源
assets/res/app/item_icon/icon_2028.png	game resource	游戏 UI、场景、图标或玩法资源
assets/res/app/item_icon/icon_2028_bak.png	game resource	游戏 UI、场景、图标或玩法资源
assets/res/app/item_icon/icon_2029.png	game resource	游戏 UI、场景、图标或玩法资源
assets/res/app/item_icon/icon_2030.png	game resource	游戏 UI、场景、图标或玩法资源
assets/res/app/item_icon/icon_2031.png	game resource	游戏 UI、场景、图标或玩法资源
assets/res/app/item_icon/icon_2032.png	game resource	游戏 UI、场景、图标或玩法资源
assets/res/app/item_icon/icon_2033.png	game resource	游戏 UI、场景、图标或玩法资源
assets/res/app/item_icon/icon_2034.png	game resource	游戏 UI、场景、图标或玩法资源
assets/res/app/item_icon/icon_2035.png	game resource	游戏 UI、场景、图标或玩法资源
assets/res/app/item_icon/icon_2036.png	game resource	游戏 UI、场景、图标或玩法资源
assets/res/app/item_icon/icon_2037.png	game resource	游戏 UI、场景、图标或玩法资源
assets/res/app/item_icon/icon_2038.png	game resource	游戏 UI、场景、图标或玩法资源
assets/res/app/item_icon/icon_2039.png	game resource	游戏 UI、场景、图标或玩法资源
assets/res/app/item_icon/icon_2040.png	game resource	游戏 UI、场景、图标或玩法资源
assets/res/app/item_icon/icon_2041.png	game resource	游戏 UI、场景、图标或玩法资源
assets/res/app/item_icon/icon_2042.png	game resource	游戏 UI、场景、图标或玩法资源
assets/res/app/item_icon/icon_2043.png	game resource	游戏 UI、场景、图标或玩法资源
assets/res/app/item_icon/icon_2044.png	game resource	游戏 UI、场景、图标或玩法资源
assets/res/app/item_icon/icon_2045.png	game resource	游戏 UI、场景、图标或玩法资源
assets/res/app/item_icon/icon_3.png	game resource	游戏 UI、场景、图标或玩法资源
assets/res/app/item_icon/icon_4.png	game resource	游戏 UI、场景、图标或玩法资源
assets/res/app/item_icon/icon_5.png	game resource	游戏 UI、场景、图标或玩法资源
assets/res/app/item_icon/icon_5002.png	game resource	游戏 UI、场景、图标或玩法资源
assets/res/app/item_icon/icon_5006.png	game resource	游戏 UI、场景、图标或玩法资源
assets/res/app/item_icon/icon_5007.png	game resource	游戏 UI、场景、图标或玩法资源
assets/res/app/item_icon/icon_5008.png	game resource	游戏 UI、场景、图标或玩法资源
assets/res/app/item_icon/icon_5009.png	game resource	游戏 UI、场景、图标或玩法资源
assets/res/app/item_icon/icon_5010.png	game resource	游戏 UI、场景、图标或玩法资源
assets/res/app/item_icon/icon_5011.png	game resource	游戏 UI、场景、图标或玩法资源
assets/res/app/item_icon/icon_5012.png	game resource	游戏 UI、场景、图标或玩法资源
assets/res/app/item_icon/icon_5013.png	game resource	游戏 UI、场景、图标或玩法资源
assets/res/app/item_icon/icon_5014.png	game resource	游戏 UI、场景、图标或玩法资源
assets/res/app/item_icon/icon_6.png	game resource	游戏 UI、场景、图标或玩法资源
assets/res/app/item_icon/icon_6001.png	game resource	游戏 UI、场景、图标或玩法资源
assets/res/app/item_icon/icon_7.png	game resource	游戏 UI、场景、图标或玩法资源
assets/res/app/item_icon/icon_7000.png	game resource	游戏 UI、场景、图标或玩法资源
assets/res/app/item_icon/icon_7001.png	game resource	游戏 UI、场景、图标或玩法资源
assets/res/app/item_icon/icon_7002.png	game resource	游戏 UI、场景、图标或玩法资源
assets/res/app/item_icon/icon_7003.png	game resource	游戏 UI、场景、图标或玩法资源
assets/res/app/item_icon/icon_7004.png	game resource	游戏 UI、场景、图标或玩法资源
assets/res/app/item_icon/icon_8.png	game resource	游戏 UI、场景、图标或玩法资源
assets/res/app/item_icon/icon_8001.png	game resource	游戏 UI、场景、图标或玩法资源
assets/res/app/item_icon/icon_8002.png	game resource	游戏 UI、场景、图标或玩法资源
assets/res/app/item_icon/icon_8003.png	game resource	游戏 UI、场景、图标或玩法资源
assets/res/app/item_icon/icon_8004.png	game resource	游戏 UI、场景、图标或玩法资源
assets/res/app/item_icon/icon_8099.png	game resource	游戏 UI、场景、图标或玩法资源
assets/res/app/item_icon/icon_9.png	game resource	游戏 UI、场景、图标或玩法资源
assets/res/app/item_icon/icon_feat_refresh.png	game resource	游戏 UI、场景、图标或玩法资源
assets/res/app/item_icon/icon_mystery_refresh.png	game resource	游戏 UI、场景、图标或玩法资源
assets/res/app/item_icon/icon_peach1.png	game resource	游戏 UI、场景、图标或玩法资源
assets/res/app/item_icon/icon_peach2.png	game resource	游戏 UI、场景、图标或玩法资源
assets/res/app/item_icon/icon_peach3.png	game resource	游戏 UI、场景、图标或玩法资源
assets/res/app/item_icon/icon_peach4.png	game resource	游戏 UI、场景、图标或玩法资源
assets/res/app/item_icon/icon_peach5.png	game resource	游戏 UI、场景、图标或玩法资源
assets/res/app/item_icon/icon_prop.png	game resource	游戏 UI、场景、图标或玩法资源
assets/res/app/item_icon/icon_purgatory_refresh.png	game resource	游戏 UI、场景、图标或玩法资源
assets/res/app/item_icon/icon_pvpOl_refresh.png	game resource	游戏 UI、场景、图标或玩法资源
assets/res/app/item_icon/icon_treasure.png	game resource	游戏 UI、场景、图标或玩法资源
assets/res/app/item_icon/pic_awakepoint.png	game resource	游戏 UI、场景、图标或玩法资源
assets/res/app/item_icon/pic_contribution.png	game resource	游戏 UI、场景、图标或玩法资源
assets/res/app/item_icon/pic_energy.png	game resource	游戏 UI、场景、图标或玩法资源
assets/res/app/item_icon/pic_essence.png	game resource	游戏 UI、场景、图标或玩法资源
assets/res/app/item_icon/pic_exp.png	game resource	游戏 UI、场景、图标或玩法资源
assets/res/app/item_icon/pic_feat.png	game resource	游戏 UI、场景、图标或玩法资源
assets/res/app/item_icon/pic_horn.png	game resource	游戏 UI、场景、图标或玩法资源
assets/res/app/item_icon/pic_iron.png	game resource	游戏 UI、场景、图标或玩法资源
assets/res/app/item_icon/pic_lianyubi.png	game resource	游戏 UI、场景、图标或玩法资源
assets/res/app/item_icon/pic_peach.png	game resource	游戏 UI、场景、图标或玩法资源
assets/res/app/item_icon/pic_sweep.png	game resource	游戏 UI、场景、图标或玩法资源
assets/res/app/loading/Loading/Loading.csb	game resource	游戏 UI、场景、图标或玩法资源
assets/res/app/loading/Loading/Loading0.plist	game resource	游戏 UI、场景、图标或玩法资源
assets/res/app/loading/Loading/Loading0.png	game resource	游戏 UI、场景、图标或玩法资源
assets/res/app/loading/bajie.png	game resource	游戏 UI、场景、图标或玩法资源
assets/res/app/loading/bg.jpg	game resource	游戏 UI、场景、图标或玩法资源
assets/res/app/loading/bg1.png	game resource	游戏 UI、场景、图标或玩法资源
assets/res/app/loading/halo.png	game resource	游戏 UI、场景、图标或玩法资源
assets/res/app/loading/shaseng.png	game resource	游戏 UI、场景、图标或玩法资源
assets/res/app/loading/tangseng.png	game resource	游戏 UI、场景、图标或玩法资源
assets/res/app/loading/tiny/huanchonghouzi.csb	game resource	游戏 UI、场景、图标或玩法资源
assets/res/app/loading/tiny/huanchonghouzi0.plist	game resource	游戏 UI、场景、图标或玩法资源
assets/res/app/loading/tiny/huanchonghouzi0.png	game resource	游戏 UI、场景、图标或玩法资源
assets/res/app/loading/wukong.png	game resource	游戏 UI、场景、图标或玩法资源
assets/res/app/login_scene/btn_change_reg.png	game resource	游戏 UI、场景、图标或玩法资源
assets/res/app/login_scene/button.png	game resource	游戏 UI、场景、图标或玩法资源
assets/res/app/login_scene/button_h.png	game resource	游戏 UI、场景、图标或玩法资源
assets/res/app/login_scene/dengludonghua/dengludonghua.csb	game resource	游戏 UI、场景、图标或玩法资源
assets/res/app/login_scene/dengludonghua/dengludonghua0.plist	game resource	游戏 UI、场景、图标或玩法资源
assets/res/app/login_scene/dengludonghua/dengludonghua0.png	game resource	游戏 UI、场景、图标或玩法资源
assets/res/app/login_scene/frame.png	game resource	游戏 UI、场景、图标或玩法资源
assets/res/app/login_scene/game_tip.png	game resource	游戏 UI、场景、图标或玩法资源
assets/res/app/login_scene/game_ver.png	game resource	游戏 UI、场景、图标或玩法资源
assets/res/app/login_scene/input_bg.png	game resource	游戏 UI、场景、图标或玩法资源
assets/res/app/login_scene/input_frame.png	game resource	游戏 UI、场景、图标或玩法资源
assets/res/app/login_scene/label_bounding.png	game resource	游戏 UI、场景、图标或玩法资源
assets/res/app/login_scene/label_login.png	game resource	游戏 UI、场景、图标或玩法资源
assets/res/app/login_scene/lb_account.png	game resource	游戏 UI、场景、图标或玩法资源
assets/res/app/login_scene/lb_password.png	game resource	游戏 UI、场景、图标或玩法资源
assets/res/app/login_scene/login_bg.png	game resource	游戏 UI、场景、图标或玩法资源
assets/res/app/login_scene/login_qq.png	game resource	游戏 UI、场景、图标或玩法资源
assets/res/app/login_scene/login_qq1.png	game resource	游戏 UI、场景、图标或玩法资源
assets/res/app/login_scene/login_wechat.png	game resource	游戏 UI、场景、图标或玩法资源
assets/res/app/login_scene/login_wechat1.png	game resource	游戏 UI、场景、图标或玩法资源
assets/res/app/login_scene/role.png	game resource	游戏 UI、场景、图标或玩法资源
assets/res/app/login_scene/server_frame.png	game resource	游戏 UI、场景、图标或玩法资源
assets/res/app/login_scene/server_module.plist	game resource	游戏 UI、场景、图标或玩法资源
assets/res/app/login_scene/server_module.png	game resource	游戏 UI、场景、图标或玩法资源
assets/res/app/login_scene/server_selected.png	game resource	游戏 UI、场景、图标或玩法资源
assets/res/app/login_scene/start_long.png	game resource	游戏 UI、场景、图标或玩法资源
assets/res/app/login_scene/start_long1.png	game resource	游戏 UI、场景、图标或玩法资源
assets/res/app/login_scene/user_center.png	game resource	游戏 UI、场景、图标或玩法资源
assets/res/app/login_scene/user_center1.png	game resource	游戏 UI、场景、图标或玩法资源
assets/res/app/login_scene/warning.png	game resource	游戏 UI、场景、图标或玩法资源
assets/res/app/mail/gi_frame_mail.png	game resource	游戏 UI、场景、图标或玩法资源
assets/res/app/mail/gi_frame_maintain.png	game resource	游戏 UI、场景、图标或玩法资源
assets/res/app/mail/gi_item_bg.png	game resource	游戏 UI、场景、图标或玩法资源
assets/res/app/mail/gi_mail_attach.png	game resource	游戏 UI、场景、图标或玩法资源
assets/res/app/mail/gi_mail_read.png	game resource	游戏 UI、场景、图标或玩法资源
assets/res/app/mail/gi_mail_sender.png	game resource	游戏 UI、场景、图标或玩法资源
assets/res/app/mail/gi_mail_unread.png	game resource	游戏 UI、场景、图标或玩法资源
assets/res/app/monster_piece_icon/piece1.png	game resource	游戏 UI、场景、图标或玩法资源
assets/res/app/monster_piece_icon/piece10.png	game resource	游戏 UI、场景、图标或玩法资源
assets/res/app/monster_piece_icon/piece11.png	game resource	游戏 UI、场景、图标或玩法资源
assets/res/app/monster_piece_icon/piece12.png	game resource	游戏 UI、场景、图标或玩法资源
assets/res/app/monster_piece_icon/piece13.png	game resource	游戏 UI、场景、图标或玩法资源
assets/res/app/monster_piece_icon/piece14.png	game resource	游戏 UI、场景、图标或玩法资源
assets/res/app/monster_piece_icon/piece15.png	game resource	游戏 UI、场景、图标或玩法资源
assets/res/app/monster_piece_icon/piece16.png	game resource	游戏 UI、场景、图标或玩法资源
assets/res/app/monster_piece_icon/piece17.png	game resource	游戏 UI、场景、图标或玩法资源
assets/res/app/monster_piece_icon/piece18.png	game resource	游戏 UI、场景、图标或玩法资源
assets/res/app/monster_piece_icon/piece19.png	game resource	游戏 UI、场景、图标或玩法资源
assets/res/app/monster_piece_icon/piece2.png	game resource	游戏 UI、场景、图标或玩法资源
assets/res/app/monster_piece_icon/piece20.png	game resource	游戏 UI、场景、图标或玩法资源
assets/res/app/monster_piece_icon/piece21.png	game resource	游戏 UI、场景、图标或玩法资源
assets/res/app/monster_piece_icon/piece22.png	game resource	游戏 UI、场景、图标或玩法资源
assets/res/app/monster_piece_icon/piece23.png	game resource	游戏 UI、场景、图标或玩法资源
assets/res/app/monster_piece_icon/piece24.png	game resource	游戏 UI、场景、图标或玩法资源
assets/res/app/monster_piece_icon/piece25.png	game resource	游戏 UI、场景、图标或玩法资源
assets/res/app/monster_piece_icon/piece26.png	game resource	游戏 UI、场景、图标或玩法资源
assets/res/app/monster_piece_icon/piece27.png	game resource	游戏 UI、场景、图标或玩法资源
assets/res/app/monster_piece_icon/piece28.png	game resource	游戏 UI、场景、图标或玩法资源
assets/res/app/monster_piece_icon/piece29.png	game resource	游戏 UI、场景、图标或玩法资源
assets/res/app/monster_piece_icon/piece3.png	game resource	游戏 UI、场景、图标或玩法资源
assets/res/app/monster_piece_icon/piece30.png	game resource	游戏 UI、场景、图标或玩法资源
assets/res/app/monster_piece_icon/piece31.png	game resource	游戏 UI、场景、图标或玩法资源
assets/res/app/monster_piece_icon/piece32.png	game resource	游戏 UI、场景、图标或玩法资源
assets/res/app/monster_piece_icon/piece33.png	game resource	游戏 UI、场景、图标或玩法资源
assets/res/app/monster_piece_icon/piece34.png	game resource	游戏 UI、场景、图标或玩法资源
assets/res/app/monster_piece_icon/piece35.png	game resource	游戏 UI、场景、图标或玩法资源
assets/res/app/monster_piece_icon/piece36.png	game resource	游戏 UI、场景、图标或玩法资源
assets/res/app/monster_piece_icon/piece37.png	game resource	游戏 UI、场景、图标或玩法资源
assets/res/app/monster_piece_icon/piece38.png	game resource	游戏 UI、场景、图标或玩法资源
assets/res/app/monster_piece_icon/piece39.png	game resource	游戏 UI、场景、图标或玩法资源
assets/res/app/monster_piece_icon/piece4.png	game resource	游戏 UI、场景、图标或玩法资源
assets/res/app/monster_piece_icon/piece40.png	game resource	游戏 UI、场景、图标或玩法资源
assets/res/app/monster_piece_icon/piece41.png	game resource	游戏 UI、场景、图标或玩法资源
assets/res/app/monster_piece_icon/piece42.png	game resource	游戏 UI、场景、图标或玩法资源
assets/res/app/monster_piece_icon/piece43.png	game resource	游戏 UI、场景、图标或玩法资源
assets/res/app/monster_piece_icon/piece5.png	game resource	游戏 UI、场景、图标或玩法资源
assets/res/app/monster_piece_icon/piece6.png	game resource	游戏 UI、场景、图标或玩法资源
assets/res/app/monster_piece_icon/piece7.png	game resource	游戏 UI、场景、图标或玩法资源
assets/res/app/monster_piece_icon/piece8.png	game resource	游戏 UI、场景、图标或玩法资源
assets/res/app/monster_piece_icon/piece9.png	game resource	游戏 UI、场景、图标或玩法资源
assets/res/app/monster_piece_icon/quality0.png	game resource	游戏 UI、场景、图标或玩法资源
assets/res/app/monster_piece_icon/quality1.png	game resource	游戏 UI、场景、图标或玩法资源
assets/res/app/monster_piece_icon/quality2.png	game resource	游戏 UI、场景、图标或玩法资源
assets/res/app/monster_piece_icon/quality3.png	game resource	游戏 UI、场景、图标或玩法资源
assets/res/app/monster_piece_icon/quality4.png	game resource	游戏 UI、场景、图标或玩法资源
assets/res/app/monster_tower/1/bg.png	game resource	游戏 UI、场景、图标或玩法资源
assets/res/app/monster_tower/1/door.png	game resource	游戏 UI、场景、图标或玩法资源
assets/res/app/monster_tower/10/bg.png	game resource	游戏 UI、场景、图标或玩法资源
assets/res/app/monster_tower/10/door.png	game resource	游戏 UI、场景、图标或玩法资源
assets/res/app/monster_tower/11/bg.png	game resource	游戏 UI、场景、图标或玩法资源
assets/res/app/monster_tower/11/door.png	game resource	游戏 UI、场景、图标或玩法资源
assets/res/app/monster_tower/12/bg.png	game resource	游戏 UI、场景、图标或玩法资源
assets/res/app/monster_tower/13/bg.png	game resource	游戏 UI、场景、图标或玩法资源
assets/res/app/monster_tower/13/door.png	game resource	游戏 UI、场景、图标或玩法资源
assets/res/app/monster_tower/13/door1.png	game resource	游戏 UI、场景、图标或玩法资源
assets/res/app/monster_tower/13/door2.png	game resource	游戏 UI、场景、图标或玩法资源
assets/res/app/monster_tower/14/bg.png	game resource	游戏 UI、场景、图标或玩法资源
assets/res/app/monster_tower/14/door.png	game resource	游戏 UI、场景、图标或玩法资源
assets/res/app/monster_tower/2/bg.png	game resource	游戏 UI、场景、图标或玩法资源
assets/res/app/monster_tower/2/door.png	game resource	游戏 UI、场景、图标或玩法资源
assets/res/app/monster_tower/3/bg.png	game resource	游戏 UI、场景、图标或玩法资源
assets/res/app/monster_tower/3/door.png	game resource	游戏 UI、场景、图标或玩法资源
assets/res/app/monster_tower/4/bg.png	game resource	游戏 UI、场景、图标或玩法资源
assets/res/app/monster_tower/4/door.png	game resource	游戏 UI、场景、图标或玩法资源
assets/res/app/monster_tower/5/bg.png	game resource	游戏 UI、场景、图标或玩法资源
assets/res/app/monster_tower/5/door.png	game resource	游戏 UI、场景、图标或玩法资源
assets/res/app/monster_tower/6/back.png	game resource	游戏 UI、场景、图标或玩法资源
assets/res/app/monster_tower/6/front.png	game resource	游戏 UI、场景、图标或玩法资源
assets/res/app/monster_tower/6/halo.png	game resource	游戏 UI、场景、图标或玩法资源
assets/res/app/monster_tower/7/bg.png	game resource	游戏 UI、场景、图标或玩法资源
assets/res/app/monster_tower/7/door.png	game resource	游戏 UI、场景、图标或玩法资源
assets/res/app/monster_tower/8/back.png	game resource	游戏 UI、场景、图标或玩法资源
assets/res/app/monster_tower/8/front.png	game resource	游戏 UI、场景、图标或玩法资源
assets/res/app/monster_tower/8/halo.png	game resource	游戏 UI、场景、图标或玩法资源
assets/res/app/monster_tower/9/bg.png	game resource	游戏 UI、场景、图标或玩法资源
assets/res/app/monster_tower/9/door.png	game resource	游戏 UI、场景、图标或玩法资源
assets/res/app/new_fellow/1.png	game resource	游戏 UI、场景、图标或玩法资源
assets/res/app/new_fellow/2.png	game resource	游戏 UI、场景、图标或玩法资源
assets/res/app/new_fellow/3.png	game resource	游戏 UI、场景、图标或玩法资源
assets/res/app/new_fellow/4.png	game resource	游戏 UI、场景、图标或玩法资源
assets/res/app/new_fellow/5.png	game resource	游戏 UI、场景、图标或玩法资源
assets/res/app/new_fellow/6.png	game resource	游戏 UI、场景、图标或玩法资源
assets/res/app/new_fellow/bg.jpg	game resource	游戏 UI、场景、图标或玩法资源
assets/res/app/new_fellow/bg_name.png	game resource	游戏 UI、场景、图标或玩法资源
assets/res/app/new_fellow/cloud.png	game resource	游戏 UI、场景、图标或玩法资源
assets/res/app/new_fellow/ground.png	game resource	游戏 UI、场景、图标或玩法资源
assets/res/app/new_fellow/intro.png	game resource	游戏 UI、场景、图标或玩法资源
assets/res/app/new_fellow/monkey.png	game resource	游戏 UI、场景、图标或玩法资源
assets/res/app/new_fellow/new_fellow1.plist	game resource	游戏 UI、场景、图标或玩法资源
assets/res/app/new_fellow/new_fellow1.png	game resource	游戏 UI、场景、图标或玩法资源
assets/res/app/new_fellow/new_fellow2.plist	game resource	游戏 UI、场景、图标或玩法资源
assets/res/app/new_fellow/new_fellow2.png	game resource	游戏 UI、场景、图标或玩法资源
assets/res/app/new_fellow/new_fellow3.plist	game resource	游戏 UI、场景、图标或玩法资源
assets/res/app/new_fellow/new_fellow3.png	game resource	游戏 UI、场景、图标或玩法资源
assets/res/app/new_fellow/note.plist	game resource	游戏 UI、场景、图标或玩法资源
assets/res/app/new_fellow/note.png	game resource	游戏 UI、场景、图标或玩法资源
assets/res/app/new_fellow/title.png	game resource	游戏 UI、场景、图标或玩法资源
assets/res/app/new_fellow/tx_summon.plist	game resource	游戏 UI、场景、图标或玩法资源
assets/res/app/new_fellow/tx_summon.png	game resource	游戏 UI、场景、图标或玩法资源
assets/res/app/new_year/bg_duanwu.png	game resource	游戏 UI、场景、图标或玩法资源
assets/res/app/new_year/bg_newyear.png	game resource	游戏 UI、场景、图标或玩法资源
assets/res/app/new_year/frame1.png	game resource	游戏 UI、场景、图标或玩法资源
assets/res/app/new_year/frame2.png	game resource	游戏 UI、场景、图标或玩法资源
assets/res/app/new_year/frame3.png	game resource	游戏 UI、场景、图标或玩法资源
assets/res/app/new_year/frame4.png	game resource	游戏 UI、场景、图标或玩法资源
assets/res/app/new_year/icon_adventure.png	game resource	游戏 UI、场景、图标或玩法资源
assets/res/app/new_year/icon_buddha.png	game resource	游戏 UI、场景、图标或玩法资源
assets/res/app/new_year/icon_collect.png	game resource	游戏 UI、场景、图标或玩法资源
assets/res/app/new_year/icon_gift.png	game resource	游戏 UI、场景、图标或玩法资源
assets/res/app/new_year/icon_newyear.png	game resource	游戏 UI、场景、图标或玩法资源
assets/res/app/new_year/icon_nian1.png	game resource	游戏 UI、场景、图标或玩法资源
assets/res/app/new_year/icon_nian3.png	game resource	游戏 UI、场景、图标或玩法资源
assets/res/app/new_year/icon_packet1.png	game resource	游戏 UI、场景、图标或玩法资源
assets/res/app/new_year/icon_packet3.png	game resource	游戏 UI、场景、图标或玩法资源
assets/res/app/new_year/icon_spin.png	game resource	游戏 UI、场景、图标或玩法资源
assets/res/app/new_year/label1.png	game resource	游戏 UI、场景、图标或玩法资源
assets/res/app/new_year/label4.png	game resource	游戏 UI、场景、图标或玩法资源
assets/res/app/new_year/light_buddha.png	game resource	游戏 UI、场景、图标或玩法资源
assets/res/app/new_year/light_packet.png	game resource	游戏 UI、场景、图标或玩法资源
assets/res/app/new_year/line.png	game resource	游戏 UI、场景、图标或玩法资源
assets/res/app/new_year/place/bomb_duanwu1.png	game resource	游戏 UI、场景、图标或玩法资源
assets/res/app/new_year/place/bomb_duanwu2.png	game resource	游戏 UI、场景、图标或玩法资源
assets/res/app/new_year/place/bomb_nian1.png	game resource	游戏 UI、场景、图标或玩法资源
assets/res/app/new_year/place/bomb_nian2.png	game resource	游戏 UI、场景、图标或玩法资源
assets/res/app/new_year/place/bomb_remind.png	game resource	游戏 UI、场景、图标或玩法资源
assets/res/app/new_year/place/box1.png	game resource	游戏 UI、场景、图标或玩法资源
assets/res/app/new_year/place/box2.png	game resource	游戏 UI、场景、图标或玩法资源
assets/res/app/new_year/place/bt-2.png	game resource	游戏 UI、场景、图标或玩法资源
assets/res/app/new_year/place/bt.png	game resource	游戏 UI、场景、图标或玩法资源
assets/res/app/new_year/place/cost_peach.png	game resource	游戏 UI、场景、图标或玩法资源
assets/res/app/new_year/place/dps_duanwu.png	game resource	游戏 UI、场景、图标或玩法资源
assets/res/app/new_year/place/dps_nian.png	game resource	游戏 UI、场景、图标或玩法资源
assets/res/app/new_year/place/duanwu_bg1.png	game resource	游戏 UI、场景、图标或玩法资源
assets/res/app/new_year/place/duanwu_bg2.png	game resource	游戏 UI、场景、图标或玩法资源
assets/res/app/new_year/place/duanwu_bg3.png	game resource	游戏 UI、场景、图标或玩法资源
assets/res/app/new_year/place/frame282_116.png	game resource	游戏 UI、场景、图标或玩法资源
assets/res/app/new_year/place/inspire.png	game resource	游戏 UI、场景、图标或玩法资源
assets/res/app/new_year/place/inspire2.png	game resource	游戏 UI、场景、图标或玩法资源
assets/res/app/new_year/place/outside.png	game resource	游戏 UI、场景、图标或玩法资源
assets/res/app/new_year/place/place_bg1.png	game resource	游戏 UI、场景、图标或玩法资源
assets/res/app/new_year/place/place_bg_duanwu.png	game resource	游戏 UI、场景、图标或玩法资源
assets/res/app/new_year/place/place_bg_nian.png	game resource	游戏 UI、场景、图标或玩法资源
assets/res/app/new_year/place/pre_reward.png	game resource	游戏 UI、场景、图标或玩法资源
assets/res/app/new_year/place/rewardBtn_1.png	game resource	游戏 UI、场景、图标或玩法资源
assets/res/app/new_year/place/rewardBtn_1h.png	game resource	游戏 UI、场景、图标或玩法资源
assets/res/app/new_year/place/rewardBtn_2.png	game resource	游戏 UI、场景、图标或玩法资源
assets/res/app/new_year/place/rewardBtn_2h.png	game resource	游戏 UI、场景、图标或玩法资源
assets/res/app/new_year/place/sum_harm_duanwu.png	game resource	游戏 UI、场景、图标或玩法资源
assets/res/app/new_year/place/sum_harm_nian.png	game resource	游戏 UI、场景、图标或玩法资源
assets/res/app/new_year/place/tab_btn1.png	game resource	游戏 UI、场景、图标或玩法资源
assets/res/app/new_year/place/tab_btn1_h.png	game resource	游戏 UI、场景、图标或玩法资源
assets/res/app/new_year/place/tab_btn2.png	game resource	游戏 UI、场景、图标或玩法资源
assets/res/app/new_year/place/tab_btn2_h.png	game resource	游戏 UI、场景、图标或玩法资源
assets/res/app/new_year/place/timer.png	game resource	游戏 UI、场景、图标或玩法资源
assets/res/app/new_year/place/title.png	game resource	游戏 UI、场景、图标或玩法资源
assets/res/app/new_year/place/top3_duanwu.png	game resource	游戏 UI、场景、图标或玩法资源
assets/res/app/new_year/place/top3_nian.png	game resource	游戏 UI、场景、图标或玩法资源
assets/res/app/new_year/title_buddha.png	game resource	游戏 UI、场景、图标或玩法资源
assets/res/app/new_year/ui_new_year.plist	game resource	游戏 UI、场景、图标或玩法资源
assets/res/app/new_year/ui_new_year.png	game resource	游戏 UI、场景、图标或玩法资源
assets/res/app/new_year/ui_red_packet.plist	game resource	游戏 UI、场景、图标或玩法资源
assets/res/app/new_year/ui_red_packet.png	game resource	游戏 UI、场景、图标或玩法资源
assets/res/app/new_year/ui_zongzi.plist	game resource	游戏 UI、场景、图标或玩法资源
assets/res/app/new_year/ui_zongzi.png	game resource	游戏 UI、场景、图标或玩法资源
assets/res/app/notice/1.png	game resource	游戏 UI、场景、图标或玩法资源
assets/res/app/notice/2.png	game resource	游戏 UI、场景、图标或玩法资源
assets/res/app/notice/check_off.png	game resource	游戏 UI、场景、图标或玩法资源
assets/res/app/notice/check_on.png	game resource	游戏 UI、场景、图标或玩法资源
assets/res/app/notice/content_bg.png	game resource	游戏 UI、场景、图标或玩法资源
assets/res/app/notice/label.png	game resource	游戏 UI、场景、图标或玩法资源
assets/res/app/notice/loading.png	game resource	游戏 UI、场景、图标或玩法资源
assets/res/app/notice/title.png	game resource	游戏 UI、场景、图标或玩法资源
assets/res/app/novice_guide/1.png	game resource	游戏 UI、场景、图标或玩法资源
assets/res/app/novice_guide/2.png	game resource	游戏 UI、场景、图标或玩法资源
assets/res/app/novice_guide/arrow.png	game resource	游戏 UI、场景、图标或玩法资源
assets/res/app/novice_guide/auto_guide1.png	game resource	游戏 UI、场景、图标或玩法资源
assets/res/app/novice_guide/auto_guide2.png	game resource	游戏 UI、场景、图标或玩法资源
assets/res/app/novice_guide/card1.png	game resource	游戏 UI、场景、图标或玩法资源
assets/res/app/novice_guide/card2.png	game resource	游戏 UI、场景、图标或玩法资源
assets/res/app/novice_guide/circle.png	game resource	游戏 UI、场景、图标或玩法资源
assets/res/app/novice_guide/finger.png	game resource	游戏 UI、场景、图标或玩法资源
assets/res/app/novice_guide/guide_bg.png	game resource	游戏 UI、场景、图标或玩法资源
assets/res/app/novice_guide/guide_click_map.csv	game resource	游戏 UI、场景、图标或玩法资源
assets/res/app/novice_guide/new_function.png	game resource	游戏 UI、场景、图标或玩法资源
assets/res/app/opening_comic/bg_frame.png	game resource	游戏 UI、场景、图标或玩法资源
assets/res/app/opening_comic/comic1/comic11.png	game resource	游戏 UI、场景、图标或玩法资源
assets/res/app/opening_comic/comic1/comic11_pic1.png	game resource	游戏 UI、场景、图标或玩法资源
assets/res/app/opening_comic/comic1/comic11_tx.plist	game resource	游戏 UI、场景、图标或玩法资源
assets/res/app/opening_comic/comic1/comic11_tx.png	game resource	游戏 UI、场景、图标或玩法资源
assets/res/app/opening_comic/comic1/comic12.png	game resource	游戏 UI、场景、图标或玩法资源
assets/res/app/opening_comic/comic1/comic12_pic1.png	game resource	游戏 UI、场景、图标或玩法资源
assets/res/app/opening_comic/comic1/comic12_tip.png	game resource	游戏 UI、场景、图标或玩法资源
assets/res/app/opening_comic/comic1/comic12_tx.plist	game resource	游戏 UI、场景、图标或玩法资源
assets/res/app/opening_comic/comic1/comic12_tx.png	game resource	游戏 UI、场景、图标或玩法资源
assets/res/app/opening_comic/comic1/comic13.png	game resource	游戏 UI、场景、图标或玩法资源
assets/res/app/opening_comic/comic1/comic13_pic1.png	game resource	游戏 UI、场景、图标或玩法资源
assets/res/app/opening_comic/comic1/comic13_tip.png	game resource	游戏 UI、场景、图标或玩法资源
assets/res/app/opening_comic/comic1/comic13_tx.plist	game resource	游戏 UI、场景、图标或玩法资源
assets/res/app/opening_comic/comic1/comic13_tx.png	game resource	游戏 UI、场景、图标或玩法资源
assets/res/app/opening_comic/comic1/yezi1.png	game resource	游戏 UI、场景、图标或玩法资源
assets/res/app/opening_comic/comic1/yezi_tx.plist	game resource	游戏 UI、场景、图标或玩法资源
assets/res/app/opening_comic/comic1/yezi_tx.png	game resource	游戏 UI、场景、图标或玩法资源
assets/res/app/opening_comic/comic2/blink1.png	game resource	游戏 UI、场景、图标或玩法资源
assets/res/app/opening_comic/comic2/comic21.png	game resource	游戏 UI、场景、图标或玩法资源
assets/res/app/opening_comic/comic2/comic21_tip.png	game resource	游戏 UI、场景、图标或玩法资源
assets/res/app/opening_comic/comic2/comic22.png	game resource	游戏 UI、场景、图标或玩法资源
assets/res/app/opening_comic/comic2/comic22_tip.png	game resource	游戏 UI、场景、图标或玩法资源
assets/res/app/opening_comic/comic2/comic22_tx.plist	game resource	游戏 UI、场景、图标或玩法资源
assets/res/app/opening_comic/comic2/comic22_tx.png	game resource	游戏 UI、场景、图标或玩法资源
assets/res/app/opening_comic/comic2/comic23_pic1.png	game resource	游戏 UI、场景、图标或玩法资源
assets/res/app/opening_comic/comic2/comic23_tx.plist	game resource	游戏 UI、场景、图标或玩法资源
assets/res/app/opening_comic/comic2/comic23_tx.png	game resource	游戏 UI、场景、图标或玩法资源
assets/res/app/opening_comic/comic3/chandou1.png	game resource	游戏 UI、场景、图标或玩法资源
assets/res/app/opening_comic/comic3/comic31.png	game resource	游戏 UI、场景、图标或玩法资源
assets/res/app/opening_comic/comic3/comic31_tx1.plist	game resource	游戏 UI、场景、图标或玩法资源
assets/res/app/opening_comic/comic3/comic31_tx1.png	game resource	游戏 UI、场景、图标或玩法资源
assets/res/app/opening_comic/comic3/comic31_tx2.plist	game resource	游戏 UI、场景、图标或玩法资源
assets/res/app/opening_comic/comic3/comic31_tx2.png	game resource	游戏 UI、场景、图标或玩法资源
assets/res/app/opening_comic/comic3/qingjin1.png	game resource	游戏 UI、场景、图标或玩法资源
assets/res/app/opening_comic/comic3/tip1.png	game resource	游戏 UI、场景、图标或玩法资源
assets/res/app/opening_comic/comic3/tip2.png	game resource	游戏 UI、场景、图标或玩法资源
assets/res/app/opening_comic/comic3/tip3.png	game resource	游戏 UI、场景、图标或玩法资源
assets/res/app/opening_comic/comic3/tip4.png	game resource	游戏 UI、场景、图标或玩法资源
assets/res/app/opening_comic/comic4/comic41.png	game resource	游戏 UI、场景、图标或玩法资源
assets/res/app/opening_comic/comic4/comic410.png	game resource	游戏 UI、场景、图标或玩法资源
assets/res/app/opening_comic/comic4/comic410_tip.png	game resource	游戏 UI、场景、图标或玩法资源
assets/res/app/opening_comic/comic4/comic410_tx.plist	game resource	游戏 UI、场景、图标或玩法资源
assets/res/app/opening_comic/comic4/comic410_tx.png	game resource	游戏 UI、场景、图标或玩法资源
assets/res/app/opening_comic/comic4/comic411.png	game resource	游戏 UI、场景、图标或玩法资源
assets/res/app/opening_comic/comic4/comic411_pic1.png	game resource	游戏 UI、场景、图标或玩法资源
assets/res/app/opening_comic/comic4/comic411_tip.png	game resource	游戏 UI、场景、图标或玩法资源
assets/res/app/opening_comic/comic4/comic411_tx.plist	game resource	游戏 UI、场景、图标或玩法资源
assets/res/app/opening_comic/comic4/comic411_tx.png	game resource	游戏 UI、场景、图标或玩法资源
assets/res/app/opening_comic/comic4/comic412.png	game resource	游戏 UI、场景、图标或玩法资源
assets/res/app/opening_comic/comic4/comic412_tip.png	game resource	游戏 UI、场景、图标或玩法资源
assets/res/app/opening_comic/comic4/comic412_tx.plist	game resource	游戏 UI、场景、图标或玩法资源
assets/res/app/opening_comic/comic4/comic412_tx.png	game resource	游戏 UI、场景、图标或玩法资源
assets/res/app/opening_comic/comic4/comic41_first.png	game resource	游戏 UI、场景、图标或玩法资源
assets/res/app/opening_comic/comic4/comic41_tx.plist	game resource	游戏 UI、场景、图标或玩法资源
assets/res/app/opening_comic/comic4/comic41_tx.png	game resource	游戏 UI、场景、图标或玩法资源
assets/res/app/opening_comic/comic4/comic42.png	game resource	游戏 UI、场景、图标或玩法资源
assets/res/app/opening_comic/comic4/comic42_first.png	game resource	游戏 UI、场景、图标或玩法资源
assets/res/app/opening_comic/comic4/comic42_tx.plist	game resource	游戏 UI、场景、图标或玩法资源
assets/res/app/opening_comic/comic4/comic42_tx.png	game resource	游戏 UI、场景、图标或玩法资源
assets/res/app/opening_comic/comic4/comic43.png	game resource	游戏 UI、场景、图标或玩法资源
assets/res/app/opening_comic/comic4/comic43_first.png	game resource	游戏 UI、场景、图标或玩法资源
assets/res/app/opening_comic/comic4/comic43_tx.plist	game resource	游戏 UI、场景、图标或玩法资源
assets/res/app/opening_comic/comic4/comic43_tx.png	game resource	游戏 UI、场景、图标或玩法资源
assets/res/app/opening_comic/comic4/comic44.png	game resource	游戏 UI、场景、图标或玩法资源
assets/res/app/opening_comic/comic4/comic44_first.png	game resource	游戏 UI、场景、图标或玩法资源
assets/res/app/opening_comic/comic4/comic44_tx.plist	game resource	游戏 UI、场景、图标或玩法资源
assets/res/app/opening_comic/comic4/comic44_tx.png	game resource	游戏 UI、场景、图标或玩法资源
assets/res/app/opening_comic/comic4/comic45.png	game resource	游戏 UI、场景、图标或玩法资源
assets/res/app/opening_comic/comic4/comic45_tip.png	game resource	游戏 UI、场景、图标或玩法资源
assets/res/app/opening_comic/comic4/comic45_tx.plist	game resource	游戏 UI、场景、图标或玩法资源
assets/res/app/opening_comic/comic4/comic45_tx.png	game resource	游戏 UI、场景、图标或玩法资源
assets/res/app/opening_comic/comic4/comic46.png	game resource	游戏 UI、场景、图标或玩法资源
assets/res/app/opening_comic/comic4/comic46_pic1.png	game resource	游戏 UI、场景、图标或玩法资源
assets/res/app/opening_comic/comic4/comic46_tip.png	game resource	游戏 UI、场景、图标或玩法资源
assets/res/app/opening_comic/comic4/comic46_tx.plist	game resource	游戏 UI、场景、图标或玩法资源
assets/res/app/opening_comic/comic4/comic46_tx.png	game resource	游戏 UI、场景、图标或玩法资源
assets/res/app/opening_comic/comic4/comic47.png	game resource	游戏 UI、场景、图标或玩法资源
assets/res/app/opening_comic/comic4/comic47_tip.png	game resource	游戏 UI、场景、图标或玩法资源
assets/res/app/opening_comic/comic4/comic47_tx.plist	game resource	游戏 UI、场景、图标或玩法资源
assets/res/app/opening_comic/comic4/comic47_tx.png	game resource	游戏 UI、场景、图标或玩法资源
assets/res/app/opening_comic/comic4/comic48.png	game resource	游戏 UI、场景、图标或玩法资源
assets/res/app/opening_comic/comic4/comic48_tip.png	game resource	游戏 UI、场景、图标或玩法资源
assets/res/app/opening_comic/comic4/comic48_tx.plist	game resource	游戏 UI、场景、图标或玩法资源
assets/res/app/opening_comic/comic4/comic48_tx.png	game resource	游戏 UI、场景、图标或玩法资源
assets/res/app/opening_comic/comic4/comic49.png	game resource	游戏 UI、场景、图标或玩法资源
assets/res/app/opening_comic/comic4/comic49_tip.png	game resource	游戏 UI、场景、图标或玩法资源
assets/res/app/opening_comic/comic4/comic49_tx.plist	game resource	游戏 UI、场景、图标或玩法资源
assets/res/app/opening_comic/comic4/comic49_tx.png	game resource	游戏 UI、场景、图标或玩法资源
assets/res/app/opening_comic/comic5/comic51.png	game resource	游戏 UI、场景、图标或玩法资源
assets/res/app/opening_comic/comic5/comic51_tip.png	game resource	游戏 UI、场景、图标或玩法资源
assets/res/app/opening_comic/comic5/comic51_tx.plist	game resource	游戏 UI、场景、图标或玩法资源
assets/res/app/opening_comic/comic5/comic51_tx.png	game resource	游戏 UI、场景、图标或玩法资源
assets/res/app/opening_comic/comic6/comic61.png	game resource	游戏 UI、场景、图标或玩法资源
assets/res/app/opening_comic/comic6/comic61_tip.png	game resource	游戏 UI、场景、图标或玩法资源
assets/res/app/opening_comic/comic6/comic62.png	game resource	游戏 UI、场景、图标或玩法资源
assets/res/app/opening_comic/comic6/comic62_tx.plist	game resource	游戏 UI、场景、图标或玩法资源
assets/res/app/opening_comic/comic6/comic62_tx.png	game resource	游戏 UI、场景、图标或玩法资源
assets/res/app/opening_comic/comic6/comic63.png	game resource	游戏 UI、场景、图标或玩法资源
assets/res/app/opening_comic/comic6/comic63_tip.png	game resource	游戏 UI、场景、图标或玩法资源
assets/res/app/opening_comic/comic6/comic63_tx.plist	game resource	游戏 UI、场景、图标或玩法资源
assets/res/app/opening_comic/comic6/comic63_tx.png	game resource	游戏 UI、场景、图标或玩法资源
assets/res/app/opening_comic/comic6/comic64.png	game resource	游戏 UI、场景、图标或玩法资源
assets/res/app/opening_comic/comic6/comic64_tip.png	game resource	游戏 UI、场景、图标或玩法资源
assets/res/app/opening_comic/comic6/comic64_tx.plist	game resource	游戏 UI、场景、图标或玩法资源
assets/res/app/opening_comic/comic6/comic64_tx.png	game resource	游戏 UI、场景、图标或玩法资源
assets/res/app/opening_comic/comic6/comic65.png	game resource	游戏 UI、场景、图标或玩法资源
assets/res/app/opening_comic/comic6/comic65_pic1.png	game resource	游戏 UI、场景、图标或玩法资源
assets/res/app/opening_comic/comic6/comic65_tip.png	game resource	游戏 UI、场景、图标或玩法资源
assets/res/app/opening_comic/comic6/comic65_tx.plist	game resource	游戏 UI、场景、图标或玩法资源
assets/res/app/opening_comic/comic6/comic65_tx.png	game resource	游戏 UI、场景、图标或玩法资源
assets/res/app/opening_comic/comic7/comic71.png	game resource	游戏 UI、场景、图标或玩法资源
assets/res/app/opening_comic/guangxian.png	game resource	游戏 UI、场景、图标或玩法资源
assets/res/app/opening_comic/moon_box/bg1.png	game resource	游戏 UI、场景、图标或玩法资源
assets/res/app/opening_comic/moon_box/bg2.png	game resource	游戏 UI、场景、图标或玩法资源
assets/res/app/opening_comic/moon_box/bg3.png	game resource	游戏 UI、场景、图标或玩法资源
assets/res/app/opening_comic/moon_box/black.png	game resource	游戏 UI、场景、图标或玩法资源
assets/res/app/opening_comic/moon_box/eye.png	game resource	游戏 UI、场景、图标或玩法资源
assets/res/app/opening_comic/moon_box/npc1.png	game resource	游戏 UI、场景、图标或玩法资源
assets/res/app/opening_comic/moon_box/npc2.png	game resource	游戏 UI、场景、图标或玩法资源
assets/res/app/opening_comic/moon_box/npc3.png	game resource	游戏 UI、场景、图标或玩法资源
assets/res/app/opening_comic/moon_box/text1.png	game resource	游戏 UI、场景、图标或玩法资源
assets/res/app/opening_comic/moon_box/text2.png	game resource	游戏 UI、场景、图标或玩法资源
assets/res/app/opening_comic/moon_box/text3.png	game resource	游戏 UI、场景、图标或玩法资源
assets/res/app/opening_comic/moon_box/text4.png	game resource	游戏 UI、场景、图标或玩法资源
assets/res/app/opening_comic/moon_box/text5.png	game resource	游戏 UI、场景、图标或玩法资源
assets/res/app/opening_comic/moon_box/yueguangbaohe/yueguangbaohe.csb	game resource	游戏 UI、场景、图标或玩法资源
assets/res/app/opening_comic/moon_box/yueguangbaohe/yueguangbaohe0.plist	game resource	游戏 UI、场景、图标或玩法资源
assets/res/app/opening_comic/moon_box/yueguangbaohe/yueguangbaohe0.png	game resource	游戏 UI、场景、图标或玩法资源
assets/res/app/opening_comic/moon_comic/comic1.png	game resource	游戏 UI、场景、图标或玩法资源
assets/res/app/opening_comic/moon_comic/comic2.png	game resource	游戏 UI、场景、图标或玩法资源
assets/res/app/opening_comic/moon_comic/comic3.png	game resource	游戏 UI、场景、图标或玩法资源
assets/res/app/opening_comic/moon_comic/comic4.png	game resource	游戏 UI、场景、图标或玩法资源
assets/res/app/opening_comic/moon_comic/comic5.png	game resource	游戏 UI、场景、图标或玩法资源
assets/res/app/opening_comic/tangsengzhengyan/tangsengzhengyan.csb	game resource	游戏 UI、场景、图标或玩法资源
assets/res/app/opening_comic/tangsengzhengyan/tangsengzhengyan0.plist	game resource	游戏 UI、场景、图标或玩法资源
assets/res/app/opening_comic/tangsengzhengyan/tangsengzhengyan0.png	game resource	游戏 UI、场景、图标或玩法资源
assets/res/app/opening_comic/tiankong.png	game resource	游戏 UI、场景、图标或玩法资源
assets/res/app/opening_comic/tip1.png	game resource	游戏 UI、场景、图标或玩法资源
assets/res/app/opening_comic/tip2.png	game resource	游戏 UI、场景、图标或玩法资源
assets/res/app/package/bottom.png	game resource	游戏 UI、场景、图标或玩法资源
assets/res/app/package/btn_add.png	game resource	游戏 UI、场景、图标或玩法资源
assets/res/app/package/btn_obtain_d.png	game resource	游戏 UI、场景、图标或玩法资源
assets/res/app/package/btn_obtain_n.png	game resource	游戏 UI、场景、图标或玩法资源
assets/res/app/package/btn_obtain_p.png	game resource	游戏 UI、场景、图标或玩法资源
assets/res/app/package/img_01.png	game resource	游戏 UI、场景、图标或玩法资源
assets/res/app/package/img_02.png	game resource	游戏 UI、场景、图标或玩法资源
assets/res/app/package/img_splitline.png	game resource	游戏 UI、场景、图标或玩法资源
assets/res/app/package/img_title_01.png	game resource	游戏 UI、场景、图标或玩法资源
assets/res/app/package/img_title_02.png	game resource	游戏 UI、场景、图标或玩法资源
assets/res/app/package/label_info.png	game resource	游戏 UI、场景、图标或玩法资源
assets/res/app/purgatory/bar_bg.png	game resource	游戏 UI、场景、图标或玩法资源
assets/res/app/purgatory/bar_frame.png	game resource	游戏 UI、场景、图标或玩法资源
assets/res/app/purgatory/bar_pro1.png	game resource	游戏 UI、场景、图标或玩法资源
assets/res/app/purgatory/bar_pro2.png	game resource	游戏 UI、场景、图标或玩法资源
assets/res/app/purgatory/bar_pro3.png	game resource	游戏 UI、场景、图标或玩法资源
assets/res/app/purgatory/bar_pro4.png	game resource	游戏 UI、场景、图标或玩法资源
assets/res/app/purgatory/bar_pro5.png	game resource	游戏 UI、场景、图标或玩法资源
assets/res/app/purgatory/bar_pro6.png	game resource	游戏 UI、场景、图标或玩法资源
assets/res/app/purgatory/bar_pro7.png	game resource	游戏 UI、场景、图标或玩法资源
assets/res/app/purgatory/bar_pro8.png	game resource	游戏 UI、场景、图标或玩法资源
assets/res/app/purgatory/bar_pro9.png	game resource	游戏 UI、场景、图标或玩法资源
assets/res/app/purgatory/bg.png	game resource	游戏 UI、场景、图标或玩法资源
assets/res/app/purgatory/boss.png	game resource	游戏 UI、场景、图标或玩法资源
assets/res/app/purgatory/coin_bg.png	game resource	游戏 UI、场景、图标或玩法资源
assets/res/app/purgatory/fight_btn.png	game resource	游戏 UI、场景、图标或玩法资源
assets/res/app/purgatory/pass_tip.png	game resource	游戏 UI、场景、图标或玩法资源
assets/res/app/purgatory/purgatory_no.plist	game resource	游戏 UI、场景、图标或玩法资源
assets/res/app/purgatory/purgatory_no.png	game resource	游戏 UI、场景、图标或玩法资源
assets/res/app/purgatory/rule_award.png	game resource	游戏 UI、场景、图标或玩法资源
assets/res/app/purgatory/rule_str.png	game resource	游戏 UI、场景、图标或玩法资源
assets/res/app/purgatory/rule_title.png	game resource	游戏 UI、场景、图标或玩法资源
assets/res/app/pvp/award.png	game resource	游戏 UI、场景、图标或玩法资源
assets/res/app/pvp/detail_bg.png	game resource	游戏 UI、场景、图标或玩法资源
assets/res/app/pvp/fight_icon.png	game resource	游戏 UI、场景、图标或玩法资源
assets/res/app/pvp/frame.png	game resource	游戏 UI、场景、图标或玩法资源
assets/res/app/pvp/guard_str.png	game resource	游戏 UI、场景、图标或玩法资源
assets/res/app/pvp/line.png	game resource	游戏 UI、场景、图标或玩法资源
assets/res/app/pvp/log_bg.png	game resource	游戏 UI、场景、图标或玩法资源
assets/res/app/pvp/lose.png	game resource	游戏 UI、场景、图标或玩法资源
assets/res/app/pvp/num_bg.png	game resource	游戏 UI、场景、图标或玩法资源
assets/res/app/pvp/rank.png	game resource	游戏 UI、场景、图标或玩法资源
assets/res/app/pvp/rank_str.png	game resource	游戏 UI、场景、图标或玩法资源
assets/res/app/pvp/record_bg.png	game resource	游戏 UI、场景、图标或玩法资源
assets/res/app/pvp/revenge.png	game resource	游戏 UI、场景、图标或玩法资源
assets/res/app/pvp/shop.png	game resource	游戏 UI、场景、图标或玩法资源
assets/res/app/pvp/spirit.png	game resource	游戏 UI、场景、图标或玩法资源
assets/res/app/pvp/sword.png	game resource	游戏 UI、场景、图标或玩法资源
assets/res/app/pvp/time_str.png	game resource	游戏 UI、场景、图标或玩法资源
assets/res/app/pvp/update.png	game resource	游戏 UI、场景、图标或玩法资源
assets/res/app/pvp/update1.png	game resource	游戏 UI、场景、图标或玩法资源
assets/res/app/pvp/vs_left.png	game resource	游戏 UI、场景、图标或玩法资源
assets/res/app/pvp/vs_right.png	game resource	游戏 UI、场景、图标或玩法资源
assets/res/app/pvp/win.png	game resource	游戏 UI、场景、图标或玩法资源
assets/res/app/pvp_entrance/lock.png	game resource	游戏 UI、场景、图标或玩法资源
assets/res/app/pvp_entrance/ol_card.png	game resource	游戏 UI、场景、图标或玩法资源
assets/res/app/pvp_entrance/ol_card1.png	game resource	游戏 UI、场景、图标或玩法资源
assets/res/app/pvp_entrance/ol_compete.png	game resource	游戏 UI、场景、图标或玩法资源
assets/res/app/pvp_entrance/ol_compete1.png	game resource	游戏 UI、场景、图标或玩法资源
assets/res/app/pvp_entrance/ol_rank.png	game resource	游戏 UI、场景、图标或玩法资源
assets/res/app/pvp_entrance/ol_rank1.png	game resource	游戏 UI、场景、图标或玩法资源
assets/res/app/pvp_entrance/pvp.png	game resource	游戏 UI、场景、图标或玩法资源
assets/res/app/pvp_entrance/pvp1.png	game resource	游戏 UI、场景、图标或玩法资源
assets/res/app/pvp_entrance/title.png	game resource	游戏 UI、场景、图标或玩法资源
assets/res/app/pvp_ol/abstention.png	game resource	游戏 UI、场景、图标或玩法资源
assets/res/app/pvp_ol/bg.png	game resource	游戏 UI、场景、图标或玩法资源
assets/res/app/pvp_ol/bg_competeInfo.png	game resource	游戏 UI、场景、图标或玩法资源
assets/res/app/pvp_ol/bg_match.png	game resource	游戏 UI、场景、图标或玩法资源
assets/res/app/pvp_ol/bg_rankInfo.png	game resource	游戏 UI、场景、图标或玩法资源
assets/res/app/pvp_ol/bg_ranking.png	game resource	游戏 UI、场景、图标或玩法资源
assets/res/app/pvp_ol/bg_ranking1.png	game resource	游戏 UI、场景、图标或玩法资源
assets/res/app/pvp_ol/bg_shop.png	game resource	游戏 UI、场景、图标或玩法资源
assets/res/app/pvp_ol/bg_top3.png	game resource	游戏 UI、场景、图标或玩法资源
assets/res/app/pvp_ol/cell_reward.png	game resource	游戏 UI、场景、图标或玩法资源
assets/res/app/pvp_ol/enemy.png	game resource	游戏 UI、场景、图标或玩法资源
assets/res/app/pvp_ol/entrance_bg.png	game resource	游戏 UI、场景、图标或玩法资源
assets/res/app/pvp_ol/gi_rank1.png	game resource	游戏 UI、场景、图标或玩法资源
assets/res/app/pvp_ol/gi_rank2.png	game resource	游戏 UI、场景、图标或玩法资源
assets/res/app/pvp_ol/gi_rank3.png	game resource	游戏 UI、场景、图标或玩法资源
assets/res/app/pvp_ol/gi_rank_bg.png	game resource	游戏 UI、场景、图标或玩法资源
assets/res/app/pvp_ol/gi_rank_frame.png	game resource	游戏 UI、场景、图标或玩法资源
assets/res/app/pvp_ol/icon_zoom.png	game resource	游戏 UI、场景、图标或玩法资源
assets/res/app/pvp_ol/line.png	game resource	游戏 UI、场景、图标或玩法资源
assets/res/app/pvp_ol/lose.png	game resource	游戏 UI、场景、图标或玩法资源
assets/res/app/pvp_ol/lose_str.png	game resource	游戏 UI、场景、图标或玩法资源
assets/res/app/pvp_ol/mine.png	game resource	游戏 UI、场景、图标或玩法资源
assets/res/app/pvp_ol/name_bg.png	game resource	游戏 UI、场景、图标或玩法资源
assets/res/app/pvp_ol/name_str.png	game resource	游戏 UI、场景、图标或玩法资源
assets/res/app/pvp_ol/pvp_battle.plist	game resource	游戏 UI、场景、图标或玩法资源
assets/res/app/pvp_ol/pvp_battle.png	game resource	游戏 UI、场景、图标或玩法资源
assets/res/app/pvp_ol/pvp_ol.plist	game resource	游戏 UI、场景、图标或玩法资源
assets/res/app/pvp_ol/pvp_ol.png	game resource	游戏 UI、场景、图标或玩法资源
assets/res/app/pvp_ol/rank_icon.png	game resource	游戏 UI、场景、图标或玩法资源
assets/res/app/pvp_ol/rank_icon1.png	game resource	游戏 UI、场景、图标或玩法资源
assets/res/app/pvp_ol/reward_mask.png	game resource	游戏 UI、场景、图标或玩法资源
assets/res/app/pvp_ol/reward_send.png	game resource	游戏 UI、场景、图标或玩法资源
assets/res/app/pvp_ol/score_enemy.png	game resource	游戏 UI、场景、图标或玩法资源
assets/res/app/pvp_ol/score_my.png	game resource	游戏 UI、场景、图标或玩法资源
assets/res/app/pvp_ol/tab_award_honor.png	game resource	游戏 UI、场景、图标或玩法资源
assets/res/app/pvp_ol/tab_award_honor1.png	game resource	游戏 UI、场景、图标或玩法资源
assets/res/app/pvp_ol/tab_award_rank.png	game resource	游戏 UI、场景、图标或玩法资源
assets/res/app/pvp_ol/tab_award_rank1.png	game resource	游戏 UI、场景、图标或玩法资源
assets/res/app/pvp_ol/tab_award_single.png	game resource	游戏 UI、场景、图标或玩法资源
assets/res/app/pvp_ol/tab_award_single1.png	game resource	游戏 UI、场景、图标或玩法资源
assets/res/app/pvp_ol/title_rank.png	game resource	游戏 UI、场景、图标或玩法资源
assets/res/app/pvp_ol/ui_pvp_level.plist	game resource	游戏 UI、场景、图标或玩法资源
assets/res/app/pvp_ol/ui_pvp_level.png	game resource	游戏 UI、场景、图标或玩法资源
assets/res/app/pvp_ol/ui_pvp_match.plist	game resource	游戏 UI、场景、图标或玩法资源
assets/res/app/pvp_ol/ui_pvp_match.png	game resource	游戏 UI、场景、图标或玩法资源
assets/res/app/pvp_ol/victory.png	game resource	游戏 UI、场景、图标或玩法资源
assets/res/app/pvp_ol/win.png	game resource	游戏 UI、场景、图标或玩法资源
assets/res/app/pvp_ol/win_str.png	game resource	游戏 UI、场景、图标或玩法资源
assets/res/app/pvp_ol/winning_streak.png	game resource	游戏 UI、场景、图标或玩法资源
assets/res/app/ranking/bg.png	game resource	游戏 UI、场景、图标或玩法资源
assets/res/app/ranking/bg_info.png	game resource	游戏 UI、场景、图标或玩法资源
assets/res/app/ranking/bg_team.png	game resource	游戏 UI、场景、图标或玩法资源
assets/res/app/ranking/bg_vip.png	game resource	游戏 UI、场景、图标或玩法资源
assets/res/app/ranking/img_bottom.png	game resource	游戏 UI、场景、图标或玩法资源
assets/res/app/ranking/rank1.png	game resource	游戏 UI、场景、图标或玩法资源
assets/res/app/ranking/rank2.png	game resource	游戏 UI、场景、图标或玩法资源
assets/res/app/ranking/rank3.png	game resource	游戏 UI、场景、图标或玩法资源
assets/res/app/ranking/tab_btn1.png	game resource	游戏 UI、场景、图标或玩法资源
assets/res/app/ranking/tab_btn1_h.png	game resource	游戏 UI、场景、图标或玩法资源
assets/res/app/ranking/tab_btn2.png	game resource	游戏 UI、场景、图标或玩法资源
assets/res/app/ranking/tab_btn2_h.png	game resource	游戏 UI、场景、图标或玩法资源
assets/res/app/ranking/tab_btn3.png	game resource	游戏 UI、场景、图标或玩法资源
assets/res/app/ranking/tab_btn3_h.png	game resource	游戏 UI、场景、图标或玩法资源
assets/res/app/ranking/tab_btn4.png	game resource	游戏 UI、场景、图标或玩法资源
assets/res/app/ranking/tab_btn4_h.png	game resource	游戏 UI、场景、图标或玩法资源
assets/res/app/ranking/tab_btn5.png	game resource	游戏 UI、场景、图标或玩法资源
assets/res/app/ranking/tab_btn5_h.png	game resource	游戏 UI、场景、图标或玩法资源
assets/res/app/ranking/title.png	game resource	游戏 UI、场景、图标或玩法资源
assets/res/app/ranking_award/img_bg_00.png	game resource	游戏 UI、场景、图标或玩法资源
assets/res/app/ranking_award/img_bg_01.png	game resource	游戏 UI、场景、图标或玩法资源
assets/res/app/ranking_award/rank1.png	game resource	游戏 UI、场景、图标或玩法资源
assets/res/app/ranking_award/rank2.png	game resource	游戏 UI、场景、图标或玩法资源
assets/res/app/ranking_award/rank3.png	game resource	游戏 UI、场景、图标或玩法资源
assets/res/app/ranking_award/tab_btn1.png	game resource	游戏 UI、场景、图标或玩法资源
assets/res/app/ranking_award/tab_btn1_h.png	game resource	游戏 UI、场景、图标或玩法资源
assets/res/app/ranking_award/tab_btn2.png	game resource	游戏 UI、场景、图标或玩法资源
assets/res/app/ranking_award/tab_btn2_h.png	game resource	游戏 UI、场景、图标或玩法资源
assets/res/app/ranking_award/tab_btn3.png	game resource	游戏 UI、场景、图标或玩法资源
assets/res/app/ranking_award/tab_btn3_h.png	game resource	游戏 UI、场景、图标或玩法资源
assets/res/app/ranking_award/tab_btn4.png	game resource	游戏 UI、场景、图标或玩法资源
assets/res/app/ranking_award/tab_btn4_h.png	game resource	游戏 UI、场景、图标或玩法资源
assets/res/app/recharge/amounts_peach.png	game resource	游戏 UI、场景、图标或玩法资源
assets/res/app/recharge/box_peach.png	game resource	游戏 UI、场景、图标或玩法资源
assets/res/app/recharge/card1.png	game resource	游戏 UI、场景、图标或玩法资源
assets/res/app/recharge/card2.png	game resource	游戏 UI、场景、图标或玩法资源
assets/res/app/recharge/card3.png	game resource	游戏 UI、场景、图标或玩法资源
assets/res/app/recharge/close.png	game resource	游戏 UI、场景、图标或玩法资源
assets/res/app/recharge/close1.png	game resource	游戏 UI、场景、图标或玩法资源
assets/res/app/recharge/double.png	game resource	游戏 UI、场景、图标或玩法资源
assets/res/app/recharge/first_recharge_bg.png	game resource	游戏 UI、场景、图标或玩法资源
assets/res/app/recharge/get.png	game resource	游戏 UI、场景、图标或玩法资源
assets/res/app/recharge/get1.png	game resource	游戏 UI、场景、图标或玩法资源
assets/res/app/recharge/gift_bg.png	game resource	游戏 UI、场景、图标或玩法资源
assets/res/app/recharge/gift_title.png	game resource	游戏 UI、场景、图标或玩法资源
assets/res/app/recharge/icon_5015.png	game resource	游戏 UI、场景、图标或玩法资源
assets/res/app/recharge/icon_5016.png	game resource	游戏 UI、场景、图标或玩法资源
assets/res/app/recharge/icon_5017.png	game resource	游戏 UI、场景、图标或玩法资源
assets/res/app/recharge/icon_5018.png	game resource	游戏 UI、场景、图标或玩法资源
assets/res/app/recharge/icon_5019.png	game resource	游戏 UI、场景、图标或玩法资源
assets/res/app/recharge/icon_5020.png	game resource	游戏 UI、场景、图标或玩法资源
assets/res/app/recharge/icon_5021.png	game resource	游戏 UI、场景、图标或玩法资源
assets/res/app/recharge/icon_5022.png	game resource	游戏 UI、场景、图标或玩法资源
assets/res/app/recharge/label1.png	game resource	游戏 UI、场景、图标或玩法资源
assets/res/app/recharge/label2.png	game resource	游戏 UI、场景、图标或玩法资源
assets/res/app/recharge/line.png	game resource	游戏 UI、场景、图标或玩法资源
assets/res/app/recharge/name_bg.png	game resource	游戏 UI、场景、图标或玩法资源
assets/res/app/recharge/peach.png	game resource	游戏 UI、场景、图标或玩法资源
assets/res/app/recharge/pile_peach.png	game resource	游戏 UI、场景、图标或玩法资源
assets/res/app/recharge/pile_peach1.png	game resource	游戏 UI、场景、图标或玩法资源
assets/res/app/recharge/pri_tip.png	game resource	游戏 UI、场景、图标或玩法资源
assets/res/app/recharge/price_frame.png	game resource	游戏 UI、场景、图标或玩法资源
assets/res/app/recharge/progress_bar.png	game resource	游戏 UI、场景、图标或玩法资源
assets/res/app/recharge/progress_bg.png	game resource	游戏 UI、场景、图标或玩法资源
assets/res/app/recharge/recharge.png	game resource	游戏 UI、场景、图标或玩法资源
assets/res/app/recharge/recharge1.png	game resource	游戏 UI、场景、图标或玩法资源
assets/res/app/recharge/recharge_icon.png	game resource	游戏 UI、场景、图标或玩法资源
assets/res/app/recharge/several_peach.png	game resource	游戏 UI、场景、图标或玩法资源
assets/res/app/recharge/star.png	game resource	游戏 UI、场景、图标或玩法资源
assets/res/app/recharge/tick.png	game resource	游戏 UI、场景、图标或玩法资源
assets/res/app/recharge/tip.png	game resource	游戏 UI、场景、图标或玩法资源
assets/res/app/recharge/vip0.png	game resource	游戏 UI、场景、图标或玩法资源
assets/res/app/recharge/vip1.png	game resource	游戏 UI、场景、图标或玩法资源
assets/res/app/recharge/vip10.png	game resource	游戏 UI、场景、图标或玩法资源
assets/res/app/recharge/vip11.png	game resource	游戏 UI、场景、图标或玩法资源
assets/res/app/recharge/vip12.png	game resource	游戏 UI、场景、图标或玩法资源
assets/res/app/recharge/vip2.png	game resource	游戏 UI、场景、图标或玩法资源
assets/res/app/recharge/vip3.png	game resource	游戏 UI、场景、图标或玩法资源
assets/res/app/recharge/vip4.png	game resource	游戏 UI、场景、图标或玩法资源
assets/res/app/recharge/vip5.png	game resource	游戏 UI、场景、图标或玩法资源
assets/res/app/recharge/vip6.png	game resource	游戏 UI、场景、图标或玩法资源
assets/res/app/recharge/vip7.png	game resource	游戏 UI、场景、图标或玩法资源
assets/res/app/recharge/vip8.png	game resource	游戏 UI、场景、图标或玩法资源
assets/res/app/recharge/vip9.png	game resource	游戏 UI、场景、图标或玩法资源
assets/res/app/recharge/vip_icon.png	game resource	游戏 UI、场景、图标或玩法资源
assets/res/app/relics/fh_jdlqtdj/fh_jdlqtdj.csb	game resource	游戏 UI、场景、图标或玩法资源
assets/res/app/relics/fh_jdlqtdj/fh_jdlqtdj0.plist	game resource	游戏 UI、场景、图标或玩法资源
assets/res/app/relics/fh_jdlqtdj/fh_jdlqtdj0.png	game resource	游戏 UI、场景、图标或玩法资源
assets/res/app/relics/jcdp_tglqtdj/jcdp_tglqtdj.csb	game resource	游戏 UI、场景、图标或玩法资源
assets/res/app/relics/jcdp_tglqtdj/jcdp_tglqtdj0.plist	game resource	游戏 UI、场景、图标或玩法资源
assets/res/app/relics/jcdp_tglqtdj/jcdp_tglqtdj0.png	game resource	游戏 UI、场景、图标或玩法资源
assets/res/app/relics/jjyj_hltx/jjyj_hltx.csb	game resource	游戏 UI、场景、图标或玩法资源
assets/res/app/relics/jjyj_hltx/jjyj_hltx0.plist	game resource	游戏 UI、场景、图标或玩法资源
assets/res/app/relics/jjyj_hltx/jjyj_hltx0.png	game resource	游戏 UI、场景、图标或玩法资源
assets/res/app/relics/longwangqxtx/longwangqxtx.csb	game resource	游戏 UI、场景、图标或玩法资源
assets/res/app/relics/longwangqxtx/longwangqxtx0.plist	game resource	游戏 UI、场景、图标或玩法资源
assets/res/app/relics/longwangqxtx/longwangqxtx0.png	game resource	游戏 UI、场景、图标或玩法资源
assets/res/app/relics/map/1/1.png	game resource	游戏 UI、场景、图标或玩法资源
assets/res/app/relics/map/1/2.png	game resource	游戏 UI、场景、图标或玩法资源
assets/res/app/relics/map/1/3.png	game resource	游戏 UI、场景、图标或玩法资源
assets/res/app/relics/map/2/1.png	game resource	游戏 UI、场景、图标或玩法资源
assets/res/app/relics/map/2/2.png	game resource	游戏 UI、场景、图标或玩法资源
assets/res/app/relics/map/2/3.png	game resource	游戏 UI、场景、图标或玩法资源
assets/res/app/relics/map/3/1.png	game resource	游戏 UI、场景、图标或玩法资源
assets/res/app/relics/map/3/2.png	game resource	游戏 UI、场景、图标或玩法资源
assets/res/app/relics/map/3/3.png	game resource	游戏 UI、场景、图标或玩法资源
assets/res/app/relics/map/4/1.png	game resource	游戏 UI、场景、图标或玩法资源
assets/res/app/relics/map/4/2.png	game resource	游戏 UI、场景、图标或玩法资源
assets/res/app/relics/map/4/3.png	game resource	游戏 UI、场景、图标或玩法资源
assets/res/app/relics/map/5/1.png	game resource	游戏 UI、场景、图标或玩法资源
assets/res/app/relics/map/5/2.png	game resource	游戏 UI、场景、图标或玩法资源
assets/res/app/relics/map/5/3.png	game resource	游戏 UI、场景、图标或玩法资源
assets/res/app/relics/nrggzbjttx/nrggzbjttx.csb	game resource	游戏 UI、场景、图标或玩法资源
assets/res/app/relics/nrggzbjttx/nrggzbjttx0.plist	game resource	游戏 UI、场景、图标或玩法资源
assets/res/app/relics/nrggzbjttx/nrggzbjttx0.png	game resource	游戏 UI、场景、图标或玩法资源
assets/res/app/relics/wushuxingcg/wushuxingcg.csb	game resource	游戏 UI、场景、图标或玩法资源
assets/res/app/relics/wushuxingcg/wushuxingcg0.plist	game resource	游戏 UI、场景、图标或玩法资源
assets/res/app/relics/wushuxingcg/wushuxingcg0.png	game resource	游戏 UI、场景、图标或玩法资源
assets/res/app/relics/xw_yfthxtx/xw_yfthxtx.csb	game resource	游戏 UI、场景、图标或玩法资源
assets/res/app/relics/xw_yfthxtx/xw_yfthxtx0.plist	game resource	游戏 UI、场景、图标或玩法资源
assets/res/app/relics/xw_yfthxtx/xw_yfthxtx0.png	game resource	游戏 UI、场景、图标或玩法资源
assets/res/app/relics/zk_kcdflq/zk_kcdflq.csb	game resource	游戏 UI、场景、图标或玩法资源
assets/res/app/relics/zk_kcdflq/zk_kcdflq0.plist	game resource	游戏 UI、场景、图标或玩法资源
assets/res/app/relics/zk_kcdflq/zk_kcdflq0.png	game resource	游戏 UI、场景、图标或玩法资源
assets/res/app/share/1.jpeg	game resource	游戏 UI、场景、图标或玩法资源
assets/res/app/share/10.jpeg	game resource	游戏 UI、场景、图标或玩法资源
assets/res/app/share/11.jpeg	game resource	游戏 UI、场景、图标或玩法资源
assets/res/app/share/2.jpeg	game resource	游戏 UI、场景、图标或玩法资源
assets/res/app/share/3.jpeg	game resource	游戏 UI、场景、图标或玩法资源
assets/res/app/share/4.jpeg	game resource	游戏 UI、场景、图标或玩法资源
assets/res/app/share/5.jpeg	game resource	游戏 UI、场景、图标或玩法资源
assets/res/app/share/6.jpeg	game resource	游戏 UI、场景、图标或玩法资源
assets/res/app/share/7.jpeg	game resource	游戏 UI、场景、图标或玩法资源
assets/res/app/share/8.jpeg	game resource	游戏 UI、场景、图标或玩法资源
assets/res/app/share/9.jpeg	game resource	游戏 UI、场景、图标或玩法资源
assets/res/app/shop/bg.png	game resource	游戏 UI、场景、图标或玩法资源
assets/res/app/shop/discount1.png	game resource	游戏 UI、场景、图标或玩法资源
assets/res/app/shop/discount2.png	game resource	游戏 UI、场景、图标或玩法资源
assets/res/app/shop/discount3.png	game resource	游戏 UI、场景、图标或玩法资源
assets/res/app/shop/discount4.png	game resource	游戏 UI、场景、图标或玩法资源
assets/res/app/shop/discount5.png	game resource	游戏 UI、场景、图标或玩法资源
assets/res/app/shop/discount6.png	game resource	游戏 UI、场景、图标或玩法资源
assets/res/app/shop/discount7.png	game resource	游戏 UI、场景、图标或玩法资源
assets/res/app/shop/discount8.png	game resource	游戏 UI、场景、图标或玩法资源
assets/res/app/shop/discount9.png	game resource	游戏 UI、场景、图标或玩法资源
assets/res/app/shop/discount_bg.png	game resource	游戏 UI、场景、图标或玩法资源
assets/res/app/shop/item.png	game resource	游戏 UI、场景、图标或玩法资源
assets/res/app/shop/limit.png	game resource	游戏 UI、场景、图标或玩法资源
assets/res/app/shop/normal_refresh.png	game resource	游戏 UI、场景、图标或玩法资源
assets/res/app/shop/refresh.png	game resource	游戏 UI、场景、图标或玩法资源
assets/res/app/shop/sold.png	game resource	游戏 UI、场景、图标或玩法资源
assets/res/app/shop/tag_feat.png	game resource	游戏 UI、场景、图标或玩法资源
assets/res/app/shop/tag_feat1.png	game resource	游戏 UI、场景、图标或玩法资源
assets/res/app/shop/tag_mystery.png	game resource	游戏 UI、场景、图标或玩法资源
assets/res/app/shop/tag_mystery1.png	game resource	游戏 UI、场景、图标或玩法资源
assets/res/app/shop/tag_mystery_gray.png	game resource	游戏 UI、场景、图标或玩法资源
assets/res/app/shop/tag_normal.png	game resource	游戏 UI、场景、图标或玩法资源
assets/res/app/shop/tag_normal1.png	game resource	游戏 UI、场景、图标或玩法资源
assets/res/app/shop/tag_purgatory.png	game resource	游戏 UI、场景、图标或玩法资源
assets/res/app/shop/tag_purgatory1.png	game resource	游戏 UI、场景、图标或玩法资源
assets/res/app/shop/tip.png	game resource	游戏 UI、场景、图标或玩法资源
assets/res/app/shop_new/bg.png	game resource	游戏 UI、场景、图标或玩法资源
assets/res/app/shop_new/bg_part.png	game resource	游戏 UI、场景、图标或玩法资源
assets/res/app/shop_new/bg_small.png	game resource	游戏 UI、场景、图标或玩法资源
assets/res/app/shop_new/btn_gift1.png	game resource	游戏 UI、场景、图标或玩法资源
assets/res/app/shop_new/btn_gift2.png	game resource	游戏 UI、场景、图标或玩法资源
assets/res/app/shop_new/btn_gift_rebate1.png	game resource	游戏 UI、场景、图标或玩法资源
assets/res/app/shop_new/btn_gift_rebate2.png	game resource	游戏 UI、场景、图标或玩法资源
assets/res/app/shop_new/btn_gift_week1.png	game resource	游戏 UI、场景、图标或玩法资源
assets/res/app/shop_new/btn_gift_week2.png	game resource	游戏 UI、场景、图标或玩法资源
assets/res/app/shop_new/btn_normal.png	game resource	游戏 UI、场景、图标或玩法资源
assets/res/app/shop_new/btn_pressed.png	game resource	游戏 UI、场景、图标或玩法资源
assets/res/app/shop_new/img_line.png	game resource	游戏 UI、场景、图标或玩法资源
assets/res/app/shop_new/label_gongxun.png	game resource	游戏 UI、场景、图标或玩法资源
assets/res/app/shop_new/label_invest.png	game resource	游戏 UI、场景、图标或玩法资源
assets/res/app/shop_new/label_lianyu.png	game resource	游戏 UI、场景、图标或玩法资源
assets/res/app/shop_new/label_mystery.png	game resource	游戏 UI、场景、图标或玩法资源
assets/res/app/shop_new/label_normal.png	game resource	游戏 UI、场景、图标或玩法资源
assets/res/app/shop_new/label_vip.png	game resource	游戏 UI、场景、图标或玩法资源
assets/res/app/shop_new/title.png	game resource	游戏 UI、场景、图标或玩法资源
assets/res/app/sign/bg.png	game resource	游戏 UI、场景、图标或玩法资源
assets/res/app/sign/bg_popup.png	game resource	游戏 UI、场景、图标或玩法资源
assets/res/app/sign/bg_popup_00.png	game resource	游戏 UI、场景、图标或玩法资源
assets/res/app/sign/btn_arrow_n.png	game resource	游戏 UI、场景、图标或玩法资源
assets/res/app/sign/img_prompt.png	game resource	游戏 UI、场景、图标或玩法资源
assets/res/app/sign/select.png	game resource	游戏 UI、场景、图标或玩法资源
assets/res/app/sign/shadow.png	game resource	游戏 UI、场景、图标或玩法资源
assets/res/app/sign/signed.png	game resource	游戏 UI、场景、图标或玩法资源
assets/res/app/sign/vip.png	game resource	游戏 UI、场景、图标或玩法资源
assets/res/app/skill_icon/BGM.png	game resource	游戏 UI、场景、图标或玩法资源
assets/res/app/skill_icon/anheiwu.png	game resource	游戏 UI、场景、图标或玩法资源
assets/res/app/skill_icon/anya.png	game resource	游戏 UI、场景、图标或玩法资源
assets/res/app/skill_icon/baidubuqin.png	game resource	游戏 UI、场景、图标或玩法资源
assets/res/app/skill_icon/baiguwu.png	game resource	游戏 UI、场景、图标或玩法资源
assets/res/app/skill_icon/bailongwu.png	game resource	游戏 UI、场景、图标或玩法资源
assets/res/app/skill_icon/bajiaoshan.png	game resource	游戏 UI、场景、图标或玩法资源
assets/res/app/skill_icon/baohulu.png	game resource	游戏 UI、场景、图标或玩法资源
assets/res/app/skill_icon/baoji1.png	game resource	游戏 UI、场景、图标或玩法资源
assets/res/app/skill_icon/baoji2.png	game resource	游戏 UI、场景、图标或玩法资源
assets/res/app/skill_icon/baoji3.png	game resource	游戏 UI、场景、图标或玩法资源
assets/res/app/skill_icon/baojirennai.png	game resource	游戏 UI、场景、图标或玩法资源
assets/res/app/skill_icon/baolie.png	game resource	游戏 UI、场景、图标或玩法资源
assets/res/app/skill_icon/baomian1.png	game resource	游戏 UI、场景、图标或玩法资源
assets/res/app/skill_icon/baomian2.png	game resource	游戏 UI、场景、图标或玩法资源
assets/res/app/skill_icon/baomian3.png	game resource	游戏 UI、场景、图标或玩法资源
assets/res/app/skill_icon/baonu.png	game resource	游戏 UI、场景、图标或玩法资源
assets/res/app/skill_icon/baoshang.png	game resource	游戏 UI、场景、图标或玩法资源
assets/res/app/skill_icon/baoshang1.png	game resource	游戏 UI、场景、图标或玩法资源
assets/res/app/skill_icon/baoshang2.png	game resource	游戏 UI、场景、图标或玩法资源
assets/res/app/skill_icon/baoshang3.png	game resource	游戏 UI、场景、图标或玩法资源
assets/res/app/skill_icon/benpao.png	game resource	游戏 UI、场景、图标或玩法资源
assets/res/app/skill_icon/binbao.png	game resource	游戏 UI、场景、图标或玩法资源
assets/res/app/skill_icon/cai.png	game resource	游戏 UI、场景、图标或玩法资源
assets/res/app/skill_icon/changewu.png	game resource	游戏 UI、场景、图标或玩法资源
assets/res/app/skill_icon/changsheng.png	game resource	游戏 UI、场景、图标或玩法资源
assets/res/app/skill_icon/chaodiancipao.png	game resource	游戏 UI、场景、图标或玩法资源
assets/res/app/skill_icon/chijiaowu.png	game resource	游戏 UI、场景、图标或玩法资源
assets/res/app/skill_icon/chimeiwu.png	game resource	游戏 UI、场景、图标或玩法资源
assets/res/app/skill_icon/chongsheng.png	game resource	游戏 UI、场景、图标或玩法资源
assets/res/app/skill_icon/chuizi.png	game resource	游戏 UI、场景、图标或玩法资源
assets/res/app/skill_icon/cuidu.png	game resource	游戏 UI、场景、图标或玩法资源
assets/res/app/skill_icon/dapengwu.png	game resource	游戏 UI、场景、图标或玩法资源
assets/res/app/skill_icon/diancibo.png	game resource	游戏 UI、场景、图标或玩法资源
assets/res/app/skill_icon/dianniangwu.png	game resource	游戏 UI、场景、图标或玩法资源
assets/res/app/skill_icon/douzhanshen.png	game resource	游戏 UI、场景、图标或玩法资源
assets/res/app/skill_icon/duncuo.png	game resource	游戏 UI、场景、图标或玩法资源
assets/res/app/skill_icon/dunrui.png	game resource	游戏 UI、场景、图标或玩法资源
assets/res/app/skill_icon/duwei.png	game resource	游戏 UI、场景、图标或玩法资源
assets/res/app/skill_icon/erjiwu.png	game resource	游戏 UI、场景、图标或玩法资源
assets/res/app/skill_icon/erlangwu.png	game resource	游戏 UI、场景、图标或玩法资源
assets/res/app/skill_icon/ezhawu.png	game resource	游戏 UI、场景、图标或玩法资源
assets/res/app/skill_icon/fachuan1.png	game resource	游戏 UI、场景、图标或玩法资源
assets/res/app/skill_icon/fachuan2.png	game resource	游戏 UI、场景、图标或玩法资源
assets/res/app/skill_icon/fachuan3.png	game resource	游戏 UI、场景、图标或玩法资源
assets/res/app/skill_icon/forudiyu.png	game resource	游戏 UI、场景、图标或玩法资源
assets/res/app/skill_icon/foxing.png	game resource	游戏 UI、场景、图标或玩法资源
assets/res/app/skill_icon/fuhuwu.png	game resource	游戏 UI、场景、图标或玩法资源
assets/res/app/skill_icon/gongji1.png	game resource	游戏 UI、场景、图标或玩法资源
assets/res/app/skill_icon/gongji2.png	game resource	游戏 UI、场景、图标或玩法资源
assets/res/app/skill_icon/gongji3.png	game resource	游戏 UI、场景、图标或玩法资源
assets/res/app/skill_icon/guiling.png	game resource	游戏 UI、场景、图标或玩法资源
assets/res/app/skill_icon/guwu.png	game resource	游戏 UI、场景、图标或玩法资源
assets/res/app/skill_icon/handi.png	game resource	游戏 UI、场景、图标或玩法资源
assets/res/app/skill_icon/honghaiwu.png	game resource	游戏 UI、场景、图标或玩法资源
assets/res/app/skill_icon/houpi.png	game resource	游戏 UI、场景、图标或玩法资源
assets/res/app/skill_icon/houtuwu.png	game resource	游戏 UI、场景、图标或玩法资源
assets/res/app/skill_icon/huichun.png	game resource	游戏 UI、场景、图标或玩法资源
assets/res/app/skill_icon/huixin.png	game resource	游戏 UI、场景、图标或玩法资源
assets/res/app/skill_icon/jianjia.png	game resource	游戏 UI、场景、图标或玩法资源
assets/res/app/skill_icon/jili.png	game resource	游戏 UI、场景、图标或玩法资源
assets/res/app/skill_icon/jingang.png	game resource	游戏 UI、场景、图标或玩法资源
assets/res/app/skill_icon/jingdian.png	game resource	游戏 UI、场景、图标或玩法资源
assets/res/app/skill_icon/jinhun.png	game resource	游戏 UI、场景、图标或玩法资源
assets/res/app/skill_icon/jinshen.png	game resource	游戏 UI、场景、图标或玩法资源
assets/res/app/skill_icon/jinshenbuhuai.png	game resource	游戏 UI、场景、图标或玩法资源
assets/res/app/skill_icon/jiufenguiyuan.png	game resource	游戏 UI、场景、图标或玩法资源
assets/res/app/skill_icon/jiulingwu.png	game resource	游戏 UI、场景、图标或玩法资源
assets/res/app/skill_icon/jueduilingdu.png	game resource	游戏 UI、场景、图标或玩法资源
assets/res/app/skill_icon/jujinghuishen.png	game resource	游戏 UI、场景、图标或玩法资源
assets/res/app/skill_icon/julingwu.png	game resource	游戏 UI、场景、图标或玩法资源
assets/res/app/skill_icon/jushenli.png	game resource	游戏 UI、场景、图标或玩法资源
assets/res/app/skill_icon/kangti1.png	game resource	游戏 UI、场景、图标或玩法资源
assets/res/app/skill_icon/kangti2.png	game resource	游戏 UI、场景、图标或玩法资源
assets/res/app/skill_icon/kangti3.png	game resource	游戏 UI、场景、图标或玩法资源
assets/res/app/skill_icon/kuangbao.png	game resource	游戏 UI、场景、图标或玩法资源
assets/res/app/skill_icon/kuangben.png	game resource	游戏 UI、场景、图标或玩法资源
assets/res/app/skill_icon/laojunwu.png	game resource	游戏 UI、场景、图标或玩法资源
assets/res/app/skill_icon/leibao.png	game resource	游戏 UI、场景、图标或玩法资源
assets/res/app/skill_icon/lengxue.png	game resource	游戏 UI、场景、图标或玩法资源
assets/res/app/skill_icon/lianhuatongzi.png	game resource	游戏 UI、场景、图标或玩法资源
assets/res/app/skill_icon/linbingdouzhe.png	game resource	游戏 UI、场景、图标或玩法资源
assets/res/app/skill_icon/longnvwu.png	game resource	游戏 UI、场景、图标或玩法资源
assets/res/app/skill_icon/longpaiqigong.png	game resource	游戏 UI、场景、图标或玩法资源
assets/res/app/skill_icon/longqi.png	game resource	游戏 UI、场景、图标或玩法资源
assets/res/app/skill_icon/longwangwu.png	game resource	游戏 UI、场景、图标或玩法资源
assets/res/app/skill_icon/lueduo.png	game resource	游戏 UI、场景、图标或玩法资源
assets/res/app/skill_icon/luochazhiti.png	game resource	游戏 UI、场景、图标或玩法资源
assets/res/app/skill_icon/mamahao.png	game resource	游戏 UI、场景、图标或玩法资源
assets/res/app/skill_icon/maoqiuwu.png	game resource	游戏 UI、场景、图标或玩法资源
assets/res/app/skill_icon/meihuo.png	game resource	游戏 UI、场景、图标或玩法资源
assets/res/app/skill_icon/mengji.png	game resource	游戏 UI、场景、图标或玩法资源
assets/res/app/skill_icon/mianbao1.png	game resource	游戏 UI、场景、图标或玩法资源
assets/res/app/skill_icon/mianbao2.png	game resource	游戏 UI、场景、图标或玩法资源
assets/res/app/skill_icon/mianbao3.png	game resource	游戏 UI、场景、图标或玩法资源
assets/res/app/skill_icon/mianshang1.png	game resource	游戏 UI、场景、图标或玩法资源
assets/res/app/skill_icon/mianshang2.png	game resource	游戏 UI、场景、图标或玩法资源
assets/res/app/skill_icon/mianshang3.png	game resource	游戏 UI、场景、图标或玩法资源
assets/res/app/skill_icon/mingzhong1.png	game resource	游戏 UI、场景、图标或玩法资源
assets/res/app/skill_icon/mingzhong2.png	game resource	游戏 UI、场景、图标或玩法资源
assets/res/app/skill_icon/mingzhong3.png	game resource	游戏 UI、场景、图标或玩法资源
assets/res/app/skill_icon/moca.png	game resource	游戏 UI、场景、图标或玩法资源
assets/res/app/skill_icon/mofang1.png	game resource	游戏 UI、场景、图标或玩法资源
assets/res/app/skill_icon/mofang2.png	game resource	游戏 UI、场景、图标或玩法资源
assets/res/app/skill_icon/mofang3.png	game resource	游戏 UI、场景、图标或玩法资源
assets/res/app/skill_icon/mofu.png	game resource	游戏 UI、场景、图标或玩法资源
assets/res/app/skill_icon/muguangpao.png	game resource	游戏 UI、场景、图标或玩法资源
assets/res/app/skill_icon/nasidake.png	game resource	游戏 UI、场景、图标或玩法资源
assets/res/app/skill_icon/nushang.png	game resource	游戏 UI、场景、图标或玩法资源
assets/res/app/skill_icon/nvwangjianglin.png	game resource	游戏 UI、场景、图标或玩法资源
assets/res/app/skill_icon/outu.png	game resource	游戏 UI、场景、图标或玩法资源
assets/res/app/skill_icon/picao.png	game resource	游戏 UI、场景、图标或玩法资源
assets/res/app/skill_icon/picaorouhou.png	game resource	游戏 UI、场景、图标或玩法资源
assets/res/app/skill_icon/pofangzhuanjia.png	game resource	游戏 UI、场景、图标或玩法资源
assets/res/app/skill_icon/putao.png	game resource	游戏 UI、场景、图标或玩法资源
assets/res/app/skill_icon/qingman.png	game resource	游戏 UI、场景、图标或玩法资源
assets/res/app/skill_icon/qingxin1.png	game resource	游戏 UI、场景、图标或玩法资源
assets/res/app/skill_icon/qingxin2.png	game resource	游戏 UI、场景、图标或玩法资源
assets/res/app/skill_icon/qingxin3.png	game resource	游戏 UI、场景、图标或玩法资源
assets/res/app/skill_icon/qusan.png	game resource	游戏 UI、场景、图标或玩法资源
assets/res/app/skill_icon/raohun.png	game resource	游戏 UI、场景、图标或玩法资源
assets/res/app/skill_icon/riyueqiankun.png	game resource	游戏 UI、场景、图标或玩法资源
assets/res/app/skill_icon/rouhou.png	game resource	游戏 UI、场景、图标或玩法资源
assets/res/app/skill_icon/shanbi.png	game resource	游戏 UI、场景、图标或玩法资源
assets/res/app/skill_icon/shanbi1.png	game resource	游戏 UI、场景、图标或玩法资源
assets/res/app/skill_icon/shanbi2.png	game resource	游戏 UI、场景、图标或玩法资源
assets/res/app/skill_icon/shanbi3.png	game resource	游戏 UI、场景、图标或玩法资源
assets/res/app/skill_icon/shanshuo.png	game resource	游戏 UI、场景、图标或玩法资源
assets/res/app/skill_icon/shengming1.png	game resource	游戏 UI、场景、图标或玩法资源
assets/res/app/skill_icon/shengming2.png	game resource	游戏 UI、场景、图标或玩法资源
assets/res/app/skill_icon/shengming3.png	game resource	游戏 UI、场景、图标或玩法资源
assets/res/app/skill_icon/shenlinghuti.png	game resource	游戏 UI、场景、图标或玩法资源
assets/res/app/skill_icon/shenxing.png	game resource	游戏 UI、场景、图标或玩法资源
assets/res/app/skill_icon/shiguangliusu.png	game resource	游戏 UI、场景、图标或玩法资源
assets/res/app/skill_icon/shihua.png	game resource	游戏 UI、场景、图标或玩法资源
assets/res/app/skill_icon/shunpi.png	game resource	游戏 UI、场景、图标或玩法资源
assets/res/app/skill_icon/silie.png	game resource	游戏 UI、场景、图标或玩法资源
assets/res/app/skill_icon/taierwu.png	game resource	游戏 UI、场景、图标或玩法资源
assets/res/app/skill_icon/tianchaotizhi.png	game resource	游戏 UI、场景、图标或玩法资源
assets/res/app/skill_icon/tiantian.png	game resource	游戏 UI、场景、图标或玩法资源
assets/res/app/skill_icon/tongguiyujin.png	game resource	游戏 UI、场景、图标或玩法资源
assets/res/app/skill_icon/tongqiangtiebi.png	game resource	游戏 UI、场景、图标或玩法资源
assets/res/app/skill_icon/tongzigong.png	game resource	游戏 UI、场景、图标或玩法资源
assets/res/app/skill_icon/tudun.png	game resource	游戏 UI、场景、图标或玩法资源
assets/res/app/skill_icon/wuchuan1.png	game resource	游戏 UI、场景、图标或玩法资源
assets/res/app/skill_icon/wuchuan2.png	game resource	游戏 UI、场景、图标或玩法资源
assets/res/app/skill_icon/wuchuan3.png	game resource	游戏 UI、场景、图标或玩法资源
assets/res/app/skill_icon/wufang1.png	game resource	游戏 UI、场景、图标或玩法资源
assets/res/app/skill_icon/wufang2.png	game resource	游戏 UI、场景、图标或玩法资源
assets/res/app/skill_icon/wufang3.png	game resource	游戏 UI、场景、图标或玩法资源
assets/res/app/skill_icon/wufawutian.png	game resource	游戏 UI、场景、图标或玩法资源
assets/res/app/skill_icon/wukongwu.png	game resource	游戏 UI、场景、图标或玩法资源
assets/res/app/skill_icon/wutianwu.png	game resource	游戏 UI、场景、图标或玩法资源
assets/res/app/skill_icon/xianglongwu.png	game resource	游戏 UI、场景、图标或玩法资源
assets/res/app/skill_icon/xiangwangwu.png	game resource	游戏 UI、场景、图标或玩法资源
assets/res/app/skill_icon/xianyunliuti.png	game resource	游戏 UI、场景、图标或玩法资源
assets/res/app/skill_icon/xie.png	game resource	游戏 UI、场景、图标或玩法资源
assets/res/app/skill_icon/xiongmaowu.png	game resource	游戏 UI、场景、图标或玩法资源
assets/res/app/skill_icon/xuannvwu.png	game resource	游戏 UI、场景、图标或玩法资源
assets/res/app/skill_icon/xuanwuwu.png	game resource	游戏 UI、场景、图标或玩法资源
assets/res/app/skill_icon/xunshou.png	game resource	游戏 UI、场景、图标或玩法资源
assets/res/app/skill_icon/yinhun.png	game resource	游戏 UI、场景、图标或玩法资源
assets/res/app/skill_icon/yinni.png	game resource	游戏 UI、场景、图标或玩法资源
assets/res/app/skill_icon/yongmeng1.png	game resource	游戏 UI、场景、图标或玩法资源
assets/res/app/skill_icon/yongmeng2.png	game resource	游戏 UI、场景、图标或玩法资源
assets/res/app/skill_icon/yongmeng3.png	game resource	游戏 UI、场景、图标或玩法资源
assets/res/app/skill_icon/youpunaida.png	game resource	游戏 UI、场景、图标或玩法资源
assets/res/app/skill_icon/yunxuan.png	game resource	游戏 UI、场景、图标或玩法资源
assets/res/app/skill_icon/zhanling.png	game resource	游戏 UI、场景、图标或玩法资源
assets/res/app/skill_icon/zhantie.png	game resource	游戏 UI、场景、图标或玩法资源
assets/res/app/skill_icon/zhenbiyihu.png	game resource	游戏 UI、场景、图标或玩法资源
assets/res/app/skill_icon/zhenhunzhong.png	game resource	游戏 UI、场景、图标或玩法资源
assets/res/app/skill_icon/zhishililiang.png	game resource	游戏 UI、场景、图标或玩法资源
assets/res/app/skill_icon/zhongji.png	game resource	游戏 UI、场景、图标或玩法资源
assets/res/app/skill_icon/zhongkuiwu.png	game resource	游戏 UI、场景、图标或玩法资源
assets/res/app/skill_icon/zhuiming.png	game resource	游戏 UI、场景、图标或玩法资源
assets/res/app/skill_icon/zhujia.png	game resource	游戏 UI、场景、图标或玩法资源
assets/res/app/skill_icon/zhuoshao.png	game resource	游戏 UI、场景、图标或玩法资源
assets/res/app/skill_icon/zixiawu.png	game resource	游戏 UI、场景、图标或玩法资源
assets/res/app/skill_icon/zuohuaibuluan.png	game resource	游戏 UI、场景、图标或玩法资源
assets/res/app/skillcimelia/chimangzhang/chimangzhang.csb	skill resource	法宝/技能骨骼和图集
assets/res/app/skillcimelia/chimangzhang/chimangzhang0.plist	skill resource	法宝/技能骨骼和图集
assets/res/app/skillcimelia/chimangzhang/chimangzhang0.png	skill resource	法宝/技能骨骼和图集
assets/res/app/skillcimelia/dianbing/dianbing.csb	skill resource	法宝/技能骨骼和图集
assets/res/app/skillcimelia/dianbing/dianbing0.plist	skill resource	法宝/技能骨骼和图集
assets/res/app/skillcimelia/dianbing/dianbing0.png	skill resource	法宝/技能骨骼和图集
assets/res/app/skillcimelia/diaokezhang/diaokezhang.csb	skill resource	法宝/技能骨骼和图集
assets/res/app/skillcimelia/diaokezhang/diaokezhang0.plist	skill resource	法宝/技能骨骼和图集
assets/res/app/skillcimelia/diaokezhang/diaokezhang0.png	skill resource	法宝/技能骨骼和图集
assets/res/app/skillcimelia/huoyuzhang/huoyuzhang.csb	skill resource	法宝/技能骨骼和图集
assets/res/app/skillcimelia/huoyuzhang/huoyuzhang0.plist	skill resource	法宝/技能骨骼和图集
assets/res/app/skillcimelia/huoyuzhang/huoyuzhang0.png	skill resource	法宝/技能骨骼和图集
assets/res/app/skillcimelia/jinjin/jinjin.csb	skill resource	法宝/技能骨骼和图集
assets/res/app/skillcimelia/jinjin/jinjin0.plist	skill resource	法宝/技能骨骼和图集
assets/res/app/skillcimelia/jinjin/jinjin0.png	skill resource	法宝/技能骨骼和图集
assets/res/app/skillcimelia/jinjizhang/jinjizhang.csb	skill resource	法宝/技能骨骼和图集
assets/res/app/skillcimelia/jinjizhang/jinjizhang0.plist	skill resource	法宝/技能骨骼和图集
assets/res/app/skillcimelia/jinjizhang/jinjizhang0.png	skill resource	法宝/技能骨骼和图集
assets/res/app/skillcimelia/jumangzhang/jumangzhang.csb	skill resource	法宝/技能骨骼和图集
assets/res/app/skillcimelia/jumangzhang/jumangzhang0.plist	skill resource	法宝/技能骨骼和图集
assets/res/app/skillcimelia/jumangzhang/jumangzhang0.png	skill resource	法宝/技能骨骼和图集
assets/res/app/skillcimelia/leimuruyi/leimuruyi.csb	skill resource	法宝/技能骨骼和图集
assets/res/app/skillcimelia/leimuruyi/leimuruyi0.plist	skill resource	法宝/技能骨骼和图集
assets/res/app/skillcimelia/leimuruyi/leimuruyi0.png	skill resource	法宝/技能骨骼和图集
assets/res/app/skillcimelia/lietianzhang/lietianzhang.csb	skill resource	法宝/技能骨骼和图集
assets/res/app/skillcimelia/lietianzhang/lietianzhang0.plist	skill resource	法宝/技能骨骼和图集
assets/res/app/skillcimelia/lietianzhang/lietianzhang0.png	skill resource	法宝/技能骨骼和图集
assets/res/app/skillcimelia/meihuozhang/meihuozhang.csb	skill resource	法宝/技能骨骼和图集
assets/res/app/skillcimelia/meihuozhang/meihuozhang0.plist	skill resource	法宝/技能骨骼和图集
assets/res/app/skillcimelia/meihuozhang/meihuozhang0.png	skill resource	法宝/技能骨骼和图集
assets/res/app/skillcimelia/muhuozhang/muhuozhang.csb	skill resource	法宝/技能骨骼和图集
assets/res/app/skillcimelia/muhuozhang/muhuozhang0.plist	skill resource	法宝/技能骨骼和图集
assets/res/app/skillcimelia/muhuozhang/muhuozhang0.png	skill resource	法宝/技能骨骼和图集
assets/res/app/skillcimelia/nvwazhang/nvwazhang.csb	skill resource	法宝/技能骨骼和图集
assets/res/app/skillcimelia/nvwazhang/nvwazhang0.plist	skill resource	法宝/技能骨骼和图集
assets/res/app/skillcimelia/nvwazhang/nvwazhang0.png	skill resource	法宝/技能骨骼和图集
assets/res/app/skillcimelia/pengmuzhang/pengmuzhang.csb	skill resource	法宝/技能骨骼和图集
assets/res/app/skillcimelia/pengmuzhang/pengmuzhang0.plist	skill resource	法宝/技能骨骼和图集
assets/res/app/skillcimelia/pengmuzhang/pengmuzhang0.png	skill resource	法宝/技能骨骼和图集
assets/res/app/skillcimelia/pofengzhang/pofengzhang.csb	skill resource	法宝/技能骨骼和图集
assets/res/app/skillcimelia/pofengzhang/pofengzhang0.plist	skill resource	法宝/技能骨骼和图集
assets/res/app/skillcimelia/pofengzhang/pofengzhang0.png	skill resource	法宝/技能骨骼和图集
assets/res/app/skillcimelia/ruishizhang/ruishizhang.csb	skill resource	法宝/技能骨骼和图集
assets/res/app/skillcimelia/ruishizhang/ruishizhang0.plist	skill resource	法宝/技能骨骼和图集
assets/res/app/skillcimelia/ruishizhang/ruishizhang0.png	skill resource	法宝/技能骨骼和图集
assets/res/app/skillcimelia/ruoshuizhang/ruoshuizhang.csb	skill resource	法宝/技能骨骼和图集
assets/res/app/skillcimelia/ruoshuizhang/ruoshuizhang0.plist	skill resource	法宝/技能骨骼和图集
assets/res/app/skillcimelia/ruoshuizhang/ruoshuizhang0.png	skill resource	法宝/技能骨骼和图集
assets/res/app/skillcimelia/shengunzhang/shengunzhang.csb	skill resource	法宝/技能骨骼和图集
assets/res/app/skillcimelia/shengunzhang/shengunzhang0.plist	skill resource	法宝/技能骨骼和图集
assets/res/app/skillcimelia/shengunzhang/shengunzhang0.png	skill resource	法宝/技能骨骼和图集
assets/res/app/skillcimelia/shenshuizhang/shenshuizhang.csb	skill resource	法宝/技能骨骼和图集
assets/res/app/skillcimelia/shenshuizhang/shenshuizhang0.plist	skill resource	法宝/技能骨骼和图集
assets/res/app/skillcimelia/shenshuizhang/shenshuizhang0.png	skill resource	法宝/技能骨骼和图集
assets/res/app/skillcimelia/tajinengdonghua/tajinengdonghua.csb	skill resource	法宝/技能骨骼和图集
assets/res/app/skillcimelia/tajinengdonghua/tajinengdonghua0.plist	skill resource	法宝/技能骨骼和图集
assets/res/app/skillcimelia/tajinengdonghua/tajinengdonghua0.png	skill resource	法宝/技能骨骼和图集
assets/res/app/skillcimelia/tuyunzhang/tuyunzhang.csb	skill resource	法宝/技能骨骼和图集
assets/res/app/skillcimelia/tuyunzhang/tuyunzhang0.plist	skill resource	法宝/技能骨骼和图集
assets/res/app/skillcimelia/tuyunzhang/tuyunzhang0.png	skill resource	法宝/技能骨骼和图集
assets/res/app/skillcimelia/wugouzhang/wugouzhang.csb	skill resource	法宝/技能骨骼和图集
assets/res/app/skillcimelia/wugouzhang/wugouzhang0.plist	skill resource	法宝/技能骨骼和图集
assets/res/app/skillcimelia/wugouzhang/wugouzhang0.png	skill resource	法宝/技能骨骼和图集
assets/res/app/skillcimelia/wutongzhang/wutongzhang.csb	skill resource	法宝/技能骨骼和图集
assets/res/app/skillcimelia/wutongzhang/wutongzhang0.plist	skill resource	法宝/技能骨骼和图集
assets/res/app/skillcimelia/wutongzhang/wutongzhang0.png	skill resource	法宝/技能骨骼和图集
assets/res/app/skillcimelia/ximingzhang/ximingzhang.csb	skill resource	法宝/技能骨骼和图集
assets/res/app/skillcimelia/ximingzhang/ximingzhang0.plist	skill resource	法宝/技能骨骼和图集
assets/res/app/skillcimelia/ximingzhang/ximingzhang0.png	skill resource	法宝/技能骨骼和图集
assets/res/app/skillcimelia/xingfengzhang/xingfengzhang.csb	skill resource	法宝/技能骨骼和图集
assets/res/app/skillcimelia/xingfengzhang/xingfengzhang0.plist	skill resource	法宝/技能骨骼和图集
assets/res/app/skillcimelia/xingfengzhang/xingfengzhang0.png	skill resource	法宝/技能骨骼和图集
assets/res/app/skillcimelia/xishazhang/xishazhang.csb	skill resource	法宝/技能骨骼和图集
assets/res/app/skillcimelia/xishazhang/xishazhang0.plist	skill resource	法宝/技能骨骼和图集
assets/res/app/skillcimelia/xishazhang/xishazhang0.png	skill resource	法宝/技能骨骼和图集
assets/res/app/skillcimelia/yanjingzhang/yanjingzhang.csb	skill resource	法宝/技能骨骼和图集
assets/res/app/skillcimelia/yanjingzhang/yanjingzhang0.plist	skill resource	法宝/技能骨骼和图集
assets/res/app/skillcimelia/yanjingzhang/yanjingzhang0.png	skill resource	法宝/技能骨骼和图集
assets/res/app/skillcimelia/yunnizhang/yunnizhang.csb	skill resource	法宝/技能骨骼和图集
assets/res/app/skillcimelia/yunnizhang/yunnizhang0.plist	skill resource	法宝/技能骨骼和图集
assets/res/app/skillcimelia/yunnizhang/yunnizhang0.png	skill resource	法宝/技能骨骼和图集
assets/res/app/sounds/attack_buddha100501.mp3	audio	游戏音乐和音效
assets/res/app/sounds/attack_buddha100903.mp3	audio	游戏音乐和音效
assets/res/app/sounds/attack_buddha101101.mp3	audio	游戏音乐和音效
assets/res/app/sounds/attack_buddha102202.mp3	audio	游戏音乐和音效
assets/res/app/sounds/attack_buddha102203.mp3	audio	游戏音乐和音效
assets/res/app/sounds/attack_buddha102603.mp3	audio	游戏音乐和音效
assets/res/app/sounds/attack_buddha103701.mp3	audio	游戏音乐和音效
assets/res/app/sounds/attack_buddha104303.mp3	audio	游戏音乐和音效
assets/res/app/sounds/attack_buddha108101.mp3	audio	游戏音乐和音效
assets/res/app/sounds/attack_buddha108202.mp3	audio	游戏音乐和音效
assets/res/app/sounds/attack_buddha11.mp3	audio	游戏音乐和音效
assets/res/app/sounds/attack_buddha12.mp3	audio	游戏音乐和音效
assets/res/app/sounds/attack_buddha16.mp3	audio	游戏音乐和音效
assets/res/app/sounds/attack_buddha23.mp3	audio	游戏音乐和音效
assets/res/app/sounds/attack_buddha24.mp3	audio	游戏音乐和音效
assets/res/app/sounds/attack_buddha6.mp3	audio	游戏音乐和音效
assets/res/app/sounds/attack_buddha61.mp3	audio	游戏音乐和音效
assets/res/app/sounds/attack_buddha64.mp3	audio	游戏音乐和音效
assets/res/app/sounds/attack_buddha65.mp3	audio	游戏音乐和音效
assets/res/app/sounds/attack_buddha79.mp3	audio	游戏音乐和音效
assets/res/app/sounds/attack_buddha80.mp3	audio	游戏音乐和音效
assets/res/app/sounds/attack_buddha85.mp3	audio	游戏音乐和音效
assets/res/app/sounds/attack_buddha86.mp3	audio	游戏音乐和音效
assets/res/app/sounds/attack_buddha87.mp3	audio	游戏音乐和音效
assets/res/app/sounds/attack_buddha88.mp3	audio	游戏音乐和音效
assets/res/app/sounds/attack_buddha92.mp3	audio	游戏音乐和音效
assets/res/app/sounds/attack_buddha93.mp3	audio	游戏音乐和音效
assets/res/app/sounds/attack_buddha94.mp3	audio	游戏音乐和音效
assets/res/app/sounds/attack_buddha95.mp3	audio	游戏音乐和音效
assets/res/app/sounds/attack_buddhadzw.mp3	audio	游戏音乐和音效
assets/res/app/sounds/attack_buddhadzw1.mp3	audio	游戏音乐和音效
assets/res/app/sounds/attack_buddhaln.mp3	audio	游戏音乐和音效
assets/res/app/sounds/attack_buddhawg.mp3	audio	游戏音乐和音效
assets/res/app/sounds/attack_buddhawg1.mp3	audio	游戏音乐和音效
assets/res/app/sounds/attack_buddhaxt.mp3	audio	游戏音乐和音效
assets/res/app/sounds/attack_buddhaxt1.mp3	audio	游戏音乐和音效
assets/res/app/sounds/attack_buddhaxw.mp3	audio	游戏音乐和音效
assets/res/app/sounds/attack_buddhaxw1.mp3	audio	游戏音乐和音效
assets/res/app/sounds/attack_monste96.mp3	audio	游戏音乐和音效
assets/res/app/sounds/attack_monster103.mp3	audio	游戏音乐和音效
assets/res/app/sounds/attack_monster104.mp3	audio	游戏音乐和音效
assets/res/app/sounds/attack_monster14.mp3	audio	游戏音乐和音效
assets/res/app/sounds/attack_monster16.mp3	audio	游戏音乐和音效
assets/res/app/sounds/attack_monster17.mp3	audio	游戏音乐和音效
assets/res/app/sounds/attack_monster18.mp3	audio	游戏音乐和音效
assets/res/app/sounds/attack_monster20.mp3	audio	游戏音乐和音效
assets/res/app/sounds/attack_monster21.mp3	audio	游戏音乐和音效
assets/res/app/sounds/attack_monster22.mp3	audio	游戏音乐和音效
assets/res/app/sounds/attack_monster23.mp3	audio	游戏音乐和音效
assets/res/app/sounds/attack_monster24.mp3	audio	游戏音乐和音效
assets/res/app/sounds/attack_monster25.mp3	audio	游戏音乐和音效
assets/res/app/sounds/attack_monster75.mp3	audio	游戏音乐和音效
assets/res/app/sounds/attack_monster98.mp3	audio	游戏音乐和音效
assets/res/app/sounds/bgm_battle0.mp3	audio	游戏音乐和音效
assets/res/app/sounds/bgm_battle1.mp3	audio	游戏音乐和音效
assets/res/app/sounds/bgm_battle2.mp3	audio	游戏音乐和音效
assets/res/app/sounds/bgm_chatting.mp3	audio	游戏音乐和音效
assets/res/app/sounds/bgm_new_fellow.mp3	audio	游戏音乐和音效
assets/res/app/sounds/bgm_opening.mp3	audio	游戏音乐和音效
assets/res/app/sounds/bgm_theme.mp3	audio	游戏音乐和音效
assets/res/app/sounds/bgm_theme_day.mp3	audio	游戏音乐和音效
assets/res/app/sounds/bgm_theme_night.mp3	audio	游戏音乐和音效
assets/res/app/sounds/buddha/sound_buddha1001.mp3	audio	游戏音乐和音效
assets/res/app/sounds/buddha/sound_buddha1002.mp3	audio	游戏音乐和音效
assets/res/app/sounds/buddha/sound_buddha1003.mp3	audio	游戏音乐和音效
assets/res/app/sounds/buddha/sound_buddha1004.mp3	audio	游戏音乐和音效
assets/res/app/sounds/buddha/sound_buddha1005.mp3	audio	游戏音乐和音效
assets/res/app/sounds/buddha/sound_buddha1006.mp3	audio	游戏音乐和音效
assets/res/app/sounds/buddha/sound_buddha1007.mp3	audio	游戏音乐和音效
assets/res/app/sounds/buddha/sound_buddha1008.mp3	audio	游戏音乐和音效
assets/res/app/sounds/buddha/sound_buddha1009.mp3	audio	游戏音乐和音效
assets/res/app/sounds/buddha/sound_buddha1010.mp3	audio	游戏音乐和音效
assets/res/app/sounds/buddha/sound_buddha1011.mp3	audio	游戏音乐和音效
assets/res/app/sounds/buddha/sound_buddha1012.mp3	audio	游戏音乐和音效
assets/res/app/sounds/buddha/sound_buddha1013.mp3	audio	游戏音乐和音效
assets/res/app/sounds/buddha/sound_buddha1014.mp3	audio	游戏音乐和音效
assets/res/app/sounds/buddha/sound_buddha1015.mp3	audio	游戏音乐和音效
assets/res/app/sounds/buddha/sound_buddha1016.mp3	audio	游戏音乐和音效
assets/res/app/sounds/buddha/sound_buddha1017.mp3	audio	游戏音乐和音效
assets/res/app/sounds/buddha/sound_buddha1018.mp3	audio	游戏音乐和音效
assets/res/app/sounds/buddha/sound_buddha1019.mp3	audio	游戏音乐和音效
assets/res/app/sounds/buddha/sound_buddha1020.mp3	audio	游戏音乐和音效
assets/res/app/sounds/buddha/sound_buddha1021.mp3	audio	游戏音乐和音效
assets/res/app/sounds/buddha/sound_buddha1022.mp3	audio	游戏音乐和音效
assets/res/app/sounds/buddha/sound_buddha1023.mp3	audio	游戏音乐和音效
assets/res/app/sounds/buddha/sound_buddha1024.mp3	audio	游戏音乐和音效
assets/res/app/sounds/buddha/sound_buddha1025.mp3	audio	游戏音乐和音效
assets/res/app/sounds/buddha/sound_buddha1026.mp3	audio	游戏音乐和音效
assets/res/app/sounds/buddha/sound_buddha1027.mp3	audio	游戏音乐和音效
assets/res/app/sounds/buddha/sound_buddha1028.mp3	audio	游戏音乐和音效
assets/res/app/sounds/buddha/sound_buddha1029.mp3	audio	游戏音乐和音效
assets/res/app/sounds/buddha/sound_buddha1030.mp3	audio	游戏音乐和音效
assets/res/app/sounds/buddha/sound_buddha1031.mp3	audio	游戏音乐和音效
assets/res/app/sounds/buddha/sound_buddha103101.mp3	audio	游戏音乐和音效
assets/res/app/sounds/buddha/sound_buddha103102.mp3	audio	游戏音乐和音效
assets/res/app/sounds/buddha/sound_buddha1032.mp3	audio	游戏音乐和音效
assets/res/app/sounds/buddha/sound_buddha1033.mp3	audio	游戏音乐和音效
assets/res/app/sounds/buddha/sound_buddha1034.mp3	audio	游戏音乐和音效
assets/res/app/sounds/buddha/sound_buddha1035.mp3	audio	游戏音乐和音效
assets/res/app/sounds/buddha/sound_buddha1036.mp3	audio	游戏音乐和音效
assets/res/app/sounds/buddha/sound_buddha1037.mp3	audio	游戏音乐和音效
assets/res/app/sounds/buddha/sound_buddha1038.mp3	audio	游戏音乐和音效
assets/res/app/sounds/buddha/sound_buddha1039.mp3	audio	游戏音乐和音效
assets/res/app/sounds/buddha/sound_buddha1040.mp3	audio	游戏音乐和音效
assets/res/app/sounds/buddha/sound_buddha1041.mp3	audio	游戏音乐和音效
assets/res/app/sounds/buddha/sound_buddha1042.mp3	audio	游戏音乐和音效
assets/res/app/sounds/buddha/sound_buddha104301.mp3	audio	游戏音乐和音效
assets/res/app/sounds/buddha/sound_buddha104302.mp3	audio	游戏音乐和音效
assets/res/app/sounds/buddha/sound_buddha104303.mp3	audio	游戏音乐和音效
assets/res/app/sounds/buddha/sound_buddha1044.mp3	audio	游戏音乐和音效
assets/res/app/sounds/buddha/sound_buddha1045.mp3	audio	游戏音乐和音效
assets/res/app/sounds/buddha/sound_buddha1046.mp3	audio	游戏音乐和音效
assets/res/app/sounds/buddha/sound_buddha1047.mp3	audio	游戏音乐和音效
assets/res/app/sounds/buddha/sound_buddha1048.mp3	audio	游戏音乐和音效
assets/res/app/sounds/buddha/sound_buddha1049.mp3	audio	游戏音乐和音效
assets/res/app/sounds/buddha/sound_buddha1050.mp3	audio	游戏音乐和音效
assets/res/app/sounds/buddha/sound_buddha1051.mp3	audio	游戏音乐和音效
assets/res/app/sounds/buddha/sound_buddha1066.mp3	audio	游戏音乐和音效
assets/res/app/sounds/buddha/sound_buddha1068.mp3	audio	游戏音乐和音效
assets/res/app/sounds/buddha/sound_buddha1072.mp3	audio	游戏音乐和音效
assets/res/app/sounds/buddha/sound_buddha1080.mp3	audio	游戏音乐和音效
assets/res/app/sounds/buddha/sound_buddha1081.mp3	audio	游戏音乐和音效
assets/res/app/sounds/buddha/sound_buddha1082.mp3	audio	游戏音乐和音效
assets/res/app/sounds/buddha/sound_buddha1083.mp3	audio	游戏音乐和音效
assets/res/app/sounds/buddha/sound_buddha1084.mp3	audio	游戏音乐和音效
assets/res/app/sounds/buddha/sound_buddha1085.mp3	audio	游戏音乐和音效
assets/res/app/sounds/buddha/sound_buddha1087.mp3	audio	游戏音乐和音效
assets/res/app/sounds/buddha/sound_buddha1092.mp3	audio	游戏音乐和音效
assets/res/app/sounds/buddha/sound_buddha1093.mp3	audio	游戏音乐和音效
assets/res/app/sounds/cimelia_buffatk.mp3	audio	游戏音乐和音效
assets/res/app/sounds/cimelia_buffdef.mp3	audio	游戏音乐和音效
assets/res/app/sounds/cimelia_chimang.mp3	audio	游戏音乐和音效
assets/res/app/sounds/cimelia_dianbing.mp3	audio	游戏音乐和音效
assets/res/app/sounds/cimelia_diaoke.mp3	audio	游戏音乐和音效
assets/res/app/sounds/cimelia_huoyu.mp3	audio	游戏音乐和音效
assets/res/app/sounds/cimelia_jinji.mp3	audio	游戏音乐和音效
assets/res/app/sounds/cimelia_jinjin.mp3	audio	游戏音乐和音效
assets/res/app/sounds/cimelia_jumang.mp3	audio	游戏音乐和音效
assets/res/app/sounds/cimelia_leimury.mp3	audio	游戏音乐和音效
assets/res/app/sounds/cimelia_lietian.mp3	audio	游戏音乐和音效
assets/res/app/sounds/cimelia_meihuo.mp3	audio	游戏音乐和音效
assets/res/app/sounds/cimelia_muhuo.mp3	audio	游戏音乐和音效
assets/res/app/sounds/cimelia_nvwa.mp3	audio	游戏音乐和音效
assets/res/app/sounds/cimelia_pengmu.mp3	audio	游戏音乐和音效
assets/res/app/sounds/cimelia_pofeng.mp3	audio	游戏音乐和音效
assets/res/app/sounds/cimelia_ruishi.mp3	audio	游戏音乐和音效
assets/res/app/sounds/cimelia_ruoshui.mp3	audio	游戏音乐和音效
assets/res/app/sounds/cimelia_shenshui.mp3	audio	游戏音乐和音效
assets/res/app/sounds/cimelia_tuyun.mp3	audio	游戏音乐和音效
assets/res/app/sounds/cimelia_wugou.mp3	audio	游戏音乐和音效
assets/res/app/sounds/cimelia_wutong.mp3	audio	游戏音乐和音效
assets/res/app/sounds/cimelia_ximing.mp3	audio	游戏音乐和音效
assets/res/app/sounds/cimelia_xingfeng.mp3	audio	游戏音乐和音效
assets/res/app/sounds/cimelia_xisha.mp3	audio	游戏音乐和音效
assets/res/app/sounds/cimelia_yanjing.mp3	audio	游戏音乐和音效
assets/res/app/sounds/cimelia_yunni.mp3	audio	游戏音乐和音效
assets/res/app/sounds/commic/sound_comic1.mp3	audio	游戏音乐和音效
assets/res/app/sounds/commic/sound_comic11.mp3	audio	游戏音乐和音效
assets/res/app/sounds/commic/sound_comic12.mp3	audio	游戏音乐和音效
assets/res/app/sounds/commic/sound_comic13.mp3	audio	游戏音乐和音效
assets/res/app/sounds/commic/sound_comic21.mp3	audio	游戏音乐和音效
assets/res/app/sounds/commic/sound_comic22.mp3	audio	游戏音乐和音效
assets/res/app/sounds/commic/sound_comic22_door.mp3	audio	游戏音乐和音效
assets/res/app/sounds/commic/sound_comic23.mp3	audio	游戏音乐和音效
assets/res/app/sounds/commic/sound_comic3.mp3	audio	游戏音乐和音效
assets/res/app/sounds/commic/sound_comic31.mp3	audio	游戏音乐和音效
assets/res/app/sounds/commic/sound_comic32.mp3	audio	游戏音乐和音效
assets/res/app/sounds/commic/sound_comic41.mp3	audio	游戏音乐和音效
assets/res/app/sounds/commic/sound_comic42.mp3	audio	游戏音乐和音效
assets/res/app/sounds/commic/sound_comic43.mp3	audio	游戏音乐和音效
assets/res/app/sounds/commic/sound_comic44.mp3	audio	游戏音乐和音效
assets/res/app/sounds/commic/sound_comic45.mp3	audio	游戏音乐和音效
assets/res/app/sounds/commic/sound_comic46.mp3	audio	游戏音乐和音效
assets/res/app/sounds/commic/sound_comic47.mp3	audio	游戏音乐和音效
assets/res/app/sounds/commic/sound_comic48.mp3	audio	游戏音乐和音效
assets/res/app/sounds/commic/sound_comic5.mp3	audio	游戏音乐和音效
assets/res/app/sounds/commic/sound_comic6.mp3	audio	游戏音乐和音效
assets/res/app/sounds/commic/sound_comic61.mp3	audio	游戏音乐和音效
assets/res/app/sounds/commic/sound_comic62.mp3	audio	游戏音乐和音效
assets/res/app/sounds/commic/sound_comic62_haojiao.mp3	audio	游戏音乐和音效
assets/res/app/sounds/commic/sound_comic63.mp3	audio	游戏音乐和音效
assets/res/app/sounds/commic/sound_comic64.mp3	audio	游戏音乐和音效
assets/res/app/sounds/commic/sound_comic64_sha.mp3	audio	游戏音乐和音效
assets/res/app/sounds/commic/sound_comic65.mp3	audio	游戏音乐和音效
assets/res/app/sounds/commic/sound_comic7.mp3	audio	游戏音乐和音效
assets/res/app/sounds/commic/sound_comic_bg.mp3	audio	游戏音乐和音效
assets/res/app/sounds/commic/stage0_comic.mp3	audio	游戏音乐和音效
assets/res/app/sounds/commic/stage0_open_eye.mp3	audio	游戏音乐和音效
assets/res/app/sounds/commic/stage0_open_music.mp3	audio	游戏音乐和音效
assets/res/app/sounds/commic/stage2_moon_music.mp3	audio	游戏音乐和音效
assets/res/app/sounds/open_commicyinpin1.mp3	audio	游戏音乐和音效
assets/res/app/sounds/open_commicyinpin2.mp3	audio	游戏音乐和音效
assets/res/app/sounds/open_commicyinpin3.mp3	audio	游戏音乐和音效
assets/res/app/sounds/open_commicyinpin4.mp3	audio	游戏音乐和音效
assets/res/app/sounds/open_commicyinpin5.mp3	audio	游戏音乐和音效
assets/res/app/sounds/sfx_advanced.mp3	audio	游戏音乐和音效
assets/res/app/sounds/sfx_attack_magic.mp3	audio	游戏音乐和音效
assets/res/app/sounds/sfx_attack_magic_1.mp3	audio	游戏音乐和音效
assets/res/app/sounds/sfx_attack_punch.mp3	audio	游戏音乐和音效
assets/res/app/sounds/sfx_attack_slash.mp3	audio	游戏音乐和音效
assets/res/app/sounds/sfx_attack_stab.mp3	audio	游戏音乐和音效
assets/res/app/sounds/sfx_bianpao.mp3	audio	游戏音乐和音效
assets/res/app/sounds/sfx_box_open.mp3	audio	游戏音乐和音效
assets/res/app/sounds/sfx_box_ready.mp3	audio	游戏音乐和音效
assets/res/app/sounds/sfx_buddha_cooldown.mp3	audio	游戏音乐和音效
assets/res/app/sounds/sfx_buddha_js.mp3	audio	游戏音乐和音效
assets/res/app/sounds/sfx_buddha_makeup.mp3	audio	游戏音乐和音效
assets/res/app/sounds/sfx_buddha_tu.mp3	audio	游戏音乐和音效
assets/res/app/sounds/sfx_call_get.mp3	audio	游戏音乐和音效
assets/res/app/sounds/sfx_cimelia_get.mp3	audio	游戏音乐和音效
assets/res/app/sounds/sfx_cimelia_upgrade.mp3	audio	游戏音乐和音效
assets/res/app/sounds/sfx_dinner.mp3	audio	游戏音乐和音效
assets/res/app/sounds/sfx_eat.mp3	audio	游戏音乐和音效
assets/res/app/sounds/sfx_energy_go.mp3	audio	游戏音乐和音效
assets/res/app/sounds/sfx_essence_get.mp3	audio	游戏音乐和音效
assets/res/app/sounds/sfx_failed.mp3	audio	游戏音乐和音效
assets/res/app/sounds/sfx_flash_exploed.mp3	audio	游戏音乐和音效
assets/res/app/sounds/sfx_flash_exploed_bak.mp3	audio	游戏音乐和音效
assets/res/app/sounds/sfx_go.mp3	audio	游戏音乐和音效
assets/res/app/sounds/sfx_go_1.mp3	audio	游戏音乐和音效
assets/res/app/sounds/sfx_guide.mp3	audio	游戏音乐和音效
assets/res/app/sounds/sfx_gun_cooldown.mp3	audio	游戏音乐和音效
assets/res/app/sounds/sfx_guwu.mp3	audio	游戏音乐和音效
assets/res/app/sounds/sfx_item_sell.mp3	audio	游戏音乐和音效
assets/res/app/sounds/sfx_item_treasureget.mp3	audio	游戏音乐和音效
assets/res/app/sounds/sfx_item_use.mp3	audio	游戏音乐和音效
assets/res/app/sounds/sfx_item_wind.mp3	audio	游戏音乐和音效
assets/res/app/sounds/sfx_loading.mp3	audio	游戏音乐和音效
assets/res/app/sounds/sfx_lq_upgrade.mp3	audio	游戏音乐和音效
assets/res/app/sounds/sfx_niudan.mp3	audio	游戏音乐和音效
assets/res/app/sounds/sfx_saodang.mp3	audio	游戏音乐和音效
assets/res/app/sounds/sfx_shop_open.mp3	audio	游戏音乐和音效
assets/res/app/sounds/sfx_siwang1.mp3	audio	游戏音乐和音效
assets/res/app/sounds/sfx_siwang2.mp3	audio	游戏音乐和音效
assets/res/app/sounds/sfx_starclear.mp3	audio	游戏音乐和音效
assets/res/app/sounds/sfx_touch.mp3	audio	游戏音乐和音效
assets/res/app/sounds/sfx_touch_shu.mp3	audio	游戏音乐和音效
assets/res/app/sounds/sfx_touch_ti.mp3	audio	游戏音乐和音效
assets/res/app/sounds/sfx_tower_exploded.mp3	audio	游戏音乐和音效
assets/res/app/sounds/sfx_treasure_falling.mp3	audio	游戏音乐和音效
assets/res/app/sounds/sfx_treasure_get.mp3	audio	游戏音乐和音效
assets/res/app/sounds/sfx_upgrade.mp3	audio	游戏音乐和音效
assets/res/app/sounds/sfx_win.mp3	audio	游戏音乐和音效
assets/res/app/sounds/sfx_wrong.mp3	audio	游戏音乐和音效
assets/res/app/sounds/skill/skill_b_1003_1.mp3	audio	游戏音乐和音效
assets/res/app/sounds/skill/skill_b_1004_1.mp3	audio	游戏音乐和音效
assets/res/app/sounds/skill/skill_b_1004_2.mp3	audio	游戏音乐和音效
assets/res/app/sounds/skill/skill_b_1005_1.mp3	audio	游戏音乐和音效
assets/res/app/sounds/skill/skill_b_1006_1.mp3	audio	游戏音乐和音效
assets/res/app/sounds/skill/skill_b_1008_1.mp3	audio	游戏音乐和音效
assets/res/app/sounds/skill/skill_b_1008_2.mp3	audio	游戏音乐和音效
assets/res/app/sounds/skill/skill_b_1011_1.mp3	audio	游戏音乐和音效
assets/res/app/sounds/skill/skill_b_1011_2.mp3	audio	游戏音乐和音效
assets/res/app/sounds/skill/skill_b_1012_1.mp3	audio	游戏音乐和音效
assets/res/app/sounds/skill/skill_b_1012_2.mp3	audio	游戏音乐和音效
assets/res/app/sounds/skill/skill_b_1015_1.mp3	audio	游戏音乐和音效
assets/res/app/sounds/skill/skill_b_1015_2.mp3	audio	游戏音乐和音效
assets/res/app/sounds/skill/skill_b_1016_1.mp3	audio	游戏音乐和音效
assets/res/app/sounds/skill/skill_b_1019_1.mp3	audio	游戏音乐和音效
assets/res/app/sounds/skill/skill_b_1019_2.mp3	audio	游戏音乐和音效
assets/res/app/sounds/skill/skill_b_1020_1.mp3	audio	游戏音乐和音效
assets/res/app/sounds/skill/skill_b_1021_1.mp3	audio	游戏音乐和音效
assets/res/app/sounds/skill/skill_b_1021_2.mp3	audio	游戏音乐和音效
assets/res/app/sounds/skill/skill_b_1021_3.mp3	audio	游戏音乐和音效
assets/res/app/sounds/skill/skill_b_1023_1.mp3	audio	游戏音乐和音效
assets/res/app/sounds/skill/skill_b_1023_2.mp3	audio	游戏音乐和音效
assets/res/app/sounds/skill/skill_b_1024_1.mp3	audio	游戏音乐和音效
assets/res/app/sounds/skill/skill_b_1024_2.mp3	audio	游戏音乐和音效
assets/res/app/sounds/skill/skill_b_1024_3.mp3	audio	游戏音乐和音效
assets/res/app/sounds/skill/skill_b_1024_4.mp3	audio	游戏音乐和音效
assets/res/app/sounds/skill/skill_b_1031_1.mp3	audio	游戏音乐和音效
assets/res/app/sounds/skill/skill_b_1032_1.mp3	audio	游戏音乐和音效
assets/res/app/sounds/skill/skill_b_1036_1.mp3	audio	游戏音乐和音效
assets/res/app/sounds/skill/skill_b_1038_1.mp3	audio	游戏音乐和音效
assets/res/app/sounds/skill/skill_b_1043_1.mp3	audio	游戏音乐和音效
assets/res/app/sounds/skill/skill_b_1048_1.mp3	audio	游戏音乐和音效
assets/res/app/sounds/skill/skill_b_1048_2.mp3	audio	游戏音乐和音效
assets/res/app/sounds/skill/skill_bm_1071_1.mp3	audio	游戏音乐和音效
assets/res/app/sounds/skill/skill_bm_1072_1.mp3	audio	游戏音乐和音效
assets/res/app/sounds/snd026.mp3	audio	游戏音乐和音效
assets/res/app/spin/bg.png	game resource	游戏 UI、场景、图标或玩法资源
assets/res/app/spin/bg_00.png	game resource	游戏 UI、场景、图标或玩法资源
assets/res/app/spin/circle.png	game resource	游戏 UI、场景、图标或玩法资源
assets/res/app/spin/crit.png	game resource	游戏 UI、场景、图标或玩法资源
assets/res/app/spin/desc_bg.png	game resource	游戏 UI、场景、图标或玩法资源
assets/res/app/spin/disk.png	game resource	游戏 UI、场景、图标或玩法资源
assets/res/app/spin/frame.png	game resource	游戏 UI、场景、图标或玩法资源
assets/res/app/spin/img_jackpot.png	game resource	游戏 UI、场景、图标或玩法资源
assets/res/app/spin/img_splitline.png	game resource	游戏 UI、场景、图标或玩法资源
assets/res/app/spin/label.png	game resource	游戏 UI、场景、图标或玩法资源
assets/res/app/spin/pointer.png	game resource	游戏 UI、场景、图标或玩法资源
assets/res/app/spin/start.png	game resource	游戏 UI、场景、图标或玩法资源
assets/res/app/spin/start_h.png	game resource	游戏 UI、场景、图标或玩法资源
assets/res/app/spin/start_u.png	game resource	游戏 UI、场景、图标或玩法资源
assets/res/app/spin/stop.png	game resource	游戏 UI、场景、图标或玩法资源
assets/res/app/spin/stop_h.png	game resource	游戏 UI、场景、图标或玩法资源
assets/res/app/spin/str.png	game resource	游戏 UI、场景、图标或玩法资源
assets/res/app/stage/award.png	game resource	游戏 UI、场景、图标或玩法资源
assets/res/app/stage/award_str.png	game resource	游戏 UI、场景、图标或玩法资源
assets/res/app/stage/award_str1.png	game resource	游戏 UI、场景、图标或玩法资源
assets/res/app/stage/bg.png	game resource	游戏 UI、场景、图标或玩法资源
assets/res/app/stage/bg_elite.png	game resource	游戏 UI、场景、图标或玩法资源
assets/res/app/stage/bg_elite_gray.png	game resource	游戏 UI、场景、图标或玩法资源
assets/res/app/stage/bg_elite_pass.png	game resource	游戏 UI、场景、图标或玩法资源
assets/res/app/stage/bg_num.png	game resource	游戏 UI、场景、图标或玩法资源
assets/res/app/stage/bg_star.png	game resource	游戏 UI、场景、图标或玩法资源
assets/res/app/stage/bird_tx.plist	game resource	游戏 UI、场景、图标或玩法资源
assets/res/app/stage/bird_tx.png	game resource	游戏 UI、场景、图标或玩法资源
assets/res/app/stage/box.png	game resource	游戏 UI、场景、图标或玩法资源
assets/res/app/stage/box_active1.png	game resource	游戏 UI、场景、图标或玩法资源
assets/res/app/stage/box_active2.png	game resource	游戏 UI、场景、图标或玩法资源
assets/res/app/stage/box_active3.png	game resource	游戏 UI、场景、图标或玩法资源
assets/res/app/stage/box_active4.png	game resource	游戏 UI、场景、图标或玩法资源
assets/res/app/stage/box_bar.png	game resource	游戏 UI、场景、图标或玩法资源
assets/res/app/stage/box_normal1.png	game resource	游戏 UI、场景、图标或玩法资源
assets/res/app/stage/box_normal2.png	game resource	游戏 UI、场景、图标或玩法资源
assets/res/app/stage/box_normal3.png	game resource	游戏 UI、场景、图标或玩法资源
assets/res/app/stage/box_progress.png	game resource	游戏 UI、场景、图标或玩法资源
assets/res/app/stage/box_shadow.png	game resource	游戏 UI、场景、图标或玩法资源
assets/res/app/stage/box_text.png	game resource	游戏 UI、场景、图标或玩法资源
assets/res/app/stage/challenge.png	game resource	游戏 UI、场景、图标或玩法资源
assets/res/app/stage/chapter.png	game resource	游戏 UI、场景、图标或玩法资源
assets/res/app/stage/chapter1.png	game resource	游戏 UI、场景、图标或玩法资源
assets/res/app/stage/chapter10.png	game resource	游戏 UI、场景、图标或玩法资源
assets/res/app/stage/chapter11.png	game resource	游戏 UI、场景、图标或玩法资源
assets/res/app/stage/chapter12.png	game resource	游戏 UI、场景、图标或玩法资源
assets/res/app/stage/chapter13.png	game resource	游戏 UI、场景、图标或玩法资源
assets/res/app/stage/chapter2.png	game resource	游戏 UI、场景、图标或玩法资源
assets/res/app/stage/chapter3.png	game resource	游戏 UI、场景、图标或玩法资源
assets/res/app/stage/chapter4.png	game resource	游戏 UI、场景、图标或玩法资源
assets/res/app/stage/chapter5.png	game resource	游戏 UI、场景、图标或玩法资源
assets/res/app/stage/chapter6.png	game resource	游戏 UI、场景、图标或玩法资源
assets/res/app/stage/chapter7.png	game resource	游戏 UI、场景、图标或玩法资源
assets/res/app/stage/chapter8.png	game resource	游戏 UI、场景、图标或玩法资源
assets/res/app/stage/chapter9.png	game resource	游戏 UI、场景、图标或玩法资源
assets/res/app/stage/cloud1.png	game resource	游戏 UI、场景、图标或玩法资源
assets/res/app/stage/cloud2.png	game resource	游戏 UI、场景、图标或玩法资源
assets/res/app/stage/cloud3.png	game resource	游戏 UI、场景、图标或玩法资源
assets/res/app/stage/cloud4.png	game resource	游戏 UI、场景、图标或玩法资源
assets/res/app/stage/elite_num1.png	game resource	游戏 UI、场景、图标或玩法资源
assets/res/app/stage/elite_num2.png	game resource	游戏 UI、场景、图标或玩法资源
assets/res/app/stage/elite_num3.png	game resource	游戏 UI、场景、图标或玩法资源
assets/res/app/stage/elite_num4.png	game resource	游戏 UI、场景、图标或玩法资源
assets/res/app/stage/elite_num_gray1.png	game resource	游戏 UI、场景、图标或玩法资源
assets/res/app/stage/elite_num_gray2.png	game resource	游戏 UI、场景、图标或玩法资源
assets/res/app/stage/elite_num_gray3.png	game resource	游戏 UI、场景、图标或玩法资源
assets/res/app/stage/elite_num_gray4.png	game resource	游戏 UI、场景、图标或玩法资源
assets/res/app/stage/elite_select.png	game resource	游戏 UI、场景、图标或玩法资源
assets/res/app/stage/exp_progress_bar.png	game resource	游戏 UI、场景、图标或玩法资源
assets/res/app/stage/exp_progress_bg.png	game resource	游戏 UI、场景、图标或玩法资源
assets/res/app/stage/gray.png	game resource	游戏 UI、场景、图标或玩法资源
assets/res/app/stage/icon_gray.png	game resource	游戏 UI、场景、图标或玩法资源
assets/res/app/stage/icon_normal.png	game resource	游戏 UI、场景、图标或玩法资源
assets/res/app/stage/lock.png	game resource	游戏 UI、场景、图标或玩法资源
assets/res/app/stage/lock_pic.png	game resource	游戏 UI、场景、图标或玩法资源
assets/res/app/stage/map_elite.png	game resource	游戏 UI、场景、图标或玩法资源
assets/res/app/stage/map_main.png	game resource	游戏 UI、场景、图标或玩法资源
assets/res/app/stage/mark.png	game resource	游戏 UI、场景、图标或玩法资源
assets/res/app/stage/pass_main.png	game resource	游戏 UI、场景、图标或玩法资源
assets/res/app/stage/piece_icon.png	game resource	游戏 UI、场景、图标或玩法资源
assets/res/app/stage/psaa_elite.png	game resource	游戏 UI、场景、图标或玩法资源
assets/res/app/stage/reset_str.png	game resource	游戏 UI、场景、图标或玩法资源
assets/res/app/stage/stage_icon1.png	game resource	游戏 UI、场景、图标或玩法资源
assets/res/app/stage/stage_icon10.png	game resource	游戏 UI、场景、图标或玩法资源
assets/res/app/stage/stage_icon11.png	game resource	游戏 UI、场景、图标或玩法资源
assets/res/app/stage/stage_icon12.png	game resource	游戏 UI、场景、图标或玩法资源
assets/res/app/stage/stage_icon13.png	game resource	游戏 UI、场景、图标或玩法资源
assets/res/app/stage/stage_icon2.png	game resource	游戏 UI、场景、图标或玩法资源
assets/res/app/stage/stage_icon3.png	game resource	游戏 UI、场景、图标或玩法资源
assets/res/app/stage/stage_icon4.png	game resource	游戏 UI、场景、图标或玩法资源
assets/res/app/stage/stage_icon5.png	game resource	游戏 UI、场景、图标或玩法资源
assets/res/app/stage/stage_icon6.png	game resource	游戏 UI、场景、图标或玩法资源
assets/res/app/stage/stage_icon7.png	game resource	游戏 UI、场景、图标或玩法资源
assets/res/app/stage/stage_icon8.png	game resource	游戏 UI、场景、图标或玩法资源
assets/res/app/stage/stage_icon9.png	game resource	游戏 UI、场景、图标或玩法资源
assets/res/app/stage/stage_title_boss.png	game resource	游戏 UI、场景、图标或玩法资源
assets/res/app/stage/stage_title_boss1.png	game resource	游戏 UI、场景、图标或玩法资源
assets/res/app/stage/stage_title_card.png	game resource	游戏 UI、场景、图标或玩法资源
assets/res/app/stage/stage_title_card1.png	game resource	游戏 UI、场景、图标或玩法资源
assets/res/app/stage/stage_title_elite.png	game resource	游戏 UI、场景、图标或玩法资源
assets/res/app/stage/stage_title_elite1.png	game resource	游戏 UI、场景、图标或玩法资源
assets/res/app/stage/stage_title_help.png	game resource	游戏 UI、场景、图标或玩法资源
assets/res/app/stage/stage_title_help1.png	game resource	游戏 UI、场景、图标或玩法资源
assets/res/app/stage/star.png	game resource	游戏 UI、场景、图标或玩法资源
assets/res/app/stage/star_gray.png	game resource	游戏 UI、场景、图标或玩法资源
assets/res/app/stage/sweep_title.png	game resource	游戏 UI、场景、图标或玩法资源
assets/res/app/stage/sweep_title1.png	game resource	游戏 UI、场景、图标或玩法资源
assets/res/app/stage/sweep_title2.png	game resource	游戏 UI、场景、图标或玩法资源
assets/res/app/stage/sweep_title3.png	game resource	游戏 UI、场景、图标或玩法资源
assets/res/app/stage/sweep_title4.png	game resource	游戏 UI、场景、图标或玩法资源
assets/res/app/stage/sweep_title5.png	game resource	游戏 UI、场景、图标或玩法资源
assets/res/app/stage/time_str.png	game resource	游戏 UI、场景、图标或玩法资源
assets/res/app/stage/title.png	game resource	游戏 UI、场景、图标或玩法资源
assets/res/app/stage/title_elite.png	game resource	游戏 UI、场景、图标或玩法资源
assets/res/app/stage/title_elite1.png	game resource	游戏 UI、场景、图标或玩法资源
assets/res/app/stage/title_main.png	game resource	游戏 UI、场景、图标或玩法资源
assets/res/app/stage/title_main1.png	game resource	游戏 UI、场景、图标或玩法资源
assets/res/app/stage/titles/elite_1.png	game resource	游戏 UI、场景、图标或玩法资源
assets/res/app/stage/titles/elite_10.png	game resource	游戏 UI、场景、图标或玩法资源
assets/res/app/stage/titles/elite_11.png	game resource	游戏 UI、场景、图标或玩法资源
assets/res/app/stage/titles/elite_2.png	game resource	游戏 UI、场景、图标或玩法资源
assets/res/app/stage/titles/elite_3.png	game resource	游戏 UI、场景、图标或玩法资源
assets/res/app/stage/titles/elite_4.png	game resource	游戏 UI、场景、图标或玩法资源
assets/res/app/stage/titles/elite_5.png	game resource	游戏 UI、场景、图标或玩法资源
assets/res/app/stage/titles/elite_6.png	game resource	游戏 UI、场景、图标或玩法资源
assets/res/app/stage/titles/elite_7.png	game resource	游戏 UI、场景、图标或玩法资源
assets/res/app/stage/titles/elite_8.png	game resource	游戏 UI、场景、图标或玩法资源
assets/res/app/stage/titles/elite_9.png	game resource	游戏 UI、场景、图标或玩法资源
assets/res/app/stage/titles/main_1.png	game resource	游戏 UI、场景、图标或玩法资源
assets/res/app/stage/titles/main_10.png	game resource	游戏 UI、场景、图标或玩法资源
assets/res/app/stage/titles/main_11.png	game resource	游戏 UI、场景、图标或玩法资源
assets/res/app/stage/titles/main_12.png	game resource	游戏 UI、场景、图标或玩法资源
assets/res/app/stage/titles/main_13.png	game resource	游戏 UI、场景、图标或玩法资源
assets/res/app/stage/titles/main_2.png	game resource	游戏 UI、场景、图标或玩法资源
assets/res/app/stage/titles/main_3.png	game resource	游戏 UI、场景、图标或玩法资源
assets/res/app/stage/titles/main_4.png	game resource	游戏 UI、场景、图标或玩法资源
assets/res/app/stage/titles/main_5.png	game resource	游戏 UI、场景、图标或玩法资源
assets/res/app/stage/titles/main_6.png	game resource	游戏 UI、场景、图标或玩法资源
assets/res/app/stage/titles/main_7.png	game resource	游戏 UI、场景、图标或玩法资源
assets/res/app/stage/titles/main_8.png	game resource	游戏 UI、场景、图标或玩法资源
assets/res/app/stage/titles/main_9.png	game resource	游戏 UI、场景、图标或玩法资源
assets/res/app/stage/treasure_bg.png	game resource	游戏 UI、场景、图标或玩法资源
assets/res/app/stage/treasure_str.png	game resource	游戏 UI、场景、图标或玩法资源
assets/res/app/summon_scene/alert_frame.png	game resource	游戏 UI、场景、图标或玩法资源
assets/res/app/summon_scene/cost_lb1.png	game resource	游戏 UI、场景、图标或玩法资源
assets/res/app/summon_scene/cost_lb2.png	game resource	游戏 UI、场景、图标或玩法资源
assets/res/app/summon_scene/cost_lb3.png	game resource	游戏 UI、场景、图标或玩法资源
assets/res/app/summon_scene/cost_lb4.png	game resource	游戏 UI、场景、图标或玩法资源
assets/res/app/summon_scene/essence_pic.png	game resource	游戏 UI、场景、图标或玩法资源
assets/res/app/summon_scene/frame1.png	game resource	游戏 UI、场景、图标或玩法资源
assets/res/app/summon_scene/frame2.png	game resource	游戏 UI、场景、图标或玩法资源
assets/res/app/summon_scene/frame3.png	game resource	游戏 UI、场景、图标或玩法资源
assets/res/app/summon_scene/frame5.png	game resource	游戏 UI、场景、图标或玩法资源
assets/res/app/summon_scene/frame6.png	game resource	游戏 UI、场景、图标或玩法资源
assets/res/app/summon_scene/free_tip.png	game resource	游戏 UI、场景、图标或玩法资源
assets/res/app/summon_scene/icon1.png	game resource	游戏 UI、场景、图标或玩法资源
assets/res/app/summon_scene/icon2.png	game resource	游戏 UI、场景、图标或玩法资源
assets/res/app/summon_scene/icon3.png	game resource	游戏 UI、场景、图标或玩法资源
assets/res/app/summon_scene/label.png	game resource	游戏 UI、场景、图标或玩法资源
assets/res/app/summon_scene/label1.png	game resource	游戏 UI、场景、图标或玩法资源
assets/res/app/summon_scene/label2.png	game resource	游戏 UI、场景、图标或玩法资源
assets/res/app/summon_scene/light2.png	game resource	游戏 UI、场景、图标或玩法资源
assets/res/app/summon_scene/light3.png	game resource	游戏 UI、场景、图标或玩法资源
assets/res/app/summon_scene/light_tx.plist	game resource	游戏 UI、场景、图标或玩法资源
assets/res/app/summon_scene/light_tx.png	game resource	游戏 UI、场景、图标或玩法资源
assets/res/app/summon_scene/pic_down.png	game resource	游戏 UI、场景、图标或玩法资源
assets/res/app/summon_scene/skan.png	game resource	游戏 UI、场景、图标或玩法资源
assets/res/app/summon_scene/summon_coin1.png	game resource	游戏 UI、场景、图标或玩法资源
assets/res/app/summon_scene/summon_coin2.png	game resource	游戏 UI、场景、图标或玩法资源
assets/res/app/summon_scene/summon_label.png	game resource	游戏 UI、场景、图标或玩法资源
assets/res/app/summon_scene/tab_item1.png	game resource	游戏 UI、场景、图标或玩法资源
assets/res/app/summon_scene/tab_item2.png	game resource	游戏 UI、场景、图标或玩法资源
assets/res/app/summon_scene/tab_piece1.png	game resource	游戏 UI、场景、图标或玩法资源
assets/res/app/summon_scene/tab_piece2.png	game resource	游戏 UI、场景、图标或玩法资源
assets/res/app/summon_scene/vip.png	game resource	游戏 UI、场景、图标或玩法资源
assets/res/app/summon_scene/zhuanhua.plist	game resource	游戏 UI、场景、图标或玩法资源
assets/res/app/summon_scene/zhuanhua.png	game resource	游戏 UI、场景、图标或玩法资源
assets/res/app/survey/bg.png	game resource	游戏 UI、场景、图标或玩法资源
assets/res/app/survey/close.png	game resource	游戏 UI、场景、图标或玩法资源
assets/res/app/task/active.png	game resource	游戏 UI、场景、图标或玩法资源
assets/res/app/task/active_title.png	game resource	游戏 UI、场景、图标或玩法资源
assets/res/app/task/bg.png	game resource	游戏 UI、场景、图标或玩法资源
assets/res/app/task/box1.png	game resource	游戏 UI、场景、图标或玩法资源
assets/res/app/task/box2.png	game resource	游戏 UI、场景、图标或玩法资源
assets/res/app/task/box3.png	game resource	游戏 UI、场景、图标或玩法资源
assets/res/app/task/box4.png	game resource	游戏 UI、场景、图标或玩法资源
assets/res/app/task/got.png	game resource	游戏 UI、场景、图标或玩法资源
assets/res/app/task/item_bg.png	game resource	游戏 UI、场景、图标或玩法资源
assets/res/app/task/progress.png	game resource	游戏 UI、场景、图标或玩法资源
assets/res/app/task/progress_bar.png	game resource	游戏 UI、场景、图标或玩法资源
assets/res/app/task/progress_bg.png	game resource	游戏 UI、场景、图标或玩法资源
assets/res/app/task/tag_achieve.png	game resource	游戏 UI、场景、图标或玩法资源
assets/res/app/task/tag_achieve1.png	game resource	游戏 UI、场景、图标或玩法资源
assets/res/app/task/tag_task.png	game resource	游戏 UI、场景、图标或玩法资源
assets/res/app/task/tag_task1.png	game resource	游戏 UI、场景、图标或玩法资源
assets/res/app/task/tip_text.png	game resource	游戏 UI、场景、图标或玩法资源
assets/res/app/team/assist.png	game resource	游戏 UI、场景、图标或玩法资源
assets/res/app/team/assist1.png	game resource	游戏 UI、场景、图标或玩法资源
assets/res/app/team/assist_bg.png	game resource	游戏 UI、场景、图标或玩法资源
assets/res/app/team/bg.png	game resource	游戏 UI、场景、图标或玩法资源
assets/res/app/team/btn_all1.png	game resource	游戏 UI、场景、图标或玩法资源
assets/res/app/team/btn_all2.png	game resource	游戏 UI、场景、图标或玩法资源
assets/res/app/team/btn_back1.png	game resource	游戏 UI、场景、图标或玩法资源
assets/res/app/team/btn_back2.png	game resource	游戏 UI、场景、图标或玩法资源
assets/res/app/team/btn_front1.png	game resource	游戏 UI、场景、图标或玩法资源
assets/res/app/team/btn_front2.png	game resource	游戏 UI、场景、图标或玩法资源
assets/res/app/team/btn_mid1.png	game resource	游戏 UI、场景、图标或玩法资源
assets/res/app/team/btn_mid2.png	game resource	游戏 UI、场景、图标或玩法资源
assets/res/app/team/ce_frame.png	game resource	游戏 UI、场景、图标或玩法资源
assets/res/app/team/ce_panel.png	game resource	游戏 UI、场景、图标或玩法资源
assets/res/app/team/fate_frame.png	game resource	游戏 UI、场景、图标或玩法资源
assets/res/app/team/fate_frame_h.png	game resource	游戏 UI、场景、图标或玩法资源
assets/res/app/team/fate_icon.png	game resource	游戏 UI、场景、图标或玩法资源
assets/res/app/team/frame.png	game resource	游戏 UI、场景、图标或玩法资源
assets/res/app/team/grid_frame.png	game resource	游戏 UI、场景、图标或玩法资源
assets/res/app/team/grid_frame1.png	game resource	游戏 UI、场景、图标或玩法资源
assets/res/app/team/mark.png	game resource	游戏 UI、场景、图标或玩法资源
assets/res/app/team/mark_mag.png	game resource	游戏 UI、场景、图标或玩法资源
assets/res/app/team/mark_phy.png	game resource	游戏 UI、场景、图标或玩法资源
assets/res/app/team/name_frame.png	game resource	游戏 UI、场景、图标或玩法资源
assets/res/app/team/pic_assist.png	game resource	游戏 UI、场景、图标或玩法资源
assets/res/app/team/pic_hurt.png	game resource	游戏 UI、场景、图标或玩法资源
assets/res/app/team/pic_on.png	game resource	游戏 UI、场景、图标或玩法资源
assets/res/app/team/spirit_frame.png	game resource	游戏 UI、场景、图标或玩法资源
assets/res/app/team/star_bg.png	game resource	游戏 UI、场景、图标或玩法资源
assets/res/app/team/star_tx.plist	game resource	游戏 UI、场景、图标或玩法资源
assets/res/app/team/star_tx.png	game resource	游戏 UI、场景、图标或玩法资源
assets/res/app/team/symbol1.png	game resource	游戏 UI、场景、图标或玩法资源
assets/res/app/team/symbol2.png	game resource	游戏 UI、场景、图标或玩法资源
assets/res/app/team/symbol3.png	game resource	游戏 UI、场景、图标或玩法资源
assets/res/app/team/symbol4.png	game resource	游戏 UI、场景、图标或玩法资源
assets/res/app/team/symbol5.png	game resource	游戏 UI、场景、图标或玩法资源
assets/res/app/team/team_panel.png	game resource	游戏 UI、场景、图标或玩法资源
assets/res/app/tiny_loading/bg.jpg	game resource	游戏 UI、场景、图标或玩法资源
assets/res/app/tiny_loading/hint1.png	game resource	游戏 UI、场景、图标或玩法资源
assets/res/app/tiny_loading/hint10.png	game resource	游戏 UI、场景、图标或玩法资源
assets/res/app/tiny_loading/hint11.png	game resource	游戏 UI、场景、图标或玩法资源
assets/res/app/tiny_loading/hint12.png	game resource	游戏 UI、场景、图标或玩法资源
assets/res/app/tiny_loading/hint13.png	game resource	游戏 UI、场景、图标或玩法资源
assets/res/app/tiny_loading/hint14.png	game resource	游戏 UI、场景、图标或玩法资源
assets/res/app/tiny_loading/hint15.png	game resource	游戏 UI、场景、图标或玩法资源
assets/res/app/tiny_loading/hint16.png	game resource	游戏 UI、场景、图标或玩法资源
assets/res/app/tiny_loading/hint17.png	game resource	游戏 UI、场景、图标或玩法资源
assets/res/app/tiny_loading/hint18.png	game resource	游戏 UI、场景、图标或玩法资源
assets/res/app/tiny_loading/hint19.png	game resource	游戏 UI、场景、图标或玩法资源
assets/res/app/tiny_loading/hint2.png	game resource	游戏 UI、场景、图标或玩法资源
assets/res/app/tiny_loading/hint20.png	game resource	游戏 UI、场景、图标或玩法资源
assets/res/app/tiny_loading/hint21.png	game resource	游戏 UI、场景、图标或玩法资源
assets/res/app/tiny_loading/hint22.png	game resource	游戏 UI、场景、图标或玩法资源
assets/res/app/tiny_loading/hint23.png	game resource	游戏 UI、场景、图标或玩法资源
assets/res/app/tiny_loading/hint24.png	game resource	游戏 UI、场景、图标或玩法资源
assets/res/app/tiny_loading/hint25.png	game resource	游戏 UI、场景、图标或玩法资源
assets/res/app/tiny_loading/hint26.png	game resource	游戏 UI、场景、图标或玩法资源
assets/res/app/tiny_loading/hint27.png	game resource	游戏 UI、场景、图标或玩法资源
assets/res/app/tiny_loading/hint28.png	game resource	游戏 UI、场景、图标或玩法资源
assets/res/app/tiny_loading/hint29.png	game resource	游戏 UI、场景、图标或玩法资源
assets/res/app/tiny_loading/hint3.png	game resource	游戏 UI、场景、图标或玩法资源
assets/res/app/tiny_loading/hint30.png	game resource	游戏 UI、场景、图标或玩法资源
assets/res/app/tiny_loading/hint31.png	game resource	游戏 UI、场景、图标或玩法资源
assets/res/app/tiny_loading/hint32.png	game resource	游戏 UI、场景、图标或玩法资源
assets/res/app/tiny_loading/hint33.png	game resource	游戏 UI、场景、图标或玩法资源
assets/res/app/tiny_loading/hint34.png	game resource	游戏 UI、场景、图标或玩法资源
assets/res/app/tiny_loading/hint35.png	game resource	游戏 UI、场景、图标或玩法资源
assets/res/app/tiny_loading/hint36.png	game resource	游戏 UI、场景、图标或玩法资源
assets/res/app/tiny_loading/hint37.png	game resource	游戏 UI、场景、图标或玩法资源
assets/res/app/tiny_loading/hint38.png	game resource	游戏 UI、场景、图标或玩法资源
assets/res/app/tiny_loading/hint39.png	game resource	游戏 UI、场景、图标或玩法资源
assets/res/app/tiny_loading/hint4.png	game resource	游戏 UI、场景、图标或玩法资源
assets/res/app/tiny_loading/hint40.png	game resource	游戏 UI、场景、图标或玩法资源
assets/res/app/tiny_loading/hint41.png	game resource	游戏 UI、场景、图标或玩法资源
assets/res/app/tiny_loading/hint42.png	game resource	游戏 UI、场景、图标或玩法资源
assets/res/app/tiny_loading/hint43.png	game resource	游戏 UI、场景、图标或玩法资源
assets/res/app/tiny_loading/hint44.png	game resource	游戏 UI、场景、图标或玩法资源
assets/res/app/tiny_loading/hint5.png	game resource	游戏 UI、场景、图标或玩法资源
assets/res/app/tiny_loading/hint6.png	game resource	游戏 UI、场景、图标或玩法资源
assets/res/app/tiny_loading/hint7.png	game resource	游戏 UI、场景、图标或玩法资源
assets/res/app/tiny_loading/hint8.png	game resource	游戏 UI、场景、图标或玩法资源
assets/res/app/tiny_loading/hint9.png	game resource	游戏 UI、场景、图标或玩法资源
assets/res/app/tiny_loading/role1.png	game resource	游戏 UI、场景、图标或玩法资源
assets/res/app/tiny_loading/role2.png	game resource	游戏 UI、场景、图标或玩法资源
assets/res/app/tiny_loading/role3.png	game resource	游戏 UI、场景、图标或玩法资源
assets/res/app/tiny_loading/role4.png	game resource	游戏 UI、场景、图标或玩法资源
assets/res/app/tiny_loading/role5.png	game resource	游戏 UI、场景、图标或玩法资源
assets/res/app/travel/awful.png	game resource	游戏 UI、场景、图标或玩法资源
assets/res/app/travel/bg.png	game resource	游戏 UI、场景、图标或玩法资源
assets/res/app/travel/dialog.png	game resource	游戏 UI、场景、图标或玩法资源
assets/res/app/travel/even.png	game resource	游戏 UI、场景、图标或玩法资源
assets/res/app/travel/even_gray.png	game resource	游戏 UI、场景、图标或玩法资源
assets/res/app/travel/hard.png	game resource	游戏 UI、场景、图标或玩法资源
assets/res/app/travel/mask.png	game resource	游戏 UI、场景、图标或玩法资源
assets/res/app/travel/normal.png	game resource	游戏 UI、场景、图标或玩法资源
assets/res/app/travel/odd.png	game resource	游戏 UI、场景、图标或玩法资源
assets/res/app/travel/odd_gray.png	game resource	游戏 UI、场景、图标或玩法资源
assets/res/app/travel/sunday.png	game resource	游戏 UI、场景、图标或玩法资源
assets/res/app/travel/sunday_gray.png	game resource	游戏 UI、场景、图标或玩法资源
assets/res/app/travel/terrible.png	game resource	游戏 UI、场景、图标或玩法资源
assets/res/app/treasure/alert/piece0.png	game resource	游戏 UI、场景、图标或玩法资源
assets/res/app/treasure/alert/piece1.png	game resource	游戏 UI、场景、图标或玩法资源
assets/res/app/treasure/alert/piece2.png	game resource	游戏 UI、场景、图标或玩法资源
assets/res/app/treasure/alert/piece3.png	game resource	游戏 UI、场景、图标或玩法资源
assets/res/app/treasure/frame_tp.png	game resource	游戏 UI、场景、图标或玩法资源
assets/res/app/treasure/icon1.png	game resource	游戏 UI、场景、图标或玩法资源
assets/res/app/treasure/icon2.png	game resource	游戏 UI、场景、图标或玩法资源
assets/res/app/treasure/icon3.png	game resource	游戏 UI、场景、图标或玩法资源
assets/res/app/treasure/icon4.png	game resource	游戏 UI、场景、图标或玩法资源
assets/res/app/treasure/icon5.png	game resource	游戏 UI、场景、图标或玩法资源
assets/res/app/treasure/icon6.png	game resource	游戏 UI、场景、图标或玩法资源
assets/res/app/treasure/icon7.png	game resource	游戏 UI、场景、图标或玩法资源
assets/res/app/treasure/icon8.png	game resource	游戏 UI、场景、图标或玩法资源
assets/res/app/treasure/img_01.png	game resource	游戏 UI、场景、图标或玩法资源
assets/res/app/treasure/label1.png	game resource	游戏 UI、场景、图标或玩法资源
assets/res/app/treasure/label2.png	game resource	游戏 UI、场景、图标或玩法资源
assets/res/app/treasure/piece0.png	game resource	游戏 UI、场景、图标或玩法资源
assets/res/app/treasure/piece1.png	game resource	游戏 UI、场景、图标或玩法资源
assets/res/app/treasure/piece2.png	game resource	游戏 UI、场景、图标或玩法资源
assets/res/app/treasure/piece3.png	game resource	游戏 UI、场景、图标或玩法资源
assets/res/app/treasure/piece_selected.png	game resource	游戏 UI、场景、图标或玩法资源
assets/res/app/treasure/treasure0_pic.png	game resource	游戏 UI、场景、图标或玩法资源
assets/res/app/treasure/treasure10_attrib_des.png	game resource	游戏 UI、场景、图标或玩法资源
assets/res/app/treasure/treasure10_attrib_icon.png	game resource	游戏 UI、场景、图标或玩法资源
assets/res/app/treasure/treasure10_name.png	game resource	游戏 UI、场景、图标或玩法资源
assets/res/app/treasure/treasure10_pic.png	game resource	游戏 UI、场景、图标或玩法资源
assets/res/app/treasure/treasure11_attrib_des.png	game resource	游戏 UI、场景、图标或玩法资源
assets/res/app/treasure/treasure11_attrib_icon.png	game resource	游戏 UI、场景、图标或玩法资源
assets/res/app/treasure/treasure11_name.png	game resource	游戏 UI、场景、图标或玩法资源
assets/res/app/treasure/treasure11_pic.png	game resource	游戏 UI、场景、图标或玩法资源
assets/res/app/treasure/treasure12_attrib_des.png	game resource	游戏 UI、场景、图标或玩法资源
assets/res/app/treasure/treasure12_attrib_icon.png	game resource	游戏 UI、场景、图标或玩法资源
assets/res/app/treasure/treasure12_name.png	game resource	游戏 UI、场景、图标或玩法资源
assets/res/app/treasure/treasure12_pic.png	game resource	游戏 UI、场景、图标或玩法资源
assets/res/app/treasure/treasure13_attrib_des.png	game resource	游戏 UI、场景、图标或玩法资源
assets/res/app/treasure/treasure13_attrib_icon.png	game resource	游戏 UI、场景、图标或玩法资源
assets/res/app/treasure/treasure13_name.png	game resource	游戏 UI、场景、图标或玩法资源
assets/res/app/treasure/treasure13_pic.png	game resource	游戏 UI、场景、图标或玩法资源
assets/res/app/treasure/treasure1_attrib_des.png	game resource	游戏 UI、场景、图标或玩法资源
assets/res/app/treasure/treasure1_attrib_icon.png	game resource	游戏 UI、场景、图标或玩法资源
assets/res/app/treasure/treasure1_name.png	game resource	游戏 UI、场景、图标或玩法资源
assets/res/app/treasure/treasure1_pic.png	game resource	游戏 UI、场景、图标或玩法资源
assets/res/app/treasure/treasure2_attrib_des.png	game resource	游戏 UI、场景、图标或玩法资源
assets/res/app/treasure/treasure2_attrib_icon.png	game resource	游戏 UI、场景、图标或玩法资源
assets/res/app/treasure/treasure2_name.png	game resource	游戏 UI、场景、图标或玩法资源
assets/res/app/treasure/treasure2_pic.png	game resource	游戏 UI、场景、图标或玩法资源
assets/res/app/treasure/treasure3_attrib_des.png	game resource	游戏 UI、场景、图标或玩法资源
assets/res/app/treasure/treasure3_attrib_icon.png	game resource	游戏 UI、场景、图标或玩法资源
assets/res/app/treasure/treasure3_name.png	game resource	游戏 UI、场景、图标或玩法资源
assets/res/app/treasure/treasure3_pic.png	game resource	游戏 UI、场景、图标或玩法资源
assets/res/app/treasure/treasure4_attrib_des.png	game resource	游戏 UI、场景、图标或玩法资源
assets/res/app/treasure/treasure4_attrib_icon.png	game resource	游戏 UI、场景、图标或玩法资源
assets/res/app/treasure/treasure4_name.png	game resource	游戏 UI、场景、图标或玩法资源
assets/res/app/treasure/treasure4_pic.png	game resource	游戏 UI、场景、图标或玩法资源
assets/res/app/treasure/treasure5_attrib_des.png	game resource	游戏 UI、场景、图标或玩法资源
assets/res/app/treasure/treasure5_attrib_icon.png	game resource	游戏 UI、场景、图标或玩法资源
assets/res/app/treasure/treasure5_name.png	game resource	游戏 UI、场景、图标或玩法资源
assets/res/app/treasure/treasure5_pic.png	game resource	游戏 UI、场景、图标或玩法资源
assets/res/app/treasure/treasure6_attrib_des.png	game resource	游戏 UI、场景、图标或玩法资源
assets/res/app/treasure/treasure6_attrib_icon.png	game resource	游戏 UI、场景、图标或玩法资源
assets/res/app/treasure/treasure6_name.png	game resource	游戏 UI、场景、图标或玩法资源
assets/res/app/treasure/treasure6_pic.png	game resource	游戏 UI、场景、图标或玩法资源
assets/res/app/treasure/treasure7_attrib_des.png	game resource	游戏 UI、场景、图标或玩法资源
assets/res/app/treasure/treasure7_attrib_icon.png	game resource	游戏 UI、场景、图标或玩法资源
assets/res/app/treasure/treasure7_name.png	game resource	游戏 UI、场景、图标或玩法资源
assets/res/app/treasure/treasure7_pic.png	game resource	游戏 UI、场景、图标或玩法资源
assets/res/app/treasure/treasure8_attrib_des.png	game resource	游戏 UI、场景、图标或玩法资源
assets/res/app/treasure/treasure8_attrib_icon.png	game resource	游戏 UI、场景、图标或玩法资源
assets/res/app/treasure/treasure8_name.png	game resource	游戏 UI、场景、图标或玩法资源
assets/res/app/treasure/treasure8_pic.png	game resource	游戏 UI、场景、图标或玩法资源
assets/res/app/treasure/treasure9_attrib_des.png	game resource	游戏 UI、场景、图标或玩法资源
assets/res/app/treasure/treasure9_attrib_icon.png	game resource	游戏 UI、场景、图标或玩法资源
assets/res/app/treasure/treasure9_name.png	game resource	游戏 UI、场景、图标或玩法资源
assets/res/app/treasure/treasure9_pic.png	game resource	游戏 UI、场景、图标或玩法资源
assets/res/app/treasure/treasure_frame.png	game resource	游戏 UI、场景、图标或玩法资源
assets/res/app/treasure/treasure_label1.png	game resource	游戏 UI、场景、图标或玩法资源
assets/res/app/treasure/treasure_label2.png	game resource	游戏 UI、场景、图标或玩法资源
assets/res/app/treasure/treasure_tip1.png	game resource	游戏 UI、场景、图标或玩法资源
assets/res/app/treasure/treasure_tip2.png	game resource	游戏 UI、场景、图标或玩法资源
assets/res/app/treasure/up.png	game resource	游戏 UI、场景、图标或玩法资源
assets/res/app/ui/LayerFriendPkApply.csb	game resource	游戏 UI、场景、图标或玩法资源
assets/res/app/ui/LayerMail.csb	game resource	游戏 UI、场景、图标或玩法资源
assets/res/app/ui/LayerMaintain.csb	game resource	游戏 UI、场景、图标或玩法资源
assets/res/app/ui/LayerNotice.csb	game resource	游戏 UI、场景、图标或玩法资源
assets/res/app/ui/LayerPVPOlResult.csb	game resource	游戏 UI、场景、图标或玩法资源
assets/res/app/ui/LayerPVPOlReward.csb	game resource	游戏 UI、场景、图标或玩法资源
assets/res/app/ui/LayerRewardPreview.csb	game resource	游戏 UI、场景、图标或玩法资源
assets/res/app/ui/ListItemMail.ccbi	game resource	游戏 UI、场景、图标或玩法资源
assets/res/app/ui/ListItemPVPOlReward.csb	game resource	游戏 UI、场景、图标或玩法资源
assets/res/app/union/adorn2.png	game resource	游戏 UI、场景、图标或玩法资源
assets/res/app/union/bar_bg.png	game resource	游戏 UI、场景、图标或玩法资源
assets/res/app/union/bar_pro.png	game resource	游戏 UI、场景、图标或玩法资源
assets/res/app/union/battle/VS.png	game resource	游戏 UI、场景、图标或玩法资源
assets/res/app/union/battle/attack_list.png	game resource	游戏 UI、场景、图标或玩法资源
assets/res/app/union/battle/award_attack.png	game resource	游戏 UI、场景、图标或玩法资源
assets/res/app/union/battle/award_attack1.png	game resource	游戏 UI、场景、图标或玩法资源
assets/res/app/union/battle/award_eg.png	game resource	游戏 UI、场景、图标或玩法资源
assets/res/app/union/battle/award_normal.png	game resource	游戏 UI、场景、图标或玩法资源
assets/res/app/union/battle/award_normal1.png	game resource	游戏 UI、场景、图标或玩法资源
assets/res/app/union/battle/award_title.png	game resource	游戏 UI、场景、图标或玩法资源
assets/res/app/union/battle/battle_result.png	game resource	游戏 UI、场景、图标或玩法资源
assets/res/app/union/battle/bg.jpg	game resource	游戏 UI、场景、图标或玩法资源
assets/res/app/union/battle/boss_dead.png	game resource	游戏 UI、场景、图标或玩法资源
assets/res/app/union/battle/box_booty.png	game resource	游戏 UI、场景、图标或玩法资源
assets/res/app/union/battle/btn1_normal.png	game resource	游戏 UI、场景、图标或玩法资源
assets/res/app/union/battle/btn1_press.png	game resource	游戏 UI、场景、图标或玩法资源
assets/res/app/union/battle/btn2_normal.png	game resource	游戏 UI、场景、图标或玩法资源
assets/res/app/union/battle/btn2_press.png	game resource	游戏 UI、场景、图标或玩法资源
assets/res/app/union/battle/buzhen.png	game resource	游戏 UI、场景、图标或玩法资源
assets/res/app/union/battle/congratulation.png	game resource	游戏 UI、场景、图标或玩法资源
assets/res/app/union/battle/duizhen.png	game resource	游戏 UI、场景、图标或玩法资源
assets/res/app/union/battle/frame_ally.png	game resource	游戏 UI、场景、图标或玩法资源
assets/res/app/union/battle/frame_enemy.png	game resource	游戏 UI、场景、图标或玩法资源
assets/res/app/union/battle/frame_label.png	game resource	游戏 UI、场景、图标或玩法资源
assets/res/app/union/battle/fudi.png	game resource	游戏 UI、场景、图标或玩法资源
assets/res/app/union/battle/guard_fail.png	game resource	游戏 UI、场景、图标或玩法资源
assets/res/app/union/battle/guard_item.png	game resource	游戏 UI、场景、图标或玩法资源
assets/res/app/union/battle/guard_name.png	game resource	游戏 UI、场景、图标或玩法资源
assets/res/app/union/battle/guard_succ.png	game resource	游戏 UI、场景、图标或玩法资源
assets/res/app/union/battle/halo.png	game resource	游戏 UI、场景、图标或玩法资源
assets/res/app/union/battle/jiangli.png	game resource	游戏 UI、场景、图标或玩法资源
assets/res/app/union/battle/jinrudaochang.png	game resource	游戏 UI、场景、图标或玩法资源
assets/res/app/union/battle/mark_question.png	game resource	游戏 UI、场景、图标或玩法资源
assets/res/app/union/battle/my_situation.png	game resource	游戏 UI、场景、图标或玩法资源
assets/res/app/union/battle/my_situation1.png	game resource	游戏 UI、场景、图标或玩法资源
assets/res/app/union/battle/name_frame.png	game resource	游戏 UI、场景、图标或玩法资源
assets/res/app/union/battle/pic_vs.png	game resource	游戏 UI、场景、图标或玩法资源
assets/res/app/union/battle/pro_Blue.png	game resource	游戏 UI、场景、图标或玩法资源
assets/res/app/union/battle/pro_bar.png	game resource	游戏 UI、场景、图标或玩法资源
assets/res/app/union/battle/pro_frame.png	game resource	游戏 UI、场景、图标或玩法资源
assets/res/app/union/battle/rank_attack.png	game resource	游戏 UI、场景、图标或玩法资源
assets/res/app/union/battle/rank_attack1.png	game resource	游戏 UI、场景、图标或玩法资源
assets/res/app/union/battle/rank_battle.png	game resource	游戏 UI、场景、图标或玩法资源
assets/res/app/union/battle/rank_battle1.png	game resource	游戏 UI、场景、图标或玩法资源
assets/res/app/union/battle/rank_guard.png	game resource	游戏 UI、场景、图标或玩法资源
assets/res/app/union/battle/rank_guard1.png	game resource	游戏 UI、场景、图标或玩法资源
assets/res/app/union/battle/relive.png	game resource	游戏 UI、场景、图标或玩法资源
assets/res/app/union/battle/score.png	game resource	游戏 UI、场景、图标或玩法资源
assets/res/app/union/battle/title.png	game resource	游戏 UI、场景、图标或玩法资源
assets/res/app/union/battle/title_booty.png	game resource	游戏 UI、场景、图标或玩法资源
assets/res/app/union/battle/touxiangkuang.png	game resource	游戏 UI、场景、图标或玩法资源
assets/res/app/union/battle/wangzuo.png	game resource	游戏 UI、场景、图标或玩法资源
assets/res/app/union/battle/win_attack.png	game resource	游戏 UI、场景、图标或玩法资源
assets/res/app/union/battle/win_guard.png	game resource	游戏 UI、场景、图标或玩法资源
assets/res/app/union/battle/xfbaoming.png	game resource	游戏 UI、场景、图标或玩法资源
assets/res/app/union/battle/xueliang.png	game resource	游戏 UI、场景、图标或玩法资源
assets/res/app/union/battle/zhanbao.png	game resource	游戏 UI、场景、图标或玩法资源
assets/res/app/union/battle/zhankuang.png	game resource	游戏 UI、场景、图标或玩法资源
assets/res/app/union/battle/zhanlipin.png	game resource	游戏 UI、场景、图标或玩法资源
assets/res/app/union/bg_inner.png	game resource	游戏 UI、场景、图标或玩法资源
assets/res/app/union/bnt_delete.png	game resource	游戏 UI、场景、图标或玩法资源
assets/res/app/union/bnt_delete1.png	game resource	游戏 UI、场景、图标或玩法资源
assets/res/app/union/btn_appoint.png	game resource	游戏 UI、场景、图标或玩法资源
assets/res/app/union/btn_appoint1.png	game resource	游戏 UI、场景、图标或玩法资源
assets/res/app/union/btn_back.png	game resource	游戏 UI、场景、图标或玩法资源
assets/res/app/union/btn_chat.png	game resource	游戏 UI、场景、图标或玩法资源
assets/res/app/union/btn_pass.png	game resource	游戏 UI、场景、图标或玩法资源
assets/res/app/union/btn_pass_no.png	game resource	游戏 UI、场景、图标或玩法资源
assets/res/app/union/btn_pk.png	game resource	游戏 UI、场景、图标或玩法资源
assets/res/app/union/btn_team.png	game resource	游戏 UI、场景、图标或玩法资源
assets/res/app/union/cloud1.png	game resource	游戏 UI、场景、图标或玩法资源
assets/res/app/union/cloud2.png	game resource	游戏 UI、场景、图标或玩法资源
assets/res/app/union/cloud3.png	game resource	游戏 UI、场景、图标或玩法资源
assets/res/app/union/common_frame.png	game resource	游戏 UI、场景、图标或玩法资源
assets/res/app/union/contribute/frame1.png	game resource	游戏 UI、场景、图标或玩法资源
assets/res/app/union/contribute/frame2.png	game resource	游戏 UI、场景、图标或玩法资源
assets/res/app/union/contribute/frame3.png	game resource	游戏 UI、场景、图标或玩法资源
assets/res/app/union/contribute/title_contribute.png	game resource	游戏 UI、场景、图标或玩法资源
assets/res/app/union/contributions.png	game resource	游戏 UI、场景、图标或玩法资源
assets/res/app/union/defence/adorn1.png	game resource	游戏 UI、场景、图标或玩法资源
assets/res/app/union/defence/background01.png	game resource	游戏 UI、场景、图标或玩法资源
assets/res/app/union/defence/bg.jpg	game resource	游戏 UI、场景、图标或玩法资源
assets/res/app/union/defence/bg_scale9.png	game resource	游戏 UI、场景、图标或玩法资源
assets/res/app/union/defence/boss_name1.png	game resource	游戏 UI、场景、图标或玩法资源
assets/res/app/union/defence/boss_name2.png	game resource	游戏 UI、场景、图标或玩法资源
assets/res/app/union/defence/boss_name3.png	game resource	游戏 UI、场景、图标或玩法资源
assets/res/app/union/defence/boss_name4.png	game resource	游戏 UI、场景、图标或玩法资源
assets/res/app/union/defence/boss_name5.png	game resource	游戏 UI、场景、图标或玩法资源
assets/res/app/union/defence/btn_left.png	game resource	游戏 UI、场景、图标或玩法资源
assets/res/app/union/defence/change.png	game resource	游戏 UI、场景、图标或玩法资源
assets/res/app/union/defence/feed.png	game resource	游戏 UI、场景、图标或玩法资源
assets/res/app/union/defence/feed_record.png	game resource	游戏 UI、场景、图标或玩法资源
assets/res/app/union/defence/feed_record_title.png	game resource	游戏 UI、场景、图标或玩法资源
assets/res/app/union/defence/frame_input.png	game resource	游戏 UI、场景、图标或玩法资源
assets/res/app/union/defence/tab_btn1.png	game resource	游戏 UI、场景、图标或玩法资源
assets/res/app/union/defence/tab_btn1_h.png	game resource	游戏 UI、场景、图标或玩法资源
assets/res/app/union/defence/tab_btn2.png	game resource	游戏 UI、场景、图标或玩法资源
assets/res/app/union/defence/tab_btn2_h.png	game resource	游戏 UI、场景、图标或玩法资源
assets/res/app/union/defence/tangseng.png	game resource	游戏 UI、场景、图标或玩法资源
assets/res/app/union/defence/tiaozhan.png	game resource	游戏 UI、场景、图标或玩法资源
assets/res/app/union/defence/tiaozhan2.png	game resource	游戏 UI、场景、图标或玩法资源
assets/res/app/union/defence/tiaozhan_dis.png	game resource	游戏 UI、场景、图标或玩法资源
assets/res/app/union/defence/title.png	game resource	游戏 UI、场景、图标或玩法资源
assets/res/app/union/defence/training.png	game resource	游戏 UI、场景、图标或玩法资源
assets/res/app/union/defence/weiyang.png	game resource	游戏 UI、场景、图标或玩法资源
assets/res/app/union/defence/weiyang2.png	game resource	游戏 UI、场景、图标或玩法资源
assets/res/app/union/fairyland/bg1.png	game resource	游戏 UI、场景、图标或玩法资源
assets/res/app/union/fairyland/bg2.png	game resource	游戏 UI、场景、图标或玩法资源
assets/res/app/union/fairyland/icon1.png	game resource	游戏 UI、场景、图标或玩法资源
assets/res/app/union/fairyland/icon2.png	game resource	游戏 UI、场景、图标或玩法资源
assets/res/app/union/fairyland/icon3.png	game resource	游戏 UI、场景、图标或玩法资源
assets/res/app/union/fairyland/pic_buddha.png	game resource	游戏 UI、场景、图标或玩法资源
assets/res/app/union/fairyland/pic_circle.png	game resource	游戏 UI、场景、图标或玩法资源
assets/res/app/union/fairyland/union_tx1.plist	game resource	游戏 UI、场景、图标或玩法资源
assets/res/app/union/fairyland/union_tx1.png	game resource	游戏 UI、场景、图标或玩法资源
assets/res/app/union/fairyland/union_tx2.plist	game resource	游戏 UI、场景、图标或玩法资源
assets/res/app/union/fairyland/union_tx2.png	game resource	游戏 UI、场景、图标或玩法资源
assets/res/app/union/frame_input.png	game resource	游戏 UI、场景、图标或玩法资源
assets/res/app/union/icon1.png	game resource	游戏 UI、场景、图标或玩法资源
assets/res/app/union/icon1_tx.png	game resource	游戏 UI、场景、图标或玩法资源
assets/res/app/union/icon2.png	game resource	游戏 UI、场景、图标或玩法资源
assets/res/app/union/icon2_tx1.png	game resource	游戏 UI、场景、图标或玩法资源
assets/res/app/union/icon2_tx2.png	game resource	游戏 UI、场景、图标或玩法资源
assets/res/app/union/icon2_tx3.png	game resource	游戏 UI、场景、图标或玩法资源
assets/res/app/union/icon3.png	game resource	游戏 UI、场景、图标或玩法资源
assets/res/app/union/icon4.png	game resource	游戏 UI、场景、图标或玩法资源
assets/res/app/union/icon_chat.png	game resource	游戏 UI、场景、图标或玩法资源
assets/res/app/union/icon_info.png	game resource	游戏 UI、场景、图标或玩法资源
assets/res/app/union/icon_member.png	game resource	游戏 UI、场景、图标或玩法资源
assets/res/app/union/icon_patrol.png	game resource	游戏 UI、场景、图标或玩法资源
assets/res/app/union/icon_union.png	game resource	游戏 UI、场景、图标或玩法资源
assets/res/app/union/icon_unions.png	game resource	游戏 UI、场景、图标或玩法资源
assets/res/app/union/label_id.png	game resource	游戏 UI、场景、图标或玩法资源
assets/res/app/union/label_level.png	game resource	游戏 UI、场景、图标或玩法资源
assets/res/app/union/label_name.png	game resource	游戏 UI、场景、图标或玩法资源
assets/res/app/union/label_num.png	game resource	游戏 UI、场景、图标或玩法资源
assets/res/app/union/lb_contri.png	game resource	游戏 UI、场景、图标或玩法资源
assets/res/app/union/name_battle.png	game resource	游戏 UI、场景、图标或玩法资源
assets/res/app/union/name_contri.png	game resource	游戏 UI、场景、图标或玩法资源
assets/res/app/union/name_monster.png	game resource	游戏 UI、场景、图标或玩法资源
assets/res/app/union/name_shop.png	game resource	游戏 UI、场景、图标或玩法资源
assets/res/app/union/patrol/img_detail_5.png	game resource	游戏 UI、场景、图标或玩法资源
assets/res/app/union/patrol/img_detail_7.png	game resource	游戏 UI、场景、图标或玩法资源
assets/res/app/union/patrol/img_detail_9.png	game resource	游戏 UI、场景、图标或玩法资源
assets/res/app/union/patrol/img_detail_bar_01.png	game resource	游戏 UI、场景、图标或玩法资源
assets/res/app/union/patrol/img_detail_bar_02.png	game resource	游戏 UI、场景、图标或玩法资源
assets/res/app/union/patrol/img_detail_bottom_02.png	game resource	游戏 UI、场景、图标或玩法资源
assets/res/app/union/patrol/img_detail_satisfy.png	game resource	游戏 UI、场景、图标或玩法资源
assets/res/app/union/patrol/img_goal_bottom.png	game resource	游戏 UI、场景、图标或玩法资源
assets/res/app/union/patrol/img_icon_fighting.png	game resource	游戏 UI、场景、图标或玩法资源
assets/res/app/union/patrol/img_icon_inf.png	game resource	游戏 UI、场景、图标或玩法资源
assets/res/app/union/patrol/img_patrol_aim_pic.png	game resource	游戏 UI、场景、图标或玩法资源
assets/res/app/union/patrol/img_patrol_background.jpg	game resource	游戏 UI、场景、图标或玩法资源
assets/res/app/union/patrol/img_patrol_bottom_01.png	game resource	游戏 UI、场景、图标或玩法资源
assets/res/app/union/patrol/img_patrol_bottom_02.png	game resource	游戏 UI、场景、图标或玩法资源
assets/res/app/union/patrol/img_patrol_task_epic.png	game resource	游戏 UI、场景、图标或玩法资源
assets/res/app/union/patrol/img_patrol_task_gray.png	game resource	游戏 UI、场景、图标或玩法资源
assets/res/app/union/patrol/img_patrol_task_locked.png	game resource	游戏 UI、场景、图标或玩法资源
assets/res/app/union/patrol/img_patrol_task_normal.png	game resource	游戏 UI、场景、图标或玩法资源
assets/res/app/union/patrol/img_patrol_title1.png	game resource	游戏 UI、场景、图标或玩法资源
assets/res/app/union/patrol/img_patrol_title2.png	game resource	游戏 UI、场景、图标或玩法资源
assets/res/app/union/patrol/img_patrol_title3.png	game resource	游戏 UI、场景、图标或玩法资源
assets/res/app/union/patrol/img_rent_bottom.png	game resource	游戏 UI、场景、图标或玩法资源
assets/res/app/union/patrol/img_stone.png	game resource	游戏 UI、场景、图标或玩法资源
assets/res/app/union/patrol/img_task_background.jpg	game resource	游戏 UI、场景、图标或玩法资源
assets/res/app/union/patrol/img_task_bar_01.png	game resource	游戏 UI、场景、图标或玩法资源
assets/res/app/union/patrol/img_task_bar_02.png	game resource	游戏 UI、场景、图标或玩法资源
assets/res/app/union/patrol/img_task_chosen.png	game resource	游戏 UI、场景、图标或玩法资源
assets/res/app/union/patrol/img_task_epic.jpg	game resource	游戏 UI、场景、图标或玩法资源
assets/res/app/union/patrol/img_task_finish.png	game resource	游戏 UI、场景、图标或玩法资源
assets/res/app/union/patrol/img_task_gray.jpg	game resource	游戏 UI、场景、图标或玩法资源
assets/res/app/union/patrol/img_task_icon.png	game resource	游戏 UI、场景、图标或玩法资源
assets/res/app/union/patrol/img_task_locked.jpg	game resource	游戏 UI、场景、图标或玩法资源
assets/res/app/union/patrol/img_task_normal.jpg	game resource	游戏 UI、场景、图标或玩法资源
assets/res/app/union/patrol/img_task_nostart.png	game resource	游戏 UI、场景、图标或玩法资源
assets/res/app/union/patrol/img_task_patrol.png	game resource	游戏 UI、场景、图标或玩法资源
assets/res/app/union/patrol/img_task_tips.png	game resource	游戏 UI、场景、图标或玩法资源
assets/res/app/union/patrol/property/consume1_01.png	game resource	游戏 UI、场景、图标或玩法资源
assets/res/app/union/patrol/property/consume1_02.png	game resource	游戏 UI、场景、图标或玩法资源
assets/res/app/union/patrol/property/consume2_01.png	game resource	游戏 UI、场景、图标或玩法资源
assets/res/app/union/patrol/property/consume2_02.png	game resource	游戏 UI、场景、图标或玩法资源
assets/res/app/union/patrol/property/consume3_01.png	game resource	游戏 UI、场景、图标或玩法资源
assets/res/app/union/patrol/property/consume3_02.png	game resource	游戏 UI、场景、图标或玩法资源
assets/res/app/union/patrol/property/consume4_01.png	game resource	游戏 UI、场景、图标或玩法资源
assets/res/app/union/patrol/property/consume4_02.png	game resource	游戏 UI、场景、图标或玩法资源
assets/res/app/union/patrol/property/consume5_01.png	game resource	游戏 UI、场景、图标或玩法资源
assets/res/app/union/patrol/property/consume5_02.png	game resource	游戏 UI、场景、图标或玩法资源
assets/res/app/union/patrol/property/consume6_01.png	game resource	游戏 UI、场景、图标或玩法资源
assets/res/app/union/patrol/property/consume6_02.png	game resource	游戏 UI、场景、图标或玩法资源
assets/res/app/union/patrol/property/element1_01.png	game resource	游戏 UI、场景、图标或玩法资源
assets/res/app/union/patrol/property/element1_02.png	game resource	游戏 UI、场景、图标或玩法资源
assets/res/app/union/patrol/property/element2_01.png	game resource	游戏 UI、场景、图标或玩法资源
assets/res/app/union/patrol/property/element2_02.png	game resource	游戏 UI、场景、图标或玩法资源
assets/res/app/union/patrol/property/element3_01.png	game resource	游戏 UI、场景、图标或玩法资源
assets/res/app/union/patrol/property/element3_02.png	game resource	游戏 UI、场景、图标或玩法资源
assets/res/app/union/patrol/property/element4_01.png	game resource	游戏 UI、场景、图标或玩法资源
assets/res/app/union/patrol/property/element4_02.png	game resource	游戏 UI、场景、图标或玩法资源
assets/res/app/union/patrol/property/element5_01.png	game resource	游戏 UI、场景、图标或玩法资源
assets/res/app/union/patrol/property/element5_02.png	game resource	游戏 UI、场景、图标或玩法资源
assets/res/app/union/patrol/property/level_01.png	game resource	游戏 UI、场景、图标或玩法资源
assets/res/app/union/patrol/property/level_02.png	game resource	游戏 UI、场景、图标或玩法资源
assets/res/app/union/patrol/property/quality3_01.png	game resource	游戏 UI、场景、图标或玩法资源
assets/res/app/union/patrol/property/quality3_02.png	game resource	游戏 UI、场景、图标或玩法资源
assets/res/app/union/patrol/property/quality4_01.png	game resource	游戏 UI、场景、图标或玩法资源
assets/res/app/union/patrol/property/quality4_02.png	game resource	游戏 UI、场景、图标或玩法资源
assets/res/app/union/patrol/property/quality5_01.png	game resource	游戏 UI、场景、图标或玩法资源
assets/res/app/union/patrol/property/quality5_02.png	game resource	游戏 UI、场景、图标或玩法资源
assets/res/app/union/patrol/property/quality6_01.png	game resource	游戏 UI、场景、图标或玩法资源
assets/res/app/union/patrol/property/quality6_02.png	game resource	游戏 UI、场景、图标或玩法资源
assets/res/app/union/patrol/property/rebel0_01.png	game resource	游戏 UI、场景、图标或玩法资源
assets/res/app/union/patrol/property/rebel0_02.png	game resource	游戏 UI、场景、图标或玩法资源
assets/res/app/union/patrol/property/rebel1_01.png	game resource	游戏 UI、场景、图标或玩法资源
assets/res/app/union/patrol/property/rebel1_02.png	game resource	游戏 UI、场景、图标或玩法资源
assets/res/app/union/patrol/property/sex1_01.png	game resource	游戏 UI、场景、图标或玩法资源
assets/res/app/union/patrol/property/sex1_02.png	game resource	游戏 UI、场景、图标或玩法资源
assets/res/app/union/patrol/property/sex2_01.png	game resource	游戏 UI、场景、图标或玩法资源
assets/res/app/union/patrol/property/sex2_02.png	game resource	游戏 UI、场景、图标或玩法资源
assets/res/app/union/patrol/property/star_01.png	game resource	游戏 UI、场景、图标或玩法资源
assets/res/app/union/patrol/property/star_02.png	game resource	游戏 UI、场景、图标或玩法资源
assets/res/app/union/patrol/property/symbol1_01.png	game resource	游戏 UI、场景、图标或玩法资源
assets/res/app/union/patrol/property/symbol1_02.png	game resource	游戏 UI、场景、图标或玩法资源
assets/res/app/union/patrol/property/symbol2_01.png	game resource	游戏 UI、场景、图标或玩法资源
assets/res/app/union/patrol/property/symbol2_02.png	game resource	游戏 UI、场景、图标或玩法资源
assets/res/app/union/patrol/property/symbol3_01.png	game resource	游戏 UI、场景、图标或玩法资源
assets/res/app/union/patrol/property/symbol3_02.png	game resource	游戏 UI、场景、图标或玩法资源
assets/res/app/union/patrol/property/symbol4_01.png	game resource	游戏 UI、场景、图标或玩法资源
assets/res/app/union/patrol/property/symbol4_02.png	game resource	游戏 UI、场景、图标或玩法资源
assets/res/app/union/patrol/property/symbol5_01.png	game resource	游戏 UI、场景、图标或玩法资源
assets/res/app/union/patrol/property/symbol5_02.png	game resource	游戏 UI、场景、图标或玩法资源
assets/res/app/union/pic_tang.png	game resource	游戏 UI、场景、图标或玩法资源
assets/res/app/union/shop_bought.png	game resource	游戏 UI、场景、图标或玩法资源
assets/res/app/union/shop_lock.png	game resource	游戏 UI、场景、图标或玩法资源
assets/res/app/union/title.png	game resource	游戏 UI、场景、图标或玩法资源
assets/res/app/union/title6.png	game resource	游戏 UI、场景、图标或玩法资源
assets/res/app/union/title_apply.png	game resource	游戏 UI、场景、图标或玩法资源
assets/res/app/union/title_appoint.png	game resource	游戏 UI、场景、图标或玩法资源
assets/res/app/union/title_create.png	game resource	游戏 UI、场景、图标或玩法资源
assets/res/app/union/title_disband.png	game resource	游戏 UI、场景、图标或玩法资源
assets/res/app/union/title_leader.png	game resource	游戏 UI、场景、图标或玩法资源
assets/res/app/union/title_member.png	game resource	游戏 UI、场景、图标或玩法资源
assets/res/app/union/title_notice.png	game resource	游戏 UI、场景、图标或玩法资源
assets/res/app/union/title_quit.png	game resource	游戏 UI、场景、图标或玩法资源
assets/res/app/union/ui_union_apply.plist	game resource	游戏 UI、场景、图标或玩法资源
assets/res/app/union/ui_union_apply.png	game resource	游戏 UI、场景、图标或玩法资源
assets/res/app/update/bar.png	game resource	游戏 UI、场景、图标或玩法资源
assets/res/app/update/bar_bg.png	game resource	游戏 UI、场景、图标或玩法资源
assets/res/app/update/bg.png	game resource	游戏 UI、场景、图标或玩法资源
assets/res/app/upgrade/back.png	game resource	游戏 UI、场景、图标或玩法资源
assets/res/app/upgrade/bar_bg.png	game resource	游戏 UI、场景、图标或玩法资源
assets/res/app/upgrade/bar_pro.png	game resource	游戏 UI、场景、图标或玩法资源
assets/res/app/upgrade/blink1.png	game resource	游戏 UI、场景、图标或玩法资源
assets/res/app/upgrade/break_bg.png	game resource	游戏 UI、场景、图标或玩法资源
assets/res/app/upgrade/break_tip.png	game resource	游戏 UI、场景、图标或玩法资源
assets/res/app/upgrade/break_tx.plist	game resource	游戏 UI、场景、图标或玩法资源
assets/res/app/upgrade/break_tx.png	game resource	游戏 UI、场景、图标或玩法资源
assets/res/app/upgrade/break_tx1.plist	game resource	游戏 UI、场景、图标或玩法资源
assets/res/app/upgrade/break_tx1.png	game resource	游戏 UI、场景、图标或玩法资源
assets/res/app/upgrade/break_tx2.plist	game resource	游戏 UI、场景、图标或玩法资源
assets/res/app/upgrade/break_tx2.png	game resource	游戏 UI、场景、图标或玩法资源
assets/res/app/upgrade/break_tx3.plist	game resource	游戏 UI、场景、图标或玩法资源
assets/res/app/upgrade/break_tx3.png	game resource	游戏 UI、场景、图标或玩法资源
assets/res/app/upgrade/break_tx4.plist	game resource	游戏 UI、场景、图标或玩法资源
assets/res/app/upgrade/break_tx4.png	game resource	游戏 UI、场景、图标或玩法资源
assets/res/app/upgrade/break_tx5.plist	game resource	游戏 UI、场景、图标或玩法资源
assets/res/app/upgrade/break_tx5.png	game resource	游戏 UI、场景、图标或玩法资源
assets/res/app/upgrade/btn_break.png	game resource	游戏 UI、场景、图标或玩法资源
assets/res/app/upgrade/btn_break1.png	game resource	游戏 UI、场景、图标或玩法资源
assets/res/app/upgrade/btn_break2.png	game resource	游戏 UI、场景、图标或玩法资源
assets/res/app/upgrade/ce_label.png	game resource	游戏 UI、场景、图标或玩法资源
assets/res/app/upgrade/common_frame.png	game resource	游戏 UI、场景、图标或玩法资源
assets/res/app/upgrade/cost_frame.png	game resource	游戏 UI、场景、图标或玩法资源
assets/res/app/upgrade/essence_label.png	game resource	游戏 UI、场景、图标或玩法资源
assets/res/app/upgrade/fate_bg1.png	game resource	游戏 UI、场景、图标或玩法资源
assets/res/app/upgrade/fate_bg2.png	game resource	游戏 UI、场景、图标或玩法资源
assets/res/app/upgrade/frame_red.png	game resource	游戏 UI、场景、图标或玩法资源
assets/res/app/upgrade/icon_frame.png	game resource	游戏 UI、场景、图标或玩法资源
assets/res/app/upgrade/icon_frame1.png	game resource	游戏 UI、场景、图标或玩法资源
assets/res/app/upgrade/icon_skillbook_n.png	game resource	游戏 UI、场景、图标或玩法资源
assets/res/app/upgrade/icon_skillbook_p.png	game resource	游戏 UI、场景、图标或玩法资源
assets/res/app/upgrade/img_check box_00.png	game resource	游戏 UI、场景、图标或玩法资源
assets/res/app/upgrade/img_selected.png	game resource	游戏 UI、场景、图标或玩法资源
assets/res/app/upgrade/info_bg.png	game resource	游戏 UI、场景、图标或玩法资源
assets/res/app/upgrade/level0.png	game resource	游戏 UI、场景、图标或玩法资源
assets/res/app/upgrade/level1.png	game resource	游戏 UI、场景、图标或玩法资源
assets/res/app/upgrade/level2.png	game resource	游戏 UI、场景、图标或玩法资源
assets/res/app/upgrade/level3.png	game resource	游戏 UI、场景、图标或玩法资源
assets/res/app/upgrade/level4.png	game resource	游戏 UI、场景、图标或玩法资源
assets/res/app/upgrade/level5.png	game resource	游戏 UI、场景、图标或玩法资源
assets/res/app/upgrade/light.png	game resource	游戏 UI、场景、图标或玩法资源
assets/res/app/upgrade/light1.png	game resource	游戏 UI、场景、图标或玩法资源
assets/res/app/upgrade/line.png	game resource	游戏 UI、场景、图标或玩法资源
assets/res/app/upgrade/line_down.png	game resource	游戏 UI、场景、图标或玩法资源
assets/res/app/upgrade/line_up.png	game resource	游戏 UI、场景、图标或玩法资源
assets/res/app/upgrade/list_bg.png	game resource	游戏 UI、场景、图标或玩法资源
assets/res/app/upgrade/lock.png	game resource	游戏 UI、场景、图标或玩法资源
assets/res/app/upgrade/mark.png	game resource	游戏 UI、场景、图标或玩法资源
assets/res/app/upgrade/meditation.png	game resource	游戏 UI、场景、图标或玩法资源
assets/res/app/upgrade/meditation1.png	game resource	游戏 UI、场景、图标或玩法资源
assets/res/app/upgrade/name_frame.png	game resource	游戏 UI、场景、图标或玩法资源
assets/res/app/upgrade/num_label.png	game resource	游戏 UI、场景、图标或玩法资源
assets/res/app/upgrade/num_label1.png	game resource	游戏 UI、场景、图标或玩法资源
assets/res/app/upgrade/star0.png	game resource	游戏 UI、场景、图标或玩法资源
assets/res/app/upgrade/star1.png	game resource	游戏 UI、场景、图标或玩法资源
assets/res/app/upgrade/star2.png	game resource	游戏 UI、场景、图标或玩法资源
assets/res/app/upgrade/star3.png	game resource	游戏 UI、场景、图标或玩法资源
assets/res/app/upgrade/star4.png	game resource	游戏 UI、场景、图标或玩法资源
assets/res/app/upgrade/star5.png	game resource	游戏 UI、场景、图标或玩法资源
assets/res/app/upgrade/tip1.png	game resource	游戏 UI、场景、图标或玩法资源
assets/res/app/upgrade/title1.png	game resource	游戏 UI、场景、图标或玩法资源
assets/res/app/upgrade/title2.png	game resource	游戏 UI、场景、图标或玩法资源
assets/res/app/upgrade/title_meditation.png	game resource	游戏 UI、场景、图标或玩法资源
assets/res/app/upgrade/to.png	game resource	游戏 UI、场景、图标或玩法资源
assets/res/app/upgrade/up.png	game resource	游戏 UI、场景、图标或玩法资源
assets/res/app/upgrade/up1.png	game resource	游戏 UI、场景、图标或玩法资源
assets/res/app/user_center/bar_bg.png	game resource	游戏 UI、场景、图标或玩法资源
assets/res/app/user_center/bar_pro.png	game resource	游戏 UI、场景、图标或玩法资源
assets/res/app/user_center/bg.png	game resource	游戏 UI、场景、图标或玩法资源
assets/res/app/user_center/btn_tab1.png	game resource	游戏 UI、场景、图标或玩法资源
assets/res/app/user_center/btn_tab1_h.png	game resource	游戏 UI、场景、图标或玩法资源
assets/res/app/user_center/btn_tab2.png	game resource	游戏 UI、场景、图标或玩法资源
assets/res/app/user_center/btn_tab2_h.png	game resource	游戏 UI、场景、图标或玩法资源
assets/res/app/user_center/btn_tab3.png	game resource	游戏 UI、场景、图标或玩法资源
assets/res/app/user_center/btn_tab3_h.png	game resource	游戏 UI、场景、图标或玩法资源
assets/res/app/user_center/btn_tab4.png	game resource	游戏 UI、场景、图标或玩法资源
assets/res/app/user_center/btn_tab4_h.png	game resource	游戏 UI、场景、图标或玩法资源
assets/res/app/user_center/dice.png	game resource	游戏 UI、场景、图标或玩法资源
assets/res/app/user_center/frame.png	game resource	游戏 UI、场景、图标或玩法资源
assets/res/app/user_center/icon_frame.png	game resource	游戏 UI、场景、图标或玩法资源
assets/res/app/user_center/icon_title.png	game resource	游戏 UI、场景、图标或玩法资源
assets/res/app/user_center/icon_title1.png	game resource	游戏 UI、场景、图标或玩法资源
assets/res/app/user_center/icon_title2.png	game resource	游戏 UI、场景、图标或玩法资源
assets/res/app/user_center/icon_title3.png	game resource	游戏 UI、场景、图标或玩法资源
assets/res/app/user_center/label_ce.png	game resource	游戏 UI、场景、图标或玩法资源
assets/res/app/user_center/label_energy.png	game resource	游戏 UI、场景、图标或玩法资源
assets/res/app/user_center/mark1.png	game resource	游戏 UI、场景、图标或玩法资源
assets/res/app/user_center/mark2.png	game resource	游戏 UI、场景、图标或玩法资源
assets/res/app/user_center/mark3.png	game resource	游戏 UI、场景、图标或玩法资源
assets/res/app/user_center/mark4.png	game resource	游戏 UI、场景、图标或玩法资源
assets/res/app/user_center/phone.png	game resource	游戏 UI、场景、图标或玩法资源
assets/res/app/user_center/pic_about.png	game resource	游戏 UI、场景、图标或玩法资源
assets/res/app/user_center/pic_about_noqq.png	game resource	游戏 UI、场景、图标或玩法资源
assets/res/app/user_center/pic_cimelia.png	game resource	游戏 UI、场景、图标或玩法资源
assets/res/app/user_center/pic_cimelia1.png	game resource	游戏 UI、场景、图标或玩法资源
assets/res/app/user_center/pic_skill.png	game resource	游戏 UI、场景、图标或玩法资源
assets/res/app/user_center/pic_skill1.png	game resource	游戏 UI、场景、图标或玩法资源
assets/res/app/user_center/pic_summon.png	game resource	游戏 UI、场景、图标或玩法资源
assets/res/app/user_center/pic_summon1.png	game resource	游戏 UI、场景、图标或玩法资源
assets/res/app/user_center/pic_treasure.png	game resource	游戏 UI、场景、图标或玩法资源
assets/res/app/user_center/pic_treasure1.png	game resource	游戏 UI、场景、图标或玩法资源
assets/res/app/user_center/pic_upgrade.png	game resource	游戏 UI、场景、图标或玩法资源
assets/res/app/user_center/pic_upgrade1.png	game resource	游戏 UI、场景、图标或玩法资源
assets/res/app/user_center/setting_close.png	game resource	游戏 UI、场景、图标或玩法资源
assets/res/app/user_center/setting_open.png	game resource	游戏 UI、场景、图标或玩法资源
assets/res/app/user_center/text.png	game resource	游戏 UI、场景、图标或玩法资源
assets/res/app/user_center/text_name.png	game resource	游戏 UI、场景、图标或玩法资源
assets/res/app/user_center/vip.png	game resource	游戏 UI、场景、图标或玩法资源
assets/res/app/user_center/vip_tx.plist	game resource	游戏 UI、场景、图标或玩法资源
assets/res/app/user_center/vip_tx.png	game resource	游戏 UI、场景、图标或玩法资源
assets/res/app/war_result/bg.png	game resource	游戏 UI、场景、图标或玩法资源
assets/res/app/war_result/down.png	game resource	游戏 UI、场景、图标或玩法资源
assets/res/app/war_result/fail.png	game resource	游戏 UI、场景、图标或玩法资源
assets/res/app/war_result/fail_str.png	game resource	游戏 UI、场景、图标或玩法资源
assets/res/app/war_result/frame.png	game resource	游戏 UI、场景、图标或玩法资源
assets/res/app/war_result/halo.png	game resource	游戏 UI、场景、图标或玩法资源
assets/res/app/war_result/halo1.png	game resource	游戏 UI、场景、图标或玩法资源
assets/res/app/war_result/light.png	game resource	游戏 UI、场景、图标或玩法资源
assets/res/app/war_result/lose.png	game resource	游戏 UI、场景、图标或玩法资源
assets/res/app/war_result/null_icon.png	game resource	游戏 UI、场景、图标或玩法资源
assets/res/app/war_result/record.png	game resource	游戏 UI、场景、图标或玩法资源
assets/res/app/war_result/spirit_str.png	game resource	游戏 UI、场景、图标或玩法资源
assets/res/app/war_result/star.png	game resource	游戏 UI、场景、图标或玩法资源
assets/res/app/war_result/star_gray.png	game resource	游戏 UI、场景、图标或玩法资源
assets/res/app/war_result/tip_line.png	game resource	游戏 UI、场景、图标或玩法资源
assets/res/app/war_result/up.png	game resource	游戏 UI、场景、图标或玩法资源
assets/res/app/war_result/upgrade_title.png	game resource	游戏 UI、场景、图标或玩法资源
assets/res/app/war_result/war_time.png	game resource	游戏 UI、场景、图标或玩法资源
assets/res/app/wiki/bg.png	game resource	游戏 UI、场景、图标或玩法资源
assets/res/app/wiki/btn_all_n.png	game resource	游戏 UI、场景、图标或玩法资源
assets/res/app/wiki/btn_all_s.png	game resource	游戏 UI、场景、图标或玩法资源
assets/res/app/wiki/btn_buddha_n.png	game resource	游戏 UI、场景、图标或玩法资源
assets/res/app/wiki/btn_buddha_s.png	game resource	游戏 UI、场景、图标或玩法资源
assets/res/app/wiki/btn_monster_n.png	game resource	游戏 UI、场景、图标或玩法资源
assets/res/app/wiki/btn_monster_s.png	game resource	游戏 UI、场景、图标或玩法资源
assets/res/app/wiki/q0.png	game resource	游戏 UI、场景、图标或玩法资源
assets/res/uikit/LayerTestCCB.ccbi	asset	随 APK 打包资源
assets/res/uikit/demo_bg.jpg	asset	随 APK 打包资源
assets/res/uikit/demo_fish.plist	asset	随 APK 打包资源
assets/res/uikit/demo_fish.png	asset	随 APK 打包资源
assets/res/uikit/demo_fish.sam	asset	随 APK 打包资源
assets/res/uikit/demo_fish2.png	asset	随 APK 打包资源
assets/res/uikit/demo_fish2_nm.png	asset	随 APK 打包资源
assets/res/uikit/demo_light.png	asset	随 APK 打包资源
assets/res/uikit/demo_light2.png	asset	随 APK 打包资源
assets/res/uikit/dy_sheet_uikit.plist	asset	随 APK 打包资源
assets/res/uikit/dy_sheet_uikit.png	asset	随 APK 打包资源
assets/res/uikit/ensNodeLaser.fsh	asset	随 APK 打包资源
assets/res/uikit/ensNodeShadow.fsh	asset	随 APK 打包资源
assets/res/uikit/ensNodeShadowRoot.fsh	asset	随 APK 打包资源
assets/res/uikit/ensSpriteBreak.fsh	asset	随 APK 打包资源
assets/res/uikit/ensSpriteBreak.vsh	asset	随 APK 打包资源
assets/res/uikit/ensSpriteGhostFilterX.fsh	asset	随 APK 打包资源
assets/res/uikit/ensSpriteGhostFilterY.fsh	asset	随 APK 打包资源
assets/res/uikit/ensSpriteHSL.fsh	asset	随 APK 打包资源
assets/res/uikit/ensSpriteLightning.fsh	asset	随 APK 打包资源
assets/res/uikit/ensSpriteLightning.vsh	asset	随 APK 打包资源
assets/res/uikit/ensSpriteNM.fsh	asset	随 APK 打包资源
assets/res/uikit/ensSpriteTail.fsh	asset	随 APK 打包资源
assets/res/uikit/ensSpriteTail.vsh	asset	随 APK 打包资源
assets/res/uikit/gf_default.fnt	asset	随 APK 打包资源
assets/res/uikit/gf_default.png	asset	随 APK 打包资源
assets/res/uikit/gi_laser_light.png	asset	随 APK 打包资源
assets/res/uikit/gi_laser_mask.png	asset	随 APK 打包资源
assets/res/uikit/gi_laser_mask2.png	asset	随 APK 打包资源
assets/res/uikit/gi_laser_noise.png	asset	随 APK 打包资源
assets/res/uikit/gi_laser_noise2.png	asset	随 APK 打包资源
assets/res/uikit/gi_light_fin.png	asset	随 APK 打包资源
assets/res/uikit/gi_lightning_seg.png	asset	随 APK 打包资源
assets/res/uikit/gi_logo.png	asset	随 APK 打包资源
assets/res/uikit/gi_trans.png	asset	随 APK 打包资源
assets/src.zip	lua payload	加密 Lua 字节码和脚本资源
res/anim/snowfish_floating_menu_in.xml	apk entry	APK ZIP 条目
res/anim/snowfish_floating_menu_out.xml	apk entry	APK ZIP 条目
res/drawable-hdpi-v4/account_login.png	apk entry	APK ZIP 条目
res/drawable-hdpi-v4/account_register.png	apk entry	APK ZIP 条目
res/drawable-hdpi-v4/back_btn.png	apk entry	APK ZIP 条目
res/drawable-hdpi-v4/bind_email.png	apk entry	APK ZIP 条目
res/drawable-hdpi-v4/buoy_menu_bg.png	apk entry	APK ZIP 条目
res/drawable-hdpi-v4/clear.png	apk entry	APK ZIP 条目
res/drawable-hdpi-v4/dot.png	apk entry	APK ZIP 条目
res/drawable-hdpi-v4/dysdk_btn_01.png	apk entry	APK ZIP 条目
res/drawable-hdpi-v4/dysdk_btn_02.png	apk entry	APK ZIP 条目
res/drawable-hdpi-v4/dysdk_btn_03.png	apk entry	APK ZIP 条目
res/drawable-hdpi-v4/dysdk_btn_back.png	apk entry	APK ZIP 条目
res/drawable-hdpi-v4/dysdk_btn_code_01.png	apk entry	APK ZIP 条目
res/drawable-hdpi-v4/dysdk_btn_code_02.png	apk entry	APK ZIP 条目
res/drawable-hdpi-v4/dysdk_icon_account.png	apk entry	APK ZIP 条目
res/drawable-hdpi-v4/dysdk_icon_alipay.png	apk entry	APK ZIP 条目
res/drawable-hdpi-v4/dysdk_icon_code.png	apk entry	APK ZIP 条目
res/drawable-hdpi-v4/dysdk_icon_masked.png	apk entry	APK ZIP 条目
res/drawable-hdpi-v4/dysdk_icon_password.png	apk entry	APK ZIP 条目
res/drawable-hdpi-v4/dysdk_icon_tel.png	apk entry	APK ZIP 条目
res/drawable-hdpi-v4/dysdk_icon_unmasked.png	apk entry	APK ZIP 条目
res/drawable-hdpi-v4/dysdk_icon_wechat.png	apk entry	APK ZIP 条目
res/drawable-hdpi-v4/dysdk_img_bottom.png	apk entry	APK ZIP 条目
res/drawable-hdpi-v4/dysdk_img_bottom_02.png	apk entry	APK ZIP 条目
res/drawable-hdpi-v4/dysdk_img_input.png	apk entry	APK ZIP 条目
res/drawable-hdpi-v4/email_register.png	apk entry	APK ZIP 条目
res/drawable-hdpi-v4/find_password.png	apk entry	APK ZIP 条目
res/drawable-hdpi-v4/float_icon_left.png	apk entry	APK ZIP 条目
res/drawable-hdpi-v4/float_icon_right.png	apk entry	APK ZIP 条目
res/drawable-hdpi-v4/hotspot.png	apk entry	APK ZIP 条目
res/drawable-hdpi-v4/icon.png	apk entry	APK ZIP 条目
res/drawable-hdpi-v4/left_btn_bg.png	apk entry	APK ZIP 条目
res/drawable-hdpi-v4/more_btn_bg.png	apk entry	APK ZIP 条目
res/drawable-hdpi-v4/more_btn_fg.png	apk entry	APK ZIP 条目
res/drawable-hdpi-v4/personal_icon.png	apk entry	APK ZIP 条目
res/drawable-hdpi-v4/progress_icon.png	apk entry	APK ZIP 条目
res/drawable-hdpi-v4/register_success.png	apk entry	APK ZIP 条目
res/drawable-hdpi-v4/reset_password.png	apk entry	APK ZIP 条目
res/drawable-hdpi-v4/right_btn_bg.png	apk entry	APK ZIP 条目
res/drawable-hdpi-v4/service_icon.png	apk entry	APK ZIP 条目
res/drawable-hdpi-v4/snowfish_account_binding.png	apk entry	APK ZIP 条目
res/drawable-hdpi-v4/snowfish_arrow_back.png	apk entry	APK ZIP 条目
res/drawable-hdpi-v4/snowfish_arrow_right.png	apk entry	APK ZIP 条目
res/drawable-hdpi-v4/snowfish_default_header.png	apk entry	APK ZIP 条目
res/drawable-hdpi-v4/snowfish_default_header3.png	apk entry	APK ZIP 条目
res/drawable-hdpi-v4/snowfish_info.png	apk entry	APK ZIP 条目
res/drawable-hdpi-v4/snowfish_modifypwd.png	apk entry	APK ZIP 条目
res/drawable-hdpi-v4/snowfish_ucenter_title_bg.jpg	apk entry	APK ZIP 条目
res/drawable-hdpi-v4/title_bg.9.png	apk entry	APK ZIP 条目
res/drawable-hdpi-v4/user_server.png	apk entry	APK ZIP 条目
res/drawable-ldpi-v4/icon.png	apk entry	APK ZIP 条目
res/drawable-mdpi-v4/icon.png	apk entry	APK ZIP 条目
res/drawable-xhdpi-v4/icon.png	apk entry	APK ZIP 条目
res/drawable-xxhdpi-v4/icon.png	apk entry	APK ZIP 条目
res/drawable/btn_text_selector.xml	apk entry	APK ZIP 条目
res/drawable/dialog_shape.xml	apk entry	APK ZIP 条目
res/drawable/dy_icon_alipay.png	apk entry	APK ZIP 条目
res/drawable/dy_icon_wechat.png	apk entry	APK ZIP 条目
res/drawable/dysdk_cb_pass_selector.xml	apk entry	APK ZIP 条目
res/drawable/icon.png	apk entry	APK ZIP 条目
res/drawable/icon_channel.png	apk entry	APK ZIP 条目
res/drawable/input_shape.xml	apk entry	APK ZIP 条目
res/drawable/invalid_phone_number_shape.xml	apk entry	APK ZIP 条目
res/drawable/progressbar_shape.xml	apk entry	APK ZIP 条目
res/drawable/tab_menu_style.xml	apk entry	APK ZIP 条目
res/layout-v11/dysdk_user_reg_dialog.xml	apk entry	APK ZIP 条目
res/layout-v12/dysdk_login_input_dialog.xml	apk entry	APK ZIP 条目
res/layout-v12/dysdk_login_input_dialog2.xml	apk entry	APK ZIP 条目
res/layout-v12/dysdk_user_reg_dialog.xml	apk entry	APK ZIP 条目
res/layout-v12/dysdk_user_reg_dialog2.xml	apk entry	APK ZIP 条目
res/layout/dy_main.xml	apk entry	APK ZIP 条目
res/layout/dy_pay_main2.xml	apk entry	APK ZIP 条目
res/layout/dysdk_auto_login.xml	apk entry	APK ZIP 条目
res/layout/dysdk_demo.xml	apk entry	APK ZIP 条目
res/layout/dysdk_login_input_dialog.xml	apk entry	APK ZIP 条目
res/layout/dysdk_login_input_dialog2.xml	apk entry	APK ZIP 条目
res/layout/dysdk_pay_main.xml	apk entry	APK ZIP 条目
res/layout/dysdk_user_reg_dialog.xml	apk entry	APK ZIP 条目
res/layout/dysdk_user_reg_dialog2.xml	apk entry	APK ZIP 条目
resources.arsc	android resources	Android 资源索引
classes.dex	dex	Java/Android 平台层和 SDK
lib/armeabi/libbdpush_V2_3.so	native library	ARM native 库
lib/armeabi/libcocos2dlua.so	native library	ARM native 库
META-INF/MANIFEST.MF	signature metadata	APK 签名/打包元数据
META-INF/CERT.SF	signature metadata	APK 签名/打包元数据
META-INF/CERT.RSA	signature metadata	APK 签名/打包元数据
